DriverNumber,BroadcastName,FullName,Abbreviation,TeamName,GridPosition,Position,Points,Status,Q1,Q2,Q3,Time,Season,Round,EventName,DidFinish,Podium,Win,RecentAvgFinish,RecentAvgGrid,RecentAvgPoints,RecentDNFRate,TeamRecentAvgPoints,TrackHistoryAvgFinish
14,F ALONSO,Fernando Alonso,ALO,Alpine,9.0,19.0,0.0,Brakes,,,,,2021,1,Bahrain Grand Prix,0,0,0,,,,,,
77,V BOTTAS,Valtteri Bottas,BOT,Mercedes,3.0,3.0,16.0,Finished,,,,0 days 00:00:37.383000,2021,1,Bahrain Grand Prix,1,1,0,,,,,,
10,P GASLY,Pierre Gasly,GAS,AlphaTauri,5.0,17.0,0.0,Retired,,,,,2021,1,Bahrain Grand Prix,0,0,0,,,,,,
99,A GIOVINAZZI,Antonio Giovinazzi,GIO,Alfa Romeo Racing,12.0,12.0,0.0,+1 Lap,,,,,2021,1,Bahrain Grand Prix,1,0,0,,,,,,
44,L HAMILTON,Lewis Hamilton,HAM,Mercedes,2.0,1.0,25.0,Finished,,,,0 days 01:32:03.897000,2021,1,Bahrain Grand Prix,1,1,1,,,,,16.0,
6,N LATIFI,Nicholas Latifi,LAT,Williams,17.0,18.0,0.0,Retired,,,,,2021,1,Bahrain Grand Prix,0,0,0,,,,,,
16,C LECLERC,Charles Leclerc,LEC,Ferrari,4.0,6.0,8.0,Finished,,,,0 days 00:00:59.090000,2021,1,Bahrain Grand Prix,1,0,0,,,,,,
9,N MAZEPIN,Nikita Mazepin,MAZ,Haas F1 Team,19.0,20.0,0.0,Accident,,,,,2021,1,Bahrain Grand Prix,0,0,0,,,,,,
47,M SCHUMACHER,Mick Schumacher,MSC,Haas F1 Team,18.0,16.0,0.0,+1 Lap,,,,,2021,1,Bahrain Grand Prix,1,0,0,,,,,0.0,
4,L NORRIS,Lando Norris,NOR,McLaren,7.0,4.0,12.0,Finished,,,,0 days 00:00:46.466000,2021,1,Bahrain Grand Prix,1,0,0,,,,,,
31,E OCON,Esteban Ocon,OCO,Alpine,16.0,13.0,0.0,+1 Lap,,,,,2021,1,Bahrain Grand Prix,1,0,0,,,,,0.0,
11,S PEREZ,Sergio Perez,PER,Red Bull Racing,0.0,5.0,10.0,Finished,,,,0 days 00:00:52.047000,2021,1,Bahrain Grand Prix,1,0,0,,,,,,
7,K RAIKKONEN,Kimi Räikkönen,RAI,Alfa Romeo Racing,14.0,11.0,0.0,Finished,,,,0 days 00:01:28.864000,2021,1,Bahrain Grand Prix,1,0,0,,,,,0.0,
3,D RICCIARDO,Daniel Ricciardo,RIC,McLaren,6.0,7.0,6.0,Finished,,,,0 days 00:01:06.004000,2021,1,Bahrain Grand Prix,1,0,0,,,,,12.0,
63,G RUSSELL,George Russell,RUS,Williams,15.0,14.0,0.0,+1 Lap,,,,,2021,1,Bahrain Grand Prix,1,0,0,,,,,0.0,
55,C SAINZ,Carlos Sainz,SAI,Ferrari,8.0,8.0,4.0,Finished,,,,0 days 00:01:07.100000,2021,1,Bahrain Grand Prix,1,0,0,,,,,8.0,
18,L STROLL,Lance Stroll,STR,Aston Martin,10.0,10.0,1.0,Finished,,,,0 days 00:01:26.713000,2021,1,Bahrain Grand Prix,1,0,0,,,,,,
22,Y TSUNODA,Yuki Tsunoda,TSU,AlphaTauri,13.0,9.0,2.0,Finished,,,,0 days 00:01:25.692000,2021,1,Bahrain Grand Prix,1,0,0,,,,,0.0,
33,M VERSTAPPEN,Max Verstappen,VER,Red Bull Racing,1.0,2.0,18.0,Finished,,,,0 days 00:00:00.745000,2021,1,Bahrain Grand Prix,1,1,0,,,,,10.0,
5,S VETTEL,Sebastian Vettel,VET,Aston Martin,20.0,15.0,0.0,+1 Lap,,,,,2021,1,Bahrain Grand Prix,1,0,0,,,,,1.0,
14,F ALONSO,Fernando Alonso,ALO,Alpine,15.0,10.0,1.0,Finished,,,,0 days 00:01:06.561000,2021,2,Emilia Romagna Grand Prix,1,0,0,19.0,9.0,0.0,1.0,0.0,
77,V BOTTAS,Valtteri Bottas,BOT,Mercedes,8.0,18.0,0.0,Collision,,,,,2021,2,Emilia Romagna Grand Prix,0,0,0,3.0,3.0,16.0,0.0,20.5,
10,P GASLY,Pierre Gasly,GAS,AlphaTauri,5.0,7.0,6.0,Finished,,,,0 days 00:00:52.818000,2021,2,Emilia Romagna Grand Prix,1,0,0,17.0,5.0,0.0,1.0,1.0,
99,A GIOVINAZZI,Antonio Giovinazzi,GIO,Alfa Romeo Racing,17.0,14.0,0.0,+1 Lap,,,,,2021,2,Emilia Romagna Grand Prix,1,0,0,12.0,12.0,0.0,0.0,0.0,
44,L HAMILTON,Lewis Hamilton,HAM,Mercedes,1.0,2.0,19.0,Finished,,,,0 days 00:00:22,2021,2,Emilia Romagna Grand Prix,1,1,0,1.0,2.0,25.0,0.0,13.666666666666666,
6,N LATIFI,Nicholas Latifi,LAT,Williams,14.0,20.0,0.0,Collision,,,,,2021,2,Emilia Romagna Grand Prix,0,0,0,18.0,17.0,0.0,1.0,0.0,
16,C LECLERC,Charles Leclerc,LEC,Ferrari,4.0,4.0,12.0,Finished,,,,0 days 00:00:25.579000,2021,2,Emilia Romagna Grand Prix,1,0,0,6.0,4.0,8.0,0.0,6.0,
9,N MAZEPIN,Nikita Mazepin,MAZ,Haas F1 Team,19.0,17.0,0.0,+2 Laps,,,,,2021,2,Emilia Romagna Grand Prix,1,0,0,20.0,19.0,0.0,1.0,0.0,
47,M SCHUMACHER,Mick Schumacher,MSC,Haas F1 Team,18.0,16.0,0.0,+2 Laps,,,,,2021,2,Emilia Romagna Grand Prix,1,0,0,16.0,18.0,0.0,0.0,0.0,
4,L NORRIS,Lando Norris,NOR,McLaren,7.0,3.0,15.0,Finished,,,,0 days 00:00:23.702000,2021,2,Emilia Romagna Grand Prix,1,1,0,4.0,7.0,12.0,0.0,9.0,
31,E OCON,Esteban Ocon,OCO,Alpine,9.0,9.0,2.0,Finished,,,,0 days 00:01:05.704000,2021,2,Emilia Romagna Grand Prix,1,0,0,13.0,16.0,0.0,0.0,0.3333333333333333,
11,S PEREZ,Sergio Perez,PER,Red Bull Racing,2.0,11.0,0.0,Finished,,,,0 days 00:01:07.151000,2021,2,Emilia Romagna Grand Prix,1,0,0,5.0,0.0,10.0,0.0,14.0,
7,K RAIKKONEN,Kimi Räikkönen,RAI,Alfa Romeo Racing,16.0,13.0,0.0,Finished,,,,0 days 00:01:34.773000,2021,2,Emilia Romagna Grand Prix,1,0,0,11.0,14.0,0.0,0.0,0.0,
3,D RICCIARDO,Daniel Ricciardo,RIC,McLaren,6.0,6.0,8.0,Finished,,,,0 days 00:00:51.220000,2021,2,Emilia Romagna Grand Prix,1,0,0,7.0,6.0,6.0,0.0,11.0,
63,G RUSSELL,George Russell,RUS,Williams,12.0,19.0,0.0,Collision,,,,,2021,2,Emilia Romagna Grand Prix,0,0,0,14.0,15.0,0.0,0.0,0.0,
55,C SAINZ,Carlos Sainz,SAI,Ferrari,11.0,5.0,10.0,Finished,,,,0 days 00:00:27.036000,2021,2,Emilia Romagna Grand Prix,1,0,0,8.0,8.0,4.0,0.0,8.0,
18,L STROLL,Lance Stroll,STR,Aston Martin,10.0,8.0,4.0,Finished,,,,0 days 00:00:56.909000,2021,2,Emilia Romagna Grand Prix,1,0,0,10.0,10.0,1.0,0.0,0.5,
22,Y TSUNODA,Yuki Tsunoda,TSU,AlphaTauri,20.0,12.0,0.0,Finished,,,,0 days 00:01:13.184000,2021,2,Emilia Romagna Grand Prix,1,0,0,9.0,13.0,2.0,0.0,2.6666666666666665,
33,M VERSTAPPEN,Max Verstappen,VER,Red Bull Racing,3.0,1.0,25.0,Finished,,,,0 days 02:02:34.598000,2021,2,Emilia Romagna Grand Prix,1,1,1,2.0,1.0,18.0,0.0,9.333333333333334,
5,S VETTEL,Sebastian Vettel,VET,Aston Martin,0.0,15.0,0.0,Gearbox,,,,,2021,2,Emilia Romagna Grand Prix,0,0,0,15.0,20.0,0.0,0.0,1.6666666666666667,
14,F ALONSO,Fernando Alonso,ALO,Alpine,13.0,8.0,4.0,Finished,,,,0 days 00:00:01.808000,2021,3,Portuguese Grand Prix,1,0,0,14.5,12.0,0.5,0.5,0.75,
77,V BOTTAS,Valtteri Bottas,BOT,Mercedes,1.0,3.0,16.0,Finished,,,,0 days 00:00:33.530000,2021,3,Portuguese Grand Prix,1,1,0,10.5,5.5,8.0,0.5,15.0,
10,P GASLY,Pierre Gasly,GAS,AlphaTauri,9.0,10.0,1.0,Finished,,,,0 days 00:01:16.463000,2021,3,Portuguese Grand Prix,1,0,0,12.0,5.0,3.0,0.5,2.0,
99,A GIOVINAZZI,Antonio Giovinazzi,GIO,Alfa Romeo Racing,12.0,12.0,0.0,+1 Lap,,,,,2021,3,Portuguese Grand Prix,1,0,0,13.0,14.5,0.0,0.0,0.0,
44,L HAMILTON,Lewis Hamilton,HAM,Mercedes,2.0,1.0,25.0,Finished,,,,0 days 01:34:31.421000,2021,3,Portuguese Grand Prix,1,1,1,1.5,1.5,22.0,0.0,15.2,
6,N LATIFI,Nicholas Latifi,LAT,Williams,18.0,18.0,0.0,+2 Laps,,,,,2021,3,Portuguese Grand Prix,1,0,0,19.0,15.5,0.0,1.0,0.0,
16,C LECLERC,Charles Leclerc,LEC,Ferrari,8.0,6.0,8.0,Finished,,,,0 days 00:00:55.781000,2021,3,Portuguese Grand Prix,1,0,0,5.0,4.0,10.0,0.0,8.5,
9,N MAZEPIN,Nikita Mazepin,MAZ,Haas F1 Team,20.0,19.0,0.0,+2 Laps,,,,,2021,3,Portuguese Grand Prix,1,0,0,18.5,19.0,0.0,0.5,0.0,
47,M SCHUMACHER,Mick Schumacher,MSC,Haas F1 Team,19.0,17.0,0.0,+2 Laps,,,,,2021,3,Portuguese Grand Prix,1,0,0,16.0,18.0,0.0,0.0,0.0,
4,L NORRIS,Lando Norris,NOR,McLaren,7.0,5.0,10.0,Finished,,,,0 days 00:00:51.369000,2021,3,Portuguese Grand Prix,1,0,0,3.5,7.0,13.5,0.0,10.25,
31,E OCON,Esteban Ocon,OCO,Alpine,6.0,7.0,6.0,Finished,,,,0 days 00:01:03.749000,2021,3,Portuguese Grand Prix,1,0,0,11.0,12.5,1.0,0.0,1.4,
11,S PEREZ,Sergio Perez,PER,Red Bull Racing,4.0,4.0,12.0,Finished,,,,0 days 00:00:39.735000,2021,3,Portuguese Grand Prix,1,0,0,8.0,1.0,5.0,0.0,13.25,
7,K RAIKKONEN,Kimi Räikkönen,RAI,Alfa Romeo Racing,15.0,20.0,0.0,Collision damage,,,,,2021,3,Portuguese Grand Prix,0,0,0,12.0,15.0,0.0,0.0,0.0,
3,D RICCIARDO,Daniel Ricciardo,RIC,McLaren,16.0,9.0,2.0,Finished,,,,0 days 00:01:15.369000,2021,3,Portuguese Grand Prix,1,0,0,6.5,6.0,7.0,0.0,10.2,
63,G RUSSELL,George Russell,RUS,Williams,11.0,16.0,0.0,+1 Lap,,,,,2021,3,Portuguese Grand Prix,1,0,0,16.5,13.5,0.0,0.5,0.0,
55,C SAINZ,Carlos Sainz,SAI,Ferrari,5.0,11.0,0.0,Finished,,,,0 days 00:01:18.955000,2021,3,Portuguese Grand Prix,1,0,0,6.5,9.5,7.0,0.0,8.4,
18,L STROLL,Lance Stroll,STR,Aston Martin,17.0,14.0,0.0,+1 Lap,,,,,2021,3,Portuguese Grand Prix,1,0,0,9.0,10.0,2.5,0.0,1.25,
22,Y TSUNODA,Yuki Tsunoda,TSU,AlphaTauri,14.0,15.0,0.0,+1 Lap,,,,,2021,3,Portuguese Grand Prix,1,0,0,10.5,16.5,1.0,0.0,1.8,
33,M VERSTAPPEN,Max Verstappen,VER,Red Bull Racing,3.0,2.0,18.0,Finished,,,,0 days 00:00:29.148000,2021,3,Portuguese Grand Prix,1,1,0,1.5,2.0,21.5,0.0,13.0,
5,S VETTEL,Sebastian Vettel,VET,Aston Martin,10.0,13.0,0.0,+1 Lap,,,,,2021,3,Portuguese Grand Prix,1,0,0,15.0,10.0,0.0,0.5,1.0,
14,F ALONSO,Fernando Alonso,ALO,Alpine,10.0,17.0,0.0,+1 Lap,,,,,2021,4,Spanish Grand Prix,1,0,0,12.333333333333334,12.333333333333334,1.6666666666666667,0.3333333333333333,2.1666666666666665,
77,V BOTTAS,Valtteri Bottas,BOT,Mercedes,3.0,3.0,15.0,Finished,,,,0 days 00:00:26.610000,2021,4,Spanish Grand Prix,1,1,0,8.0,4.0,10.666666666666666,0.3333333333333333,16.833333333333332,
10,P GASLY,Pierre Gasly,GAS,AlphaTauri,12.0,10.0,1.0,+1 Lap,,,,,2021,4,Spanish Grand Prix,1,0,0,11.333333333333334,6.333333333333333,2.3333333333333335,0.3333333333333333,1.5,
99,A GIOVINAZZI,Antonio Giovinazzi,GIO,Alfa Romeo Racing,14.0,15.0,0.0,+1 Lap,,,,,2021,4,Spanish Grand Prix,1,0,0,12.666666666666666,13.666666666666666,0.0,0.0,0.0,
44,L HAMILTON,Lewis Hamilton,HAM,Mercedes,1.0,1.0,25.0,Finished,,,,0 days 01:33:07.680000,2021,4,Spanish Grand Prix,1,1,1,1.3333333333333333,1.6666666666666667,23.0,0.0,16.571428571428573,
6,N LATIFI,Nicholas Latifi,LAT,Williams,19.0,16.0,0.0,+1 Lap,,,,,2021,4,Spanish Grand Prix,1,0,0,18.666666666666668,16.333333333333332,0.0,0.6666666666666666,0.0,
16,C LECLERC,Charles Leclerc,LEC,Ferrari,4.0,4.0,12.0,Finished,,,,0 days 00:00:54.616000,2021,4,Spanish Grand Prix,1,0,0,5.333333333333333,5.333333333333333,9.333333333333334,0.0,7.0,
9,N MAZEPIN,Nikita Mazepin,MAZ,Haas F1 Team,20.0,19.0,0.0,+2 Laps,,,,,2021,4,Spanish Grand Prix,1,0,0,18.666666666666668,19.333333333333332,0.0,0.3333333333333333,0.0,
47,M SCHUMACHER,Mick Schumacher,MSC,Haas F1 Team,18.0,18.0,0.0,+2 Laps,,,,,2021,4,Spanish Grand Prix,1,0,0,16.333333333333332,18.333333333333332,0.0,0.0,0.0,
4,L NORRIS,Lando Norris,NOR,McLaren,9.0,8.0,4.0,+1 Lap,,,,,2021,4,Spanish Grand Prix,1,0,0,4.0,7.0,12.333333333333334,0.0,8.833333333333334,
31,E OCON,Esteban Ocon,OCO,Alpine,5.0,9.0,2.0,+1 Lap,,,,,2021,4,Spanish Grand Prix,1,0,0,9.666666666666666,10.333333333333334,2.6666666666666665,0.0,1.8571428571428572,
11,S PEREZ,Sergio Perez,PER,Red Bull Racing,8.0,5.0,10.0,Finished,,,,0 days 00:01:03.671000,2021,4,Spanish Grand Prix,1,0,0,6.666666666666667,2.0,7.333333333333333,0.0,13.833333333333334,
7,K RAIKKONEN,Kimi Räikkönen,RAI,Alfa Romeo Racing,17.0,12.0,0.0,+1 Lap,,,,,2021,4,Spanish Grand Prix,1,0,0,14.666666666666666,15.0,0.0,0.3333333333333333,0.0,
3,D RICCIARDO,Daniel Ricciardo,RIC,McLaren,7.0,6.0,8.0,Finished,,,,0 days 00:01:13.768000,2021,4,Spanish Grand Prix,1,0,0,7.333333333333333,9.333333333333334,5.333333333333333,0.0,8.142857142857142,
63,G RUSSELL,George Russell,RUS,Williams,15.0,14.0,0.0,+1 Lap,,,,,2021,4,Spanish Grand Prix,1,0,0,16.333333333333332,12.666666666666666,0.0,0.3333333333333333,0.0,
55,C SAINZ,Carlos Sainz,SAI,Ferrari,6.0,7.0,6.0,Finished,,,,0 days 00:01:14.670000,2021,4,Spanish Grand Prix,1,0,0,8.0,8.0,4.666666666666667,0.0,7.714285714285714,
18,L STROLL,Lance Stroll,STR,Aston Martin,11.0,11.0,0.0,+1 Lap,,,,,2021,4,Spanish Grand Prix,1,0,0,10.666666666666666,12.333333333333334,1.6666666666666667,0.0,0.8333333333333334,
22,Y TSUNODA,Yuki Tsunoda,TSU,AlphaTauri,16.0,20.0,0.0,Electrical,,,,,2021,4,Spanish Grand Prix,0,0,0,12.0,15.666666666666666,0.6666666666666666,0.0,1.4285714285714286,
33,M VERSTAPPEN,Max Verstappen,VER,Red Bull Racing,2.0,2.0,19.0,Finished,,,,0 days 00:00:15.841000,2021,4,Spanish Grand Prix,1,1,0,1.6666666666666667,2.3333333333333335,20.333333333333332,0.0,13.285714285714286,
5,S VETTEL,Sebastian Vettel,VET,Aston Martin,13.0,13.0,0.0,+1 Lap,,,,,2021,4,Spanish Grand Prix,1,0,0,14.333333333333334,10.0,0.0,0.3333333333333333,0.7142857142857143,
14,F ALONSO,Fernando Alonso,ALO,Alpine,17.0,13.0,0.0,+1 Lap,,,,,2021,5,Monaco Grand Prix,1,0,0,13.5,11.75,1.25,0.25,1.875,
77,V BOTTAS,Valtteri Bottas,BOT,Mercedes,3.0,19.0,0.0,Wheel nut,,,,,2021,5,Monaco Grand Prix,0,0,0,6.75,3.75,11.75,0.25,17.625,
10,P GASLY,Pierre Gasly,GAS,AlphaTauri,6.0,6.0,8.0,Finished,,,,0 days 00:00:53.896000,2021,5,Monaco Grand Prix,1,0,0,11.0,7.75,2.0,0.25,1.25,
99,A GIOVINAZZI,Antonio Giovinazzi,GIO,Alfa Romeo Racing,10.0,10.0,1.0,+1 Lap,,,,,2021,5,Monaco Grand Prix,1,0,0,13.25,13.75,0.0,0.0,0.0,
44,L HAMILTON,Lewis Hamilton,HAM,Mercedes,7.0,7.0,7.0,Finished,,,,0 days 00:01:08.231000,2021,5,Monaco Grand Prix,1,0,0,1.25,1.5,23.5,0.0,15.666666666666666,
6,N LATIFI,Nicholas Latifi,LAT,Williams,18.0,15.0,0.0,+1 Lap,,,,,2021,5,Monaco Grand Prix,1,0,0,18.0,17.0,0.0,0.5,0.0,
16,C LECLERC,Charles Leclerc,LEC,Ferrari,1.0,20.0,0.0,Driveshaft,,,,,2021,5,Monaco Grand Prix,0,0,0,5.0,5.0,10.0,0.0,7.5,
9,N MAZEPIN,Nikita Mazepin,MAZ,Haas F1 Team,19.0,17.0,0.0,+3 Laps,,,,,2021,5,Monaco Grand Prix,1,0,0,18.75,19.5,0.0,0.25,0.0,
47,M SCHUMACHER,Mick Schumacher,MSC,Haas F1 Team,20.0,18.0,0.0,+3 Laps,,,,,2021,5,Monaco Grand Prix,1,0,0,16.75,18.25,0.0,0.0,0.0,
4,L NORRIS,Lando Norris,NOR,McLaren,5.0,3.0,15.0,Finished,,,,0 days 00:00:19.427000,2021,5,Monaco Grand Prix,1,1,0,5.0,7.5,10.25,0.0,8.125,
31,E OCON,Esteban Ocon,OCO,Alpine,11.0,9.0,2.0,+1 Lap,,,,,2021,5,Monaco Grand Prix,1,0,0,9.5,9.0,2.5,0.0,1.6666666666666667,
11,S PEREZ,Sergio Perez,PER,Red Bull Racing,9.0,4.0,12.0,Finished,,,,0 days 00:00:20.490000,2021,5,Monaco Grand Prix,1,0,0,6.25,3.5,8.0,0.0,14.0,
7,K RAIKKONEN,Kimi Räikkönen,RAI,Alfa Romeo Racing,14.0,11.0,0.0,+1 Lap,,,,,2021,5,Monaco Grand Prix,1,0,0,14.0,15.5,0.0,0.25,0.1111111111111111,
3,D RICCIARDO,Daniel Ricciardo,RIC,McLaren,12.0,12.0,0.0,+1 Lap,,,,,2021,5,Monaco Grand Prix,1,0,0,7.0,8.75,6.0,0.0,8.88888888888889,
63,G RUSSELL,George Russell,RUS,Williams,15.0,14.0,0.0,+1 Lap,,,,,2021,5,Monaco Grand Prix,1,0,0,15.75,13.25,0.0,0.25,0.0,
55,C SAINZ,Carlos Sainz,SAI,Ferrari,4.0,2.0,18.0,Finished,,,,0 days 00:00:08.968000,2021,5,Monaco Grand Prix,1,1,0,7.75,7.5,5.0,0.0,6.666666666666667,
18,L STROLL,Lance Stroll,STR,Aston Martin,13.0,8.0,4.0,+1 Lap,,,,,2021,5,Monaco Grand Prix,1,0,0,10.75,12.0,1.25,0.0,0.625,
22,Y TSUNODA,Yuki Tsunoda,TSU,AlphaTauri,16.0,16.0,0.0,+1 Lap,,,,,2021,5,Monaco Grand Prix,1,0,0,14.0,15.75,0.5,0.25,2.0,
33,M VERSTAPPEN,Max Verstappen,VER,Red Bull Racing,2.0,1.0,25.0,Finished,,,,0 days 01:38:56.820000,2021,5,Monaco Grand Prix,1,1,1,1.75,2.25,20.0,0.0,13.777777777777779,
5,S VETTEL,Sebastian Vettel,VET,Aston Martin,8.0,5.0,10.0,Finished,,,,0 days 00:00:52.591000,2021,5,Monaco Grand Prix,1,0,0,14.0,10.75,0.0,0.25,1.0,
14,F ALONSO,Fernando Alonso,ALO,Alpine,8.0,6.0,8.0,Finished,,,,0 days 00:00:06.382000,2021,6,Azerbaijan Grand Prix,1,0,0,13.4,12.8,1.0,0.2,1.7,
77,V BOTTAS,Valtteri Bottas,BOT,Mercedes,10.0,12.0,0.0,Finished,,,,0 days 00:00:11.264000,2021,6,Azerbaijan Grand Prix,1,0,0,9.2,3.6,9.4,0.4,14.8,
10,P GASLY,Pierre Gasly,GAS,AlphaTauri,4.0,3.0,15.0,Finished,,,,0 days 00:00:02.762000,2021,6,Azerbaijan Grand Prix,1,1,0,10.0,7.4,3.2,0.2,1.8,
99,A GIOVINAZZI,Antonio Giovinazzi,GIO,Alfa Romeo Racing,20.0,11.0,0.0,Finished,,,,0 days 00:00:10.254000,2021,6,Azerbaijan Grand Prix,1,0,0,12.6,13.0,0.2,0.0,0.1,
44,L HAMILTON,Lewis Hamilton,HAM,Mercedes,2.0,15.0,0.0,Finished,,,,0 days 00:00:17.668000,2021,6,Azerbaijan Grand Prix,1,0,0,2.4,2.6,20.2,0.0,13.2,
6,N LATIFI,Nicholas Latifi,LAT,Williams,16.0,16.0,0.0,Finished,,,,0 days 00:00:43.379000,2021,6,Azerbaijan Grand Prix,1,0,0,17.4,17.2,0.0,0.4,0.0,
16,C LECLERC,Charles Leclerc,LEC,Ferrari,1.0,4.0,12.0,Finished,,,,0 days 00:00:03.828000,2021,6,Azerbaijan Grand Prix,1,0,0,8.0,4.2,8.0,0.2,7.8,
9,N MAZEPIN,Nikita Mazepin,MAZ,Haas F1 Team,18.0,14.0,0.0,Finished,,,,0 days 00:00:14.315000,2021,6,Azerbaijan Grand Prix,1,0,0,18.4,19.4,0.0,0.2,0.0,
47,M SCHUMACHER,Mick Schumacher,MSC,Haas F1 Team,17.0,13.0,0.0,Finished,,,,0 days 00:00:14.241000,2021,6,Azerbaijan Grand Prix,1,0,0,17.0,18.6,0.0,0.0,0.0,
4,L NORRIS,Lando Norris,NOR,McLaren,9.0,5.0,10.0,Finished,,,,0 days 00:00:04.754000,2021,6,Azerbaijan Grand Prix,1,0,0,4.6,7.0,11.2,0.0,8.0,
31,E OCON,Esteban Ocon,OCO,Alpine,12.0,20.0,0.0,Turbo,,,,,2021,6,Azerbaijan Grand Prix,0,0,0,9.4,9.4,2.4,0.0,2.5,
11,S PEREZ,Sergio Perez,PER,Red Bull Racing,6.0,1.0,25.0,Finished,,,,0 days 02:13:36.410000,2021,6,Azerbaijan Grand Prix,1,1,1,5.8,4.6,8.8,0.0,14.9,
7,K RAIKKONEN,Kimi Räikkönen,RAI,Alfa Romeo Racing,14.0,10.0,1.0,Finished,,,,0 days 00:00:09.576000,2021,6,Azerbaijan Grand Prix,1,0,0,13.4,15.2,0.0,0.2,0.1,
3,D RICCIARDO,Daniel Ricciardo,RIC,McLaren,13.0,9.0,2.0,Finished,,,,0 days 00:00:08.874000,2021,6,Azerbaijan Grand Prix,1,0,0,8.0,9.4,4.8,0.0,7.8,
63,G RUSSELL,George Russell,RUS,Williams,15.0,17.0,0.0,Gearbox,,,,,2021,6,Azerbaijan Grand Prix,0,0,0,15.4,13.6,0.0,0.2,0.0,
55,C SAINZ,Carlos Sainz,SAI,Ferrari,5.0,8.0,4.0,Finished,,,,0 days 00:00:07.709000,2021,6,Azerbaijan Grand Prix,1,0,0,6.6,6.8,7.6,0.0,8.2,
18,L STROLL,Lance Stroll,STR,Aston Martin,19.0,19.0,0.0,Accident,,,,,2021,6,Azerbaijan Grand Prix,0,0,0,10.2,12.2,1.8,0.0,1.9,
22,Y TSUNODA,Yuki Tsunoda,TSU,AlphaTauri,7.0,7.0,6.0,Finished,,,,0 days 00:00:06.624000,2021,6,Azerbaijan Grand Prix,1,0,0,14.4,15.8,0.4,0.2,3.3,
33,M VERSTAPPEN,Max Verstappen,VER,Red Bull Racing,3.0,18.0,0.0,Accident,,,,,2021,6,Azerbaijan Grand Prix,0,0,0,1.6,2.2,21.0,0.0,16.4,
5,S VETTEL,Sebastian Vettel,VET,Aston Martin,11.0,2.0,18.0,Finished,,,,0 days 00:00:01.385000,2021,6,Azerbaijan Grand Prix,1,1,0,12.2,10.2,2.0,0.2,1.8,
14,F ALONSO,Fernando Alonso,ALO,Alpine,9.0,8.0,4.0,Finished,,,,0 days 00:01:17.695000,2021,7,French Grand Prix,1,0,0,10.8,12.6,2.6,0.0,2.5,
77,V BOTTAS,Valtteri Bottas,BOT,Mercedes,3.0,4.0,12.0,Finished,,,,0 days 00:00:14.618000,2021,7,French Grand Prix,1,0,0,11.0,5.0,6.2,0.4,10.7,
10,P GASLY,Pierre Gasly,GAS,AlphaTauri,6.0,7.0,6.0,Finished,,,,0 days 00:01:16.596000,2021,7,French Grand Prix,1,0,0,7.2,7.2,6.2,0.0,3.7,
99,A GIOVINAZZI,Antonio Giovinazzi,GIO,Alfa Romeo Racing,13.0,15.0,0.0,+1 Lap,,,,,2021,7,French Grand Prix,1,0,0,12.4,14.6,0.2,0.0,0.2,
44,L HAMILTON,Lewis Hamilton,HAM,Mercedes,2.0,2.0,18.0,Finished,,,,0 days 00:00:02.904000,2021,7,French Grand Prix,1,1,0,5.2,2.6,15.2,0.0,11.9,
6,N LATIFI,Nicholas Latifi,LAT,Williams,16.0,18.0,0.0,+1 Lap,,,,,2021,7,French Grand Prix,1,0,0,17.0,17.0,0.0,0.2,0.0,
16,C LECLERC,Charles Leclerc,LEC,Ferrari,7.0,16.0,0.0,+1 Lap,,,,,2021,7,French Grand Prix,1,0,0,7.6,3.6,8.8,0.2,8.2,
9,N MAZEPIN,Nikita Mazepin,MAZ,Haas F1 Team,18.0,20.0,0.0,+1 Lap,,,,,2021,7,French Grand Prix,1,0,0,17.2,19.2,0.0,0.0,0.0,
47,M SCHUMACHER,Mick Schumacher,MSC,Haas F1 Team,15.0,19.0,0.0,+1 Lap,,,,,2021,7,French Grand Prix,1,0,0,16.4,18.4,0.0,0.0,0.0,
4,L NORRIS,Lando Norris,NOR,McLaren,8.0,5.0,10.0,Finished,,,,0 days 00:01:04.032000,2021,7,French Grand Prix,1,0,0,4.8,7.4,10.8,0.0,7.4,
31,E OCON,Esteban Ocon,OCO,Alpine,11.0,14.0,0.0,+1 Lap,,,,,2021,7,French Grand Prix,1,0,0,10.8,8.6,2.4,0.2,2.8,
11,S PEREZ,Sergio Perez,PER,Red Bull Racing,4.0,3.0,15.0,Finished,,,,0 days 00:00:08.811000,2021,7,French Grand Prix,1,1,0,5.0,5.8,11.8,0.0,14.6,
7,K RAIKKONEN,Kimi Räikkönen,RAI,Alfa Romeo Racing,17.0,17.0,0.0,+1 Lap,,,,,2021,7,French Grand Prix,1,0,0,13.2,15.2,0.2,0.2,0.2,
3,D RICCIARDO,Daniel Ricciardo,RIC,McLaren,10.0,6.0,8.0,Finished,,,,0 days 00:01:15.857000,2021,7,French Grand Prix,1,0,0,8.4,10.8,4.0,0.0,6.9,
63,G RUSSELL,George Russell,RUS,Williams,14.0,12.0,0.0,+1 Lap,,,,,2021,7,French Grand Prix,1,0,0,16.0,13.6,0.0,0.4,0.0,
55,C SAINZ,Carlos Sainz,SAI,Ferrari,5.0,11.0,0.0,Finished,,,,0 days 00:01:39.337000,2021,7,French Grand Prix,1,0,0,6.6,6.2,7.6,0.0,7.0,
18,L STROLL,Lance Stroll,STR,Aston Martin,19.0,10.0,1.0,Finished,,,,0 days 00:01:31.946000,2021,7,French Grand Prix,1,0,0,12.0,14.0,1.6,0.2,3.6,
22,Y TSUNODA,Yuki Tsunoda,TSU,AlphaTauri,0.0,13.0,0.0,+1 Lap,,,,,2021,7,French Grand Prix,1,0,0,14.0,14.6,1.2,0.2,3.7,
33,M VERSTAPPEN,Max Verstappen,VER,Red Bull Racing,1.0,1.0,26.0,Finished,,,,0 days 01:27:25.770000,2021,7,French Grand Prix,1,1,1,4.8,2.6,17.4,0.2,16.1,
5,S VETTEL,Sebastian Vettel,VET,Aston Martin,12.0,9.0,2.0,Finished,,,,0 days 00:01:19.666000,2021,7,French Grand Prix,1,0,0,9.6,8.4,5.6,0.2,3.3,
14,F ALONSO,Fernando Alonso,ALO,Alpine,8.0,9.0,2.0,+1 Lap,,,,,2021,8,Styrian Grand Prix,1,0,0,10.4,11.4,3.2,0.0,2.6,
77,V BOTTAS,Valtteri Bottas,BOT,Mercedes,5.0,3.0,15.0,Finished,,,,0 days 00:00:46.907000,2021,8,Styrian Grand Prix,1,1,0,8.2,4.0,8.6,0.2,11.8,
10,P GASLY,Pierre Gasly,GAS,AlphaTauri,6.0,20.0,0.0,Collision,,,,,2021,8,Styrian Grand Prix,0,0,0,7.2,7.4,6.2,0.0,3.7,
99,A GIOVINAZZI,Antonio Giovinazzi,GIO,Alfa Romeo Racing,15.0,15.0,0.0,+1 Lap,,,,,2021,8,Styrian Grand Prix,1,0,0,12.6,13.8,0.2,0.0,0.2,
44,L HAMILTON,Lewis Hamilton,HAM,Mercedes,2.0,2.0,19.0,Finished,,,,0 days 00:00:35.743000,2021,8,Styrian Grand Prix,1,1,0,5.2,2.8,15.0,0.0,11.7,
6,N LATIFI,Nicholas Latifi,LAT,Williams,16.0,17.0,0.0,+3 Laps,,,,,2021,8,Styrian Grand Prix,1,0,0,16.6,17.4,0.0,0.0,0.0,
16,C LECLERC,Charles Leclerc,LEC,Ferrari,7.0,7.0,6.0,+1 Lap,,,,,2021,8,Styrian Grand Prix,1,0,0,10.0,4.2,6.4,0.2,6.0,
9,N MAZEPIN,Nikita Mazepin,MAZ,Haas F1 Team,20.0,18.0,0.0,+3 Laps,,,,,2021,8,Styrian Grand Prix,1,0,0,17.8,19.0,0.0,0.0,0.0,
47,M SCHUMACHER,Mick Schumacher,MSC,Haas F1 Team,19.0,16.0,0.0,+2 Laps,,,,,2021,8,Styrian Grand Prix,1,0,0,17.0,17.8,0.0,0.0,0.0,
4,L NORRIS,Lando Norris,NOR,McLaren,3.0,5.0,10.0,+1 Lap,,,,,2021,8,Styrian Grand Prix,1,0,0,5.2,7.6,9.8,0.0,6.9,
31,E OCON,Esteban Ocon,OCO,Alpine,17.0,14.0,0.0,+1 Lap,,,,,2021,8,Styrian Grand Prix,1,0,0,11.8,9.0,2.0,0.2,2.4,
11,S PEREZ,Sergio Perez,PER,Red Bull Racing,4.0,4.0,12.0,Finished,,,,0 days 00:00:47.434000,2021,8,Styrian Grand Prix,1,0,0,3.4,6.2,14.8,0.0,16.2,
7,K RAIKKONEN,Kimi Räikkönen,RAI,Alfa Romeo Racing,18.0,11.0,0.0,+1 Lap,,,,,2021,8,Styrian Grand Prix,1,0,0,14.0,15.4,0.2,0.2,0.2,
3,D RICCIARDO,Daniel Ricciardo,RIC,McLaren,13.0,13.0,0.0,+1 Lap,,,,,2021,8,Styrian Grand Prix,1,0,0,8.4,11.6,4.0,0.0,6.9,
63,G RUSSELL,George Russell,RUS,Williams,10.0,19.0,0.0,Engine,,,,,2021,8,Styrian Grand Prix,0,0,0,14.6,14.0,0.0,0.2,0.0,
55,C SAINZ,Carlos Sainz,SAI,Ferrari,12.0,6.0,8.0,+1 Lap,,,,,2021,8,Styrian Grand Prix,1,0,0,7.8,5.0,5.6,0.0,5.8,
18,L STROLL,Lance Stroll,STR,Aston Martin,9.0,8.0,4.0,+1 Lap,,,,,2021,8,Styrian Grand Prix,1,0,0,12.4,15.8,1.0,0.2,3.5,
22,Y TSUNODA,Yuki Tsunoda,TSU,AlphaTauri,11.0,10.0,1.0,+1 Lap,,,,,2021,8,Styrian Grand Prix,1,0,0,14.2,10.6,1.2,0.2,3.6,
33,M VERSTAPPEN,Max Verstappen,VER,Red Bull Racing,1.0,1.0,25.0,Finished,,,,0 days 01:22:18.925000,2021,8,Styrian Grand Prix,1,1,1,4.8,2.2,17.6,0.2,16.2,
5,S VETTEL,Sebastian Vettel,VET,Aston Martin,14.0,12.0,0.0,+1 Lap,,,,,2021,8,Styrian Grand Prix,1,0,0,8.4,10.8,6.0,0.0,3.9,
14,F ALONSO,Fernando Alonso,ALO,Alpine,14.0,10.0,1.0,+1 Lap,,,,,2021,9,Austrian Grand Prix,1,0,0,10.6,10.4,2.8,0.0,1.8,
77,V BOTTAS,Valtteri Bottas,BOT,Mercedes,5.0,2.0,18.0,Finished,,,,0 days 00:00:17.973000,2021,9,Austrian Grand Prix,1,1,0,8.2,4.8,8.4,0.2,11.1,
10,P GASLY,Pierre Gasly,GAS,AlphaTauri,6.0,9.0,2.0,Finished,,,,0 days 00:01:01.844000,2021,9,Austrian Grand Prix,1,0,0,9.2,6.8,6.0,0.2,3.7,
99,A GIOVINAZZI,Antonio Giovinazzi,GIO,Alfa Romeo Racing,15.0,14.0,0.0,+1 Lap,,,,,2021,9,Austrian Grand Prix,1,0,0,13.2,14.4,0.2,0.0,0.2,
44,L HAMILTON,Lewis Hamilton,HAM,Mercedes,4.0,4.0,12.0,Finished,,,,0 days 00:00:46.452000,2021,9,Austrian Grand Prix,1,0,0,5.4,2.8,13.8,0.0,11.4,
6,N LATIFI,Nicholas Latifi,LAT,Williams,18.0,16.0,0.0,+1 Lap,,,,,2021,9,Austrian Grand Prix,1,0,0,16.4,17.0,0.0,0.0,0.0,
16,C LECLERC,Charles Leclerc,LEC,Ferrari,12.0,8.0,4.0,Finished,,,,0 days 00:01:01.195000,2021,9,Austrian Grand Prix,1,0,0,10.2,4.0,6.0,0.2,6.6,
9,N MAZEPIN,Nikita Mazepin,MAZ,Haas F1 Team,20.0,19.0,0.0,+2 Laps,,,,,2021,9,Austrian Grand Prix,1,0,0,17.6,19.0,0.0,0.0,0.0,
47,M SCHUMACHER,Mick Schumacher,MSC,Haas F1 Team,19.0,18.0,0.0,+2 Laps,,,,,2021,9,Austrian Grand Prix,1,0,0,16.8,17.8,0.0,0.0,0.0,
4,L NORRIS,Lando Norris,NOR,McLaren,2.0,3.0,15.0,Finished,,,,0 days 00:00:20.019000,2021,9,Austrian Grand Prix,1,1,0,5.2,6.8,9.8,0.0,6.7,
31,E OCON,Esteban Ocon,OCO,Alpine,17.0,20.0,0.0,Collision,,,,,2021,9,Austrian Grand Prix,0,0,0,13.2,11.2,0.8,0.2,1.9,
11,S PEREZ,Sergio Perez,PER,Red Bull Racing,3.0,6.0,8.0,Finished,,,,0 days 00:00:57.915000,2021,9,Austrian Grand Prix,1,0,0,3.4,6.2,14.8,0.0,16.9,
7,K RAIKKONEN,Kimi Räikkönen,RAI,Alfa Romeo Racing,16.0,15.0,0.0,+1 Lap,,,,,2021,9,Austrian Grand Prix,1,0,0,12.2,16.0,0.2,0.0,0.2,
3,D RICCIARDO,Daniel Ricciardo,RIC,McLaren,13.0,7.0,6.0,Finished,,,,0 days 00:01:00.395000,2021,9,Austrian Grand Prix,1,0,0,9.2,11.0,3.6,0.0,7.8,
63,G RUSSELL,George Russell,RUS,Williams,8.0,11.0,0.0,+1 Lap,,,,,2021,9,Austrian Grand Prix,1,0,0,15.2,13.8,0.0,0.4,0.0,
55,C SAINZ,Carlos Sainz,SAI,Ferrari,10.0,5.0,10.0,Finished,,,,0 days 00:00:57.144000,2021,9,Austrian Grand Prix,1,0,0,6.8,6.4,7.2,0.0,5.8,
18,L STROLL,Lance Stroll,STR,Aston Martin,9.0,13.0,0.0,+1 Lap,,,,,2021,9,Austrian Grand Prix,1,0,0,11.2,14.2,1.8,0.2,3.9,
22,Y TSUNODA,Yuki Tsunoda,TSU,AlphaTauri,7.0,12.0,0.0,+1 Lap,,,,,2021,9,Austrian Grand Prix,1,0,0,13.2,10.0,1.4,0.2,3.8,
33,M VERSTAPPEN,Max Verstappen,VER,Red Bull Racing,1.0,1.0,26.0,Finished,,,,0 days 01:23:54.543000,2021,9,Austrian Grand Prix,1,1,1,4.6,1.8,19.0,0.2,16.7,
5,S VETTEL,Sebastian Vettel,VET,Aston Martin,11.0,17.0,0.0,Collision,,,,,2021,9,Austrian Grand Prix,0,0,0,8.2,11.6,6.0,0.0,3.9,
14,F ALONSO,Fernando Alonso,ALO,Alpine,7.0,7.0,6.0,Finished,,,,0 days 00:01:12.093000,2021,10,British Grand Prix,1,0,0,9.2,11.2,3.0,0.0,1.7,
77,V BOTTAS,Valtteri Bottas,BOT,Mercedes,3.0,3.0,15.0,Finished,,,,0 days 00:00:11.125000,2021,10,British Grand Prix,1,1,0,8.0,5.2,9.0,0.2,10.1,
10,P GASLY,Pierre Gasly,GAS,AlphaTauri,11.0,11.0,0.0,Finished,,,,0 days 00:01:25.327000,2021,10,British Grand Prix,1,0,0,9.0,5.6,6.2,0.2,3.8,
99,A GIOVINAZZI,Antonio Giovinazzi,GIO,Alfa Romeo Racing,15.0,13.0,0.0,+1 Lap,,,,,2021,10,British Grand Prix,1,0,0,13.0,14.6,0.2,0.0,0.2,
44,L HAMILTON,Lewis Hamilton,HAM,Mercedes,2.0,1.0,25.0,Finished,,,,0 days 01:58:23.284000,2021,10,British Grand Prix,1,1,1,6.0,3.4,11.2,0.0,11.6,
6,N LATIFI,Nicholas Latifi,LAT,Williams,17.0,14.0,0.0,+1 Lap,,,,,2021,10,British Grand Prix,1,0,0,16.4,16.8,0.0,0.0,0.0,
16,C LECLERC,Charles Leclerc,LEC,Ferrari,4.0,2.0,18.0,Finished,,,,0 days 00:00:03.871000,2021,10,British Grand Prix,1,1,0,11.0,5.6,4.4,0.2,6.2,
9,N MAZEPIN,Nikita Mazepin,MAZ,Haas F1 Team,19.0,17.0,0.0,+1 Lap,,,,,2021,10,British Grand Prix,1,0,0,17.6,19.0,0.0,0.0,0.0,
47,M SCHUMACHER,Mick Schumacher,MSC,Haas F1 Team,18.0,18.0,0.0,+1 Lap,,,,,2021,10,British Grand Prix,1,0,0,16.8,18.0,0.0,0.0,0.0,
4,L NORRIS,Lando Norris,NOR,McLaren,5.0,4.0,12.0,Finished,,,,0 days 00:00:28.573000,2021,10,British Grand Prix,1,0,0,4.2,5.4,12.0,0.0,7.6,
31,E OCON,Esteban Ocon,OCO,Alpine,9.0,9.0,2.0,Finished,,,,0 days 00:01:16.162000,2021,10,British Grand Prix,1,0,0,15.4,13.6,0.4,0.4,2.3,
11,S PEREZ,Sergio Perez,PER,Red Bull Racing,0.0,16.0,0.0,+1 Lap,,,,,2021,10,British Grand Prix,1,0,0,3.6,5.2,14.4,0.0,17.4,
7,K RAIKKONEN,Kimi Räikkönen,RAI,Alfa Romeo Racing,13.0,15.0,0.0,+1 Lap,,,,,2021,10,British Grand Prix,1,0,0,12.8,15.8,0.2,0.0,0.1,
3,D RICCIARDO,Daniel Ricciardo,RIC,McLaren,6.0,5.0,10.0,Finished,,,,0 days 00:00:42.624000,2021,10,British Grand Prix,1,0,0,9.4,12.2,3.2,0.0,7.3,
63,G RUSSELL,George Russell,RUS,Williams,12.0,12.0,0.0,+1 Lap,,,,,2021,10,British Grand Prix,1,0,0,14.6,12.4,0.0,0.4,0.0,
55,C SAINZ,Carlos Sainz,SAI,Ferrari,10.0,6.0,8.0,Finished,,,,0 days 00:00:43.454000,2021,10,British Grand Prix,1,0,0,6.4,7.2,8.0,0.0,8.0,
18,L STROLL,Lance Stroll,STR,Aston Martin,14.0,8.0,4.0,Finished,,,,0 days 00:01:14.289000,2021,10,British Grand Prix,1,0,0,11.6,13.8,1.8,0.2,3.9,
22,Y TSUNODA,Yuki Tsunoda,TSU,AlphaTauri,16.0,10.0,1.0,Finished,,,,0 days 00:01:22.065000,2021,10,British Grand Prix,1,0,0,11.6,8.2,1.4,0.0,3.0,
33,M VERSTAPPEN,Max Verstappen,VER,Red Bull Racing,1.0,20.0,0.0,Collision,,,,,2021,10,British Grand Prix,0,0,0,4.4,1.6,20.4,0.2,16.2,
5,S VETTEL,Sebastian Vettel,VET,Aston Martin,8.0,19.0,0.0,Retired,,,,,2021,10,British Grand Prix,0,0,0,9.0,11.2,6.0,0.2,3.9,
14,F ALONSO,Fernando Alonso,ALO,Alpine,9.0,4.0,12.0,Finished,,,,0 days 00:00:15.651000,2021,11,Hungarian Grand Prix,1,0,0,8.0,9.2,4.2,0.0,2.3,
77,V BOTTAS,Valtteri Bottas,BOT,Mercedes,2.0,16.0,0.0,Collision,,,,,2021,11,Hungarian Grand Prix,0,0,0,4.8,5.2,12.0,0.0,13.4,
10,P GASLY,Pierre Gasly,GAS,AlphaTauri,5.0,5.0,11.0,Finished,,,,0 days 00:01:03.614000,2021,11,Hungarian Grand Prix,1,0,0,10.0,6.6,4.6,0.2,3.1,
99,A GIOVINAZZI,Antonio Giovinazzi,GIO,Alfa Romeo Racing,0.0,13.0,0.0,+1 Lap,,,,,2021,11,Hungarian Grand Prix,1,0,0,13.6,15.6,0.0,0.0,0.1,
44,L HAMILTON,Lewis Hamilton,HAM,Mercedes,1.0,2.0,18.0,Finished,,,,0 days 00:00:02.736000,2021,11,Hungarian Grand Prix,1,1,0,4.8,2.4,14.8,0.0,13.4,
6,N LATIFI,Nicholas Latifi,LAT,Williams,18.0,7.0,6.0,Finished,,,,0 days 00:01:17.910000,2021,11,Hungarian Grand Prix,1,0,0,16.2,16.6,0.0,0.0,0.0,
16,C LECLERC,Charles Leclerc,LEC,Ferrari,7.0,18.0,0.0,Collision,,,,,2021,11,Hungarian Grand Prix,0,0,0,7.4,6.2,8.0,0.0,7.0,
9,N MAZEPIN,Nikita Mazepin,MAZ,Haas F1 Team,19.0,14.0,0.0,Collision,,,,,2021,11,Hungarian Grand Prix,0,0,0,17.6,19.0,0.0,0.0,0.0,
47,M SCHUMACHER,Mick Schumacher,MSC,Haas F1 Team,20.0,12.0,0.0,+1 Lap,,,,,2021,11,Hungarian Grand Prix,1,0,0,16.8,17.6,0.0,0.0,0.0,
4,L NORRIS,Lando Norris,NOR,McLaren,6.0,15.0,0.0,Collision,,,,,2021,11,Hungarian Grand Prix,0,0,0,4.4,5.4,11.4,0.0,8.3,
31,E OCON,Esteban Ocon,OCO,Alpine,8.0,1.0,25.0,Finished,,,,0 days 02:04:43.199000,2021,11,Hungarian Grand Prix,1,1,1,15.4,13.2,0.4,0.4,2.7,
11,S PEREZ,Sergio Perez,PER,Red Bull Racing,4.0,17.0,0.0,Collision,,,,,2021,11,Hungarian Grand Prix,0,0,0,6.0,3.4,12.0,0.0,13.7,
7,K RAIKKONEN,Kimi Räikkönen,RAI,Alfa Romeo Racing,13.0,10.0,1.0,+1 Lap,,,,,2021,11,Hungarian Grand Prix,1,0,0,13.6,15.6,0.2,0.0,0.1,
3,D RICCIARDO,Daniel Ricciardo,RIC,McLaren,11.0,11.0,0.0,+1 Lap,,,,,2021,11,Hungarian Grand Prix,1,0,0,8.0,11.0,5.2,0.0,7.3,
63,G RUSSELL,George Russell,RUS,Williams,17.0,8.0,4.0,Finished,,,,0 days 00:01:19.094000,2021,11,Hungarian Grand Prix,1,0,0,14.2,11.8,0.0,0.4,0.6,
55,C SAINZ,Carlos Sainz,SAI,Ferrari,15.0,3.0,15.0,Finished,,,,0 days 00:00:15.018000,2021,11,Hungarian Grand Prix,1,1,0,7.2,8.4,6.0,0.0,5.8,
18,L STROLL,Lance Stroll,STR,Aston Martin,12.0,19.0,0.0,Collision,,,,,2021,11,Hungarian Grand Prix,0,0,0,11.6,14.0,1.8,0.2,2.9,
22,Y TSUNODA,Yuki Tsunoda,TSU,AlphaTauri,16.0,6.0,8.0,Finished,,,,0 days 00:01:15.803000,2021,11,Hungarian Grand Prix,1,0,0,10.4,8.2,1.6,0.0,2.7,
33,M VERSTAPPEN,Max Verstappen,VER,Red Bull Racing,3.0,9.0,2.0,Finished,,,,0 days 00:01:20.244000,2021,11,Hungarian Grand Prix,1,0,0,8.2,1.4,15.4,0.4,11.2,
5,S VETTEL,Sebastian Vettel,VET,Aston Martin,10.0,20.0,0.0,Disqualified,,,,,2021,11,Hungarian Grand Prix,0,0,0,11.8,11.2,4.0,0.4,2.9,
14,F ALONSO,Fernando Alonso,ALO,Alpine,12.0,11.0,0.0,Finished,,,,0 days 00:00:20.590000,2021,12,Belgian Grand Prix,1,0,0,7.6,9.4,5.0,0.0,5.2,
77,V BOTTAS,Valtteri Bottas,BOT,Mercedes,13.0,12.0,0.0,Finished,,,,0 days 00:00:22.414000,2021,12,Belgian Grand Prix,1,0,0,5.6,3.6,12.0,0.2,15.2,
10,P GASLY,Pierre Gasly,GAS,AlphaTauri,6.0,6.0,4.0,Finished,,,,0 days 00:00:10.177000,2021,12,Belgian Grand Prix,1,0,0,10.4,6.8,3.8,0.2,2.9,
99,A GIOVINAZZI,Antonio Giovinazzi,GIO,Alfa Romeo Racing,14.0,13.0,0.0,Finished,,,,0 days 00:00:24.163000,2021,12,Belgian Grand Prix,1,0,0,14.0,11.6,0.0,0.0,0.1,
44,L HAMILTON,Lewis Hamilton,HAM,Mercedes,3.0,3.0,7.5,Finished,,,,0 days 00:00:02.601000,2021,12,Belgian Grand Prix,1,1,0,2.2,2.2,18.4,0.0,14.0,
6,N LATIFI,Nicholas Latifi,LAT,Williams,10.0,9.0,1.0,Finished,,,,0 days 00:00:15.485000,2021,12,Belgian Grand Prix,1,0,0,14.4,17.0,1.2,0.0,1.0,
16,C LECLERC,Charles Leclerc,LEC,Ferrari,9.0,8.0,2.0,Finished,,,,0 days 00:00:12.608000,2021,12,Belgian Grand Prix,1,0,0,10.2,7.4,5.6,0.2,6.9,
9,N MAZEPIN,Nikita Mazepin,MAZ,Haas F1 Team,18.0,17.0,0.0,Finished,,,,0 days 00:00:31.993000,2021,12,Belgian Grand Prix,1,0,0,17.6,19.2,0.0,0.2,0.0,
47,M SCHUMACHER,Mick Schumacher,MSC,Haas F1 Team,17.0,16.0,0.0,Finished,,,,0 days 00:00:29.507000,2021,12,Belgian Grand Prix,1,0,0,16.6,18.2,0.0,0.0,0.0,
4,L NORRIS,Lando Norris,NOR,McLaren,15.0,14.0,0.0,Finished,,,,0 days 00:00:27.110000,2021,12,Belgian Grand Prix,1,0,0,6.4,4.8,9.4,0.2,7.1,
31,E OCON,Esteban Ocon,OCO,Alpine,8.0,7.0,3.0,Finished,,,,0 days 00:00:11.579000,2021,12,Belgian Grand Prix,1,0,0,11.6,12.4,5.4,0.2,4.8,
11,S PEREZ,Sergio Perez,PER,Red Bull Racing,0.0,19.0,0.0,Finished,,,,0 days 00:00:38.205000,2021,12,Belgian Grand Prix,1,0,0,9.2,3.0,7.0,0.2,11.4,
7,K RAIKKONEN,Kimi Räikkönen,RAI,Alfa Romeo Racing,0.0,18.0,0.0,Finished,,,,0 days 00:00:36.054000,2021,12,Belgian Grand Prix,1,0,0,13.6,15.4,0.2,0.0,0.1,
3,D RICCIARDO,Daniel Ricciardo,RIC,McLaren,4.0,4.0,6.0,Finished,,,,0 days 00:00:04.496000,2021,12,Belgian Grand Prix,1,0,0,8.4,10.6,4.8,0.0,6.1,
63,G RUSSELL,George Russell,RUS,Williams,2.0,2.0,9.0,Finished,,,,0 days 00:00:01.995000,2021,12,Belgian Grand Prix,1,1,0,12.4,12.2,0.8,0.2,1.1,
55,C SAINZ,Carlos Sainz,SAI,Ferrari,11.0,10.0,0.5,Finished,,,,0 days 00:00:16.166000,2021,12,Belgian Grand Prix,1,0,0,6.2,10.4,8.2,0.0,7.1,
18,L STROLL,Lance Stroll,STR,Aston Martin,19.0,20.0,0.0,Finished,,,,0 days 00:00:44.108000,2021,12,Belgian Grand Prix,1,0,0,11.6,12.6,1.8,0.2,1.1,
22,Y TSUNODA,Yuki Tsunoda,TSU,AlphaTauri,16.0,15.0,0.0,Finished,,,,0 days 00:00:28.329000,2021,12,Belgian Grand Prix,1,0,0,10.2,10.0,2.0,0.0,2.7,
33,M VERSTAPPEN,Max Verstappen,VER,Red Bull Racing,1.0,1.0,12.5,Finished,,,,0 days 00:03:27.071000,2021,12,Belgian Grand Prix,1,1,1,6.4,1.4,15.8,0.2,9.9,
5,S VETTEL,Sebastian Vettel,VET,Aston Martin,5.0,5.0,5.0,Finished,,,,0 days 00:00:07.479000,2021,12,Belgian Grand Prix,1,0,0,15.4,11.0,0.4,0.6,1.0,
14,F ALONSO,Fernando Alonso,ALO,Alpine,9.0,6.0,8.0,+1 Lap,,,,,2021,13,Dutch Grand Prix,1,0,0,8.2,10.0,4.2,0.0,5.1,
77,V BOTTAS,Valtteri Bottas,BOT,Mercedes,3.0,3.0,15.0,Finished,,,,0 days 00:00:56.460000,2021,13,Dutch Grand Prix,1,1,0,7.2,5.6,9.6,0.2,12.95,
10,P GASLY,Pierre Gasly,GAS,AlphaTauri,4.0,4.0,12.0,+1 Lap,,,,,2021,13,Dutch Grand Prix,1,0,0,10.2,6.8,3.4,0.2,2.7,
99,A GIOVINAZZI,Antonio Giovinazzi,GIO,Alfa Romeo Racing,7.0,14.0,0.0,+2 Laps,,,,,2021,13,Dutch Grand Prix,1,0,0,13.6,11.8,0.0,0.0,0.1,
44,L HAMILTON,Lewis Hamilton,HAM,Mercedes,2.0,2.0,19.0,Finished,,,,0 days 00:00:20.932000,2021,13,Dutch Grand Prix,1,1,0,2.4,2.4,16.3,0.0,12.95,
88,R KUBICA,Robert Kubica,KUB,Alfa Romeo Racing,16.0,15.0,0.0,+2 Laps,,,,,2021,13,Dutch Grand Prix,1,0,0,,,,,0.1,
6,N LATIFI,Nicholas Latifi,LAT,Williams,0.0,16.0,0.0,+2 Laps,,,,,2021,13,Dutch Grand Prix,1,0,0,12.6,15.8,1.4,0.0,2.0,
16,C LECLERC,Charles Leclerc,LEC,Ferrari,5.0,5.0,10.0,+1 Lap,,,,,2021,13,Dutch Grand Prix,1,0,0,8.6,7.8,6.0,0.2,7.15,
9,N MAZEPIN,Nikita Mazepin,MAZ,Haas F1 Team,18.0,20.0,0.0,Hydraulics,,,,,2021,13,Dutch Grand Prix,0,0,0,17.0,19.2,0.0,0.2,0.0,
47,M SCHUMACHER,Mick Schumacher,MSC,Haas F1 Team,17.0,18.0,0.0,+3 Laps,,,,,2021,13,Dutch Grand Prix,1,0,0,16.0,18.6,0.0,0.0,0.0,
4,L NORRIS,Lando Norris,NOR,McLaren,13.0,10.0,1.0,+1 Lap,,,,,2021,13,Dutch Grand Prix,1,0,0,8.2,6.2,7.4,0.2,5.9,
31,E OCON,Esteban Ocon,OCO,Alpine,8.0,9.0,2.0,+1 Lap,,,,,2021,13,Dutch Grand Prix,1,0,0,10.2,11.8,6.0,0.2,5.7,
11,S PEREZ,Sergio Perez,PER,Red Bull Racing,0.0,8.0,4.0,+1 Lap,,,,,2021,13,Dutch Grand Prix,1,0,0,12.4,2.2,4.0,0.2,8.55,
3,D RICCIARDO,Daniel Ricciardo,RIC,McLaren,10.0,11.0,0.0,+1 Lap,,,,,2021,13,Dutch Grand Prix,1,0,0,8.0,9.4,4.4,0.0,5.0,
63,G RUSSELL,George Russell,RUS,Williams,11.0,17.0,0.0,Gearbox,,,,,2021,13,Dutch Grand Prix,0,0,0,10.4,9.8,2.6,0.2,2.0,
55,C SAINZ,Carlos Sainz,SAI,Ferrari,6.0,7.0,6.0,+1 Lap,,,,,2021,13,Dutch Grand Prix,1,0,0,6.0,11.6,8.3,0.0,7.55,
18,L STROLL,Lance Stroll,STR,Aston Martin,12.0,12.0,0.0,+2 Laps,,,,,2021,13,Dutch Grand Prix,1,0,0,13.6,12.6,1.6,0.2,1.3,
22,Y TSUNODA,Yuki Tsunoda,TSU,AlphaTauri,14.0,19.0,0.0,Power Unit,,,,,2021,13,Dutch Grand Prix,0,0,0,10.6,13.2,2.0,0.0,3.9,
33,M VERSTAPPEN,Max Verstappen,VER,Red Bull Racing,1.0,1.0,25.0,Finished,,,,0 days 01:30:05.395000,2021,13,Dutch Grand Prix,1,1,1,6.4,1.4,13.1,0.2,7.75,
5,S VETTEL,Sebastian Vettel,VET,Aston Martin,15.0,13.0,0.0,+2 Laps,,,,,2021,13,Dutch Grand Prix,1,0,0,14.6,9.6,1.0,0.6,0.9,
14,F ALONSO,Fernando Alonso,ALO,Alpine,10.0,8.0,4.0,Finished,,,,0 days 00:00:17.201000,2021,14,Italian Grand Prix,1,0,0,7.6,10.2,5.4,0.0,5.9,
77,V BOTTAS,Valtteri Bottas,BOT,Mercedes,19.0,3.0,15.0,Finished,,,,0 days 00:00:04.921000,2021,14,Italian Grand Prix,1,1,0,7.2,5.2,9.6,0.2,12.95,
10,P GASLY,Pierre Gasly,GAS,AlphaTauri,0.0,19.0,0.0,Suspension,,,,,2021,14,Italian Grand Prix,0,0,0,7.0,6.4,5.8,0.0,3.8,
99,A GIOVINAZZI,Antonio Giovinazzi,GIO,Alfa Romeo Racing,7.0,13.0,0.0,Finished,,,,0 days 00:00:27.216000,2021,14,Italian Grand Prix,1,0,0,13.4,10.2,0.0,0.0,0.1,
44,L HAMILTON,Lewis Hamilton,HAM,Mercedes,4.0,17.0,0.0,Collision,,,,,2021,14,Italian Grand Prix,0,0,0,2.4,2.4,16.3,0.0,12.65,
88,R KUBICA,Robert Kubica,KUB,Alfa Romeo Racing,17.0,14.0,0.0,Finished,,,,0 days 00:00:29.769000,2021,14,Italian Grand Prix,1,0,0,15.0,16.0,0.0,0.0,0.1,
6,N LATIFI,Nicholas Latifi,LAT,Williams,13.0,11.0,0.0,Finished,,,,0 days 00:00:23.743000,2021,14,Italian Grand Prix,1,0,0,12.4,12.6,1.4,0.0,2.0,
16,C LECLERC,Charles Leclerc,LEC,Ferrari,5.0,4.0,12.0,Finished,,,,0 days 00:00:07.309000,2021,14,Italian Grand Prix,1,0,0,8.2,7.4,6.8,0.2,7.35,
9,N MAZEPIN,Nikita Mazepin,MAZ,Haas F1 Team,16.0,16.0,0.0,Power Unit,,,,,2021,14,Italian Grand Prix,0,0,0,17.4,18.8,0.0,0.4,0.0,
47,M SCHUMACHER,Mick Schumacher,MSC,Haas F1 Team,18.0,15.0,0.0,Finished,,,,0 days 00:00:51.088000,2021,14,Italian Grand Prix,1,0,0,16.4,18.2,0.0,0.0,0.0,
4,L NORRIS,Lando Norris,NOR,McLaren,3.0,2.0,18.0,Finished,,,,0 days 00:00:01.747000,2021,14,Italian Grand Prix,1,1,0,9.2,8.2,5.6,0.2,5.0,
31,E OCON,Esteban Ocon,OCO,Alpine,12.0,10.0,1.0,Finished,,,,0 days 00:00:20.868000,2021,14,Italian Grand Prix,1,0,0,9.2,10.0,6.4,0.2,6.2,
11,S PEREZ,Sergio Perez,PER,Red Bull Racing,8.0,5.0,10.0,Finished,,,,0 days 00:00:08.723000,2021,14,Italian Grand Prix,1,0,0,13.2,1.4,2.4,0.2,7.75,
3,D RICCIARDO,Daniel Ricciardo,RIC,McLaren,2.0,1.0,26.0,Finished,,,,0 days 01:21:54.365000,2021,14,Italian Grand Prix,1,1,1,7.6,8.8,4.4,0.0,5.3,
63,G RUSSELL,George Russell,RUS,Williams,14.0,9.0,2.0,Finished,,,,0 days 00:00:19.742000,2021,14,Italian Grand Prix,1,0,0,10.0,10.0,2.6,0.2,2.0,
55,C SAINZ,Carlos Sainz,SAI,Ferrari,6.0,6.0,8.0,Finished,,,,0 days 00:00:10.535000,2021,14,Italian Grand Prix,1,0,0,6.2,10.4,7.9,0.0,8.15,
18,L STROLL,Lance Stroll,STR,Aston Martin,9.0,7.0,6.0,Finished,,,,0 days 00:00:15.804000,2021,14,Italian Grand Prix,1,0,0,14.4,13.2,0.8,0.2,0.9,
22,Y TSUNODA,Yuki Tsunoda,TSU,AlphaTauri,0.0,20.0,0.0,Brakes,,,,,2021,14,Italian Grand Prix,0,0,0,12.4,13.8,1.8,0.2,3.6,
33,M VERSTAPPEN,Max Verstappen,VER,Red Bull Racing,1.0,18.0,0.0,Collision,,,,,2021,14,Italian Grand Prix,0,0,0,6.4,1.4,13.1,0.2,7.95,
5,S VETTEL,Sebastian Vettel,VET,Aston Martin,11.0,12.0,0.0,Finished,,,,0 days 00:00:24.621000,2021,14,Italian Grand Prix,1,0,0,14.8,9.8,1.0,0.6,1.5,
14,F ALONSO,Fernando Alonso,ALO,Alpine,6.0,6.0,8.0,Finished,,,,0 days 00:01:21.321000,2021,15,Russian Grand Prix,1,0,0,7.2,9.4,6.0,0.0,6.3,
77,V BOTTAS,Valtteri Bottas,BOT,Mercedes,16.0,5.0,10.0,Finished,,,,0 days 00:01:07.533000,2021,15,Russian Grand Prix,1,0,0,7.4,8.0,9.0,0.2,11.45,
10,P GASLY,Pierre Gasly,GAS,AlphaTauri,11.0,13.0,0.0,+1 Lap,,,,,2021,15,Russian Grand Prix,1,0,0,9.0,5.2,5.4,0.2,3.6,
99,A GIOVINAZZI,Antonio Giovinazzi,GIO,Alfa Romeo Racing,17.0,16.0,0.0,+1 Lap,,,,,2021,15,Russian Grand Prix,1,0,0,13.2,8.6,0.0,0.0,0.1,
44,L HAMILTON,Lewis Hamilton,HAM,Mercedes,4.0,1.0,25.0,Finished,,,,0 days 01:30:41.001000,2021,15,Russian Grand Prix,1,1,1,5.0,2.4,13.9,0.2,10.95,
6,N LATIFI,Nicholas Latifi,LAT,Williams,18.0,19.0,0.0,Accident,,,,,2021,15,Russian Grand Prix,0,0,0,11.4,11.6,1.4,0.0,2.2,
16,C LECLERC,Charles Leclerc,LEC,Ferrari,19.0,15.0,0.0,+1 Lap,,,,,2021,15,Russian Grand Prix,1,0,0,7.4,6.0,8.4,0.2,7.95,
9,N MAZEPIN,Nikita Mazepin,MAZ,Haas F1 Team,15.0,18.0,0.0,+2 Laps,,,,,2021,15,Russian Grand Prix,1,0,0,16.8,18.0,0.0,0.6,0.0,
47,M SCHUMACHER,Mick Schumacher,MSC,Haas F1 Team,14.0,20.0,0.0,Oil leak,,,,,2021,15,Russian Grand Prix,0,0,0,15.8,18.0,0.0,0.0,0.0,
4,L NORRIS,Lando Norris,NOR,McLaren,1.0,7.0,7.0,Finished,,,,0 days 00:01:27.224000,2021,15,Russian Grand Prix,1,0,0,9.0,8.4,6.2,0.2,7.3,
31,E OCON,Esteban Ocon,OCO,Alpine,9.0,14.0,0.0,+1 Lap,,,,,2021,15,Russian Grand Prix,1,0,0,7.2,9.0,6.6,0.0,6.5,
11,S PEREZ,Sergio Perez,PER,Red Bull Racing,8.0,9.0,2.0,Finished,,,,0 days 00:01:30.076000,2021,15,Russian Grand Prix,1,0,0,13.0,2.4,2.8,0.2,5.35,
7,K RAIKKONEN,Kimi Räikkönen,RAI,Alfa Romeo Racing,13.0,8.0,4.0,Finished,,,,0 days 00:01:28.955000,2021,15,Russian Grand Prix,1,0,0,13.8,12.0,0.2,0.0,0.1,
3,D RICCIARDO,Daniel Ricciardo,RIC,McLaren,5.0,4.0,12.0,Finished,,,,0 days 00:01:05.607000,2021,15,Russian Grand Prix,1,0,0,6.4,6.6,8.4,0.0,6.8,
63,G RUSSELL,George Russell,RUS,Williams,3.0,10.0,1.0,Finished,,,,0 days 00:01:40.551000,2021,15,Russian Grand Prix,1,0,0,9.6,11.2,3.0,0.2,2.2,
55,C SAINZ,Carlos Sainz,SAI,Ferrari,2.0,3.0,15.0,Finished,,,,0 days 00:01:02.475000,2021,15,Russian Grand Prix,1,1,0,6.4,9.6,7.5,0.0,6.15,
18,L STROLL,Lance Stroll,STR,Aston Martin,7.0,11.0,0.0,Finished,,,,0 days 00:01:46.198000,2021,15,Russian Grand Prix,1,0,0,13.2,13.2,2.0,0.2,1.5,
22,Y TSUNODA,Yuki Tsunoda,TSU,AlphaTauri,12.0,17.0,0.0,+1 Lap,,,,,2021,15,Russian Grand Prix,1,0,0,14.0,12.4,1.8,0.4,3.6,
33,M VERSTAPPEN,Max Verstappen,VER,Red Bull Racing,20.0,2.0,18.0,Finished,,,,0 days 00:00:53.271000,2021,15,Russian Grand Prix,1,1,0,9.8,1.4,7.9,0.4,5.55,
5,S VETTEL,Sebastian Vettel,VET,Aston Martin,10.0,12.0,0.0,+1 Lap,,,,,2021,15,Russian Grand Prix,1,0,0,13.8,9.8,1.0,0.4,1.1,
14,F ALONSO,Fernando Alonso,ALO,Alpine,5.0,16.0,0.0,+1 Lap,,,,,2021,16,Turkish Grand Prix,1,0,0,7.0,9.2,6.4,0.0,6.3,
77,V BOTTAS,Valtteri Bottas,BOT,Mercedes,1.0,1.0,26.0,Finished,,,,0 days 01:31:04.103000,2021,16,Turkish Grand Prix,1,1,1,7.8,10.6,8.0,0.2,10.95,
10,P GASLY,Pierre Gasly,GAS,AlphaTauri,4.0,6.0,8.0,Finished,,,,0 days 00:00:44.292000,2021,16,Turkish Grand Prix,1,0,0,9.4,5.2,5.4,0.2,3.5,
99,A GIOVINAZZI,Antonio Giovinazzi,GIO,Alfa Romeo Racing,16.0,11.0,0.0,+1 Lap,,,,,2021,16,Turkish Grand Prix,1,0,0,13.8,9.0,0.0,0.0,0.5,
44,L HAMILTON,Lewis Hamilton,HAM,Mercedes,11.0,5.0,10.0,Finished,,,,0 days 00:00:41.812000,2021,16,Turkish Grand Prix,1,0,0,5.0,2.8,13.9,0.2,13.55,
6,N LATIFI,Nicholas Latifi,LAT,Williams,15.0,17.0,0.0,+1 Lap,,,,,2021,16,Turkish Grand Prix,1,0,0,12.4,11.8,1.4,0.2,2.3,
16,C LECLERC,Charles Leclerc,LEC,Ferrari,3.0,4.0,12.0,Finished,,,,0 days 00:00:37.814000,2021,16,Turkish Grand Prix,1,0,0,10.0,9.0,4.8,0.2,6.85,
9,N MAZEPIN,Nikita Mazepin,MAZ,Haas F1 Team,18.0,20.0,0.0,+2 Laps,,,,,2021,16,Turkish Grand Prix,1,0,0,17.0,17.2,0.0,0.6,0.0,
47,M SCHUMACHER,Mick Schumacher,MSC,Haas F1 Team,14.0,19.0,0.0,+2 Laps,,,,,2021,16,Turkish Grand Prix,1,0,0,16.2,17.2,0.0,0.2,0.0,
4,L NORRIS,Lando Norris,NOR,McLaren,7.0,7.0,6.0,Finished,,,,0 days 00:00:47.213000,2021,16,Turkish Grand Prix,1,0,0,9.6,7.6,5.2,0.2,7.0,
31,E OCON,Esteban Ocon,OCO,Alpine,12.0,10.0,1.0,+1 Lap,,,,,2021,16,Turkish Grand Prix,1,0,0,8.2,9.0,6.2,0.0,5.1,
11,S PEREZ,Sergio Perez,PER,Red Bull Racing,6.0,3.0,15.0,Finished,,,,0 days 00:00:33.471000,2021,16,Turkish Grand Prix,1,1,0,11.6,4.0,3.2,0.2,7.35,
7,K RAIKKONEN,Kimi Räikkönen,RAI,Alfa Romeo Racing,17.0,12.0,0.0,+1 Lap,,,,,2021,16,Turkish Grand Prix,1,0,0,13.2,11.0,1.0,0.0,0.5,
3,D RICCIARDO,Daniel Ricciardo,RIC,McLaren,20.0,13.0,0.0,+1 Lap,,,,,2021,16,Turkish Grand Prix,1,0,0,6.2,6.4,8.8,0.0,7.6,
63,G RUSSELL,George Russell,RUS,Williams,13.0,15.0,0.0,+1 Lap,,,,,2021,16,Turkish Grand Prix,1,0,0,9.2,9.4,3.2,0.2,1.7,
55,C SAINZ,Carlos Sainz,SAI,Ferrari,19.0,8.0,4.0,Finished,,,,0 days 00:00:51.526000,2021,16,Turkish Grand Prix,1,0,0,5.8,8.0,8.9,0.0,8.05,
18,L STROLL,Lance Stroll,STR,Aston Martin,8.0,9.0,2.0,Finished,,,,0 days 00:01:22.018000,2021,16,Turkish Grand Prix,1,0,0,13.8,11.8,1.2,0.2,1.1,
22,Y TSUNODA,Yuki Tsunoda,TSU,AlphaTauri,9.0,14.0,0.0,+1 Lap,,,,,2021,16,Turkish Grand Prix,1,0,0,15.4,11.6,1.6,0.4,3.2,
33,M VERSTAPPEN,Max Verstappen,VER,Red Bull Racing,2.0,2.0,18.0,Finished,,,,0 days 00:00:14.584000,2021,16,Turkish Grand Prix,1,1,0,6.2,5.2,11.5,0.2,8.85,
5,S VETTEL,Sebastian Vettel,VET,Aston Martin,10.0,18.0,0.0,+1 Lap,,,,,2021,16,Turkish Grand Prix,1,0,0,12.4,10.2,1.0,0.2,1.3,
14,F ALONSO,Fernando Alonso,ALO,Alpine,19.0,18.0,0.0,Rear wing,,,,,2021,17,United States Grand Prix,0,0,0,9.4,8.4,4.0,0.0,2.7,
77,V BOTTAS,Valtteri Bottas,BOT,Mercedes,9.0,6.0,8.0,Finished,,,,0 days 00:01:20.128000,2021,17,United States Grand Prix,1,0,0,4.8,10.4,13.2,0.0,12.75,
10,P GASLY,Pierre Gasly,GAS,AlphaTauri,8.0,20.0,0.0,Suspension,,,,,2021,17,United States Grand Prix,0,0,0,9.6,5.0,4.8,0.2,2.4,
99,A GIOVINAZZI,Antonio Giovinazzi,GIO,Alfa Romeo Racing,12.0,11.0,0.0,+1 Lap,,,,,2021,17,United States Grand Prix,1,0,0,13.4,12.2,0.0,0.0,0.4,
44,L HAMILTON,Lewis Hamilton,HAM,Mercedes,2.0,2.0,19.0,Finished,,,,0 days 00:00:01.333000,2021,17,United States Grand Prix,1,1,0,5.6,4.8,12.3,0.2,13.55,
6,N LATIFI,Nicholas Latifi,LAT,Williams,14.0,15.0,0.0,+1 Lap,,,,,2021,17,United States Grand Prix,1,0,0,14.4,11.2,0.2,0.2,1.3,
16,C LECLERC,Charles Leclerc,LEC,Ferrari,4.0,4.0,12.0,Finished,,,,0 days 00:00:52.246000,2021,17,United States Grand Prix,1,0,0,7.2,8.2,7.2,0.0,6.95,
9,N MAZEPIN,Nikita Mazepin,MAZ,Haas F1 Team,17.0,17.0,0.0,+2 Laps,,,,,2021,17,United States Grand Prix,1,0,0,18.2,17.0,0.0,0.4,0.0,
47,M SCHUMACHER,Mick Schumacher,MSC,Haas F1 Team,16.0,16.0,0.0,+2 Laps,,,,,2021,17,United States Grand Prix,1,0,0,17.6,16.0,0.0,0.2,0.0,
4,L NORRIS,Lando Norris,NOR,McLaren,7.0,8.0,4.0,Finished,,,,0 days 00:01:24.395000,2021,17,United States Grand Prix,1,0,0,8.0,7.8,6.4,0.0,7.6,
31,E OCON,Esteban Ocon,OCO,Alpine,11.0,19.0,0.0,Mechanical,,,,,2021,17,United States Grand Prix,0,0,0,10.0,9.8,1.4,0.0,2.7,
11,S PEREZ,Sergio Perez,PER,Red Bull Racing,3.0,3.0,15.0,Finished,,,,0 days 00:00:42.223000,2021,17,United States Grand Prix,1,1,0,8.8,4.4,6.2,0.0,10.45,
7,K RAIKKONEN,Kimi Räikkönen,RAI,Alfa Romeo Racing,15.0,13.0,0.0,+1 Lap,,,,,2021,17,United States Grand Prix,1,0,0,12.6,11.2,1.0,0.0,0.4,
3,D RICCIARDO,Daniel Ricciardo,RIC,McLaren,6.0,5.0,10.0,Finished,,,,0 days 00:01:16.854000,2021,17,United States Grand Prix,1,0,0,6.6,8.2,8.8,0.0,8.0,
63,G RUSSELL,George Russell,RUS,Williams,20.0,14.0,0.0,+1 Lap,,,,,2021,17,United States Grand Prix,1,0,0,10.6,8.6,2.4,0.2,1.2,
55,C SAINZ,Carlos Sainz,SAI,Ferrari,5.0,7.0,6.0,Finished,,,,0 days 00:01:23.545000,2021,17,United States Grand Prix,1,0,0,6.8,8.8,6.7,0.0,7.95,
18,L STROLL,Lance Stroll,STR,Aston Martin,13.0,12.0,0.0,+1 Lap,,,,,2021,17,United States Grand Prix,1,0,0,11.8,11.0,1.6,0.0,1.3,
22,Y TSUNODA,Yuki Tsunoda,TSU,AlphaTauri,10.0,9.0,2.0,+1 Lap,,,,,2021,17,United States Grand Prix,1,0,0,17.0,10.2,0.0,0.4,2.0,
33,M VERSTAPPEN,Max Verstappen,VER,Red Bull Racing,1.0,1.0,25.0,Finished,,,,0 days 01:34:36.552000,2021,17,United States Grand Prix,1,1,1,4.8,5.0,14.7,0.2,11.95,
5,S VETTEL,Sebastian Vettel,VET,Aston Martin,18.0,10.0,1.0,+1 Lap,,,,,2021,17,United States Grand Prix,1,0,0,12.0,10.2,1.0,0.0,1.3,
14,F ALONSO,Fernando Alonso,ALO,Alpine,12.0,9.0,2.0,+1 Lap,,,,,2021,18,Mexico City Grand Prix,1,0,0,10.8,9.8,4.0,0.2,2.4,
77,V BOTTAS,Valtteri Bottas,BOT,Mercedes,1.0,15.0,0.0,+2 Laps,,,,,2021,18,Mexico City Grand Prix,1,0,0,3.6,9.6,14.8,0.0,14.7,
10,P GASLY,Pierre Gasly,GAS,AlphaTauri,5.0,4.0,12.0,Finished,,,,0 days 00:01:03.845000,2021,18,Mexico City Grand Prix,1,0,0,12.4,5.4,4.0,0.4,2.2,
99,A GIOVINAZZI,Antonio Giovinazzi,GIO,Alfa Romeo Racing,11.0,11.0,0.0,+1 Lap,,,,,2021,18,Mexico City Grand Prix,1,0,0,13.0,11.8,0.0,0.0,0.4,
44,L HAMILTON,Lewis Hamilton,HAM,Mercedes,2.0,2.0,18.0,Finished,,,,0 days 00:00:16.555000,2021,18,Mexico City Grand Prix,1,1,0,5.4,4.6,14.6,0.2,13.2,
6,N LATIFI,Nicholas Latifi,LAT,Williams,13.0,17.0,0.0,+2 Laps,,,,,2021,18,Mexico City Grand Prix,1,0,0,15.6,12.0,0.0,0.2,0.3,
16,C LECLERC,Charles Leclerc,LEC,Ferrari,8.0,5.0,10.0,Finished,,,,0 days 00:01:21.037000,2021,18,Mexico City Grand Prix,1,0,0,6.4,7.2,9.2,0.0,8.5,
9,N MAZEPIN,Nikita Mazepin,MAZ,Haas F1 Team,15.0,18.0,0.0,+3 Laps,,,,,2021,18,Mexico City Grand Prix,1,0,0,18.2,16.8,0.0,0.4,0.0,
47,M SCHUMACHER,Mick Schumacher,MSC,Haas F1 Team,14.0,19.0,0.0,Collision,,,,,2021,18,Mexico City Grand Prix,0,0,0,17.6,15.8,0.0,0.2,0.0,
4,L NORRIS,Lando Norris,NOR,McLaren,18.0,10.0,1.0,+1 Lap,,,,,2021,18,Mexico City Grand Prix,1,0,0,6.8,6.2,7.2,0.0,8.4,
31,E OCON,Esteban Ocon,OCO,Alpine,19.0,13.0,0.0,+1 Lap,,,,,2021,18,Mexico City Grand Prix,1,0,0,12.4,10.4,0.8,0.2,1.8,
11,S PEREZ,Sergio Perez,PER,Red Bull Racing,4.0,3.0,15.0,Finished,,,,0 days 00:00:17.752000,2021,18,Mexico City Grand Prix,1,1,0,5.6,5.0,9.2,0.0,13.2,
7,K RAIKKONEN,Kimi Räikkönen,RAI,Alfa Romeo Racing,10.0,8.0,4.0,+1 Lap,,,,,2021,18,Mexico City Grand Prix,1,0,0,12.2,11.6,1.0,0.0,0.4,
3,D RICCIARDO,Daniel Ricciardo,RIC,McLaren,7.0,12.0,0.0,+1 Lap,,,,,2021,18,Mexico City Grand Prix,1,0,0,6.8,8.6,9.6,0.0,8.4,
63,G RUSSELL,George Russell,RUS,Williams,16.0,16.0,0.0,+2 Laps,,,,,2021,18,Mexico City Grand Prix,1,0,0,13.0,12.2,0.6,0.2,0.3,
55,C SAINZ,Carlos Sainz,SAI,Ferrari,6.0,6.0,8.0,+1 Lap,,,,,2021,18,Mexico City Grand Prix,1,0,0,6.2,7.6,7.8,0.0,8.5,
18,L STROLL,Lance Stroll,STR,Aston Martin,20.0,14.0,0.0,+2 Laps,,,,,2021,18,Mexico City Grand Prix,1,0,0,10.2,9.8,1.6,0.0,0.9,
22,Y TSUNODA,Yuki Tsunoda,TSU,AlphaTauri,17.0,20.0,0.0,Collision,,,,,2021,18,Mexico City Grand Prix,0,0,0,15.8,9.0,0.4,0.4,2.2,
33,M VERSTAPPEN,Max Verstappen,VER,Red Bull Racing,3.0,1.0,25.0,Finished,,,,0 days 01:38:39.086000,2021,18,Mexico City Grand Prix,1,1,1,4.8,5.0,17.2,0.2,14.3,
5,S VETTEL,Sebastian Vettel,VET,Aston Martin,9.0,7.0,6.0,+1 Lap,,,,,2021,18,Mexico City Grand Prix,1,0,0,13.0,12.8,0.2,0.0,0.9,
14,F ALONSO,Fernando Alonso,ALO,Alpine,12.0,9.0,2.0,+1 Lap,,,,,2021,19,São Paulo Grand Prix,1,0,0,11.4,10.4,2.8,0.2,1.6,
77,V BOTTAS,Valtteri Bottas,BOT,Mercedes,1.0,3.0,15.0,Finished,,,,0 days 00:00:13.576000,2021,19,São Paulo Grand Prix,1,1,0,6.0,9.2,11.8,0.0,13.1,
10,P GASLY,Pierre Gasly,GAS,AlphaTauri,7.0,7.0,6.0,+1 Lap,,,,,2021,19,São Paulo Grand Prix,1,0,0,12.4,5.6,4.0,0.4,2.2,
99,A GIOVINAZZI,Antonio Giovinazzi,GIO,Alfa Romeo Racing,13.0,14.0,0.0,+1 Lap,,,,,2021,19,São Paulo Grand Prix,1,0,0,12.4,12.6,0.0,0.0,0.8,
44,L HAMILTON,Lewis Hamilton,HAM,Mercedes,10.0,1.0,25.0,Finished,,,,0 days 01:32:22.851000,2021,19,São Paulo Grand Prix,1,1,1,5.4,4.6,14.4,0.2,13.1,
6,N LATIFI,Nicholas Latifi,LAT,Williams,16.0,16.0,0.0,+1 Lap,,,,,2021,19,São Paulo Grand Prix,1,0,0,15.8,14.6,0.0,0.2,0.3,
16,C LECLERC,Charles Leclerc,LEC,Ferrari,6.0,5.0,10.0,Finished,,,,0 days 00:00:49.517000,2021,19,São Paulo Grand Prix,1,0,0,6.4,7.8,9.2,0.0,8.7,
9,N MAZEPIN,Nikita Mazepin,MAZ,Haas F1 Team,19.0,17.0,0.0,+2 Laps,,,,,2021,19,São Paulo Grand Prix,1,0,0,17.8,16.2,0.0,0.2,0.0,
47,M SCHUMACHER,Mick Schumacher,MSC,Haas F1 Team,18.0,18.0,0.0,+2 Laps,,,,,2021,19,São Paulo Grand Prix,1,0,0,17.8,15.2,0.0,0.4,0.0,
4,L NORRIS,Lando Norris,NOR,McLaren,5.0,10.0,1.0,+1 Lap,,,,,2021,19,São Paulo Grand Prix,1,0,0,6.8,7.2,7.2,0.0,8.4,
31,E OCON,Esteban Ocon,OCO,Alpine,8.0,8.0,4.0,+1 Lap,,,,,2021,19,São Paulo Grand Prix,1,0,0,13.2,12.6,0.4,0.2,1.4,
11,S PEREZ,Sergio Perez,PER,Red Bull Racing,4.0,4.0,13.0,Finished,,,,0 days 00:00:39.940000,2021,19,São Paulo Grand Prix,1,0,0,4.6,5.8,11.4,0.0,14.3,
7,K RAIKKONEN,Kimi Räikkönen,RAI,Alfa Romeo Racing,0.0,12.0,0.0,+1 Lap,,,,,2021,19,São Paulo Grand Prix,1,0,0,11.8,11.0,1.6,0.0,0.8,
3,D RICCIARDO,Daniel Ricciardo,RIC,McLaren,11.0,19.0,0.0,Power loss,,,,,2021,19,São Paulo Grand Prix,0,0,0,7.0,8.0,9.6,0.0,6.7,
63,G RUSSELL,George Russell,RUS,Williams,17.0,13.0,0.0,+1 Lap,,,,,2021,19,São Paulo Grand Prix,1,0,0,12.8,13.2,0.6,0.0,0.3,
55,C SAINZ,Carlos Sainz,SAI,Ferrari,3.0,6.0,8.0,Finished,,,,0 days 00:00:51.820000,2021,19,São Paulo Grand Prix,1,0,0,6.0,7.6,8.2,0.0,8.5,
18,L STROLL,Lance Stroll,STR,Aston Martin,14.0,20.0,0.0,Collision damage,,,,,2021,19,São Paulo Grand Prix,0,0,0,10.6,11.4,1.6,0.0,1.5,
22,Y TSUNODA,Yuki Tsunoda,TSU,AlphaTauri,15.0,15.0,0.0,+1 Lap,,,,,2021,19,São Paulo Grand Prix,1,0,0,16.0,9.6,0.4,0.4,2.8,
33,M VERSTAPPEN,Max Verstappen,VER,Red Bull Racing,2.0,2.0,18.0,Finished,,,,0 days 00:00:10.496000,2021,19,São Paulo Grand Prix,1,1,0,4.8,5.4,17.2,0.2,14.6,
5,S VETTEL,Sebastian Vettel,VET,Aston Martin,9.0,11.0,0.0,+1 Lap,,,,,2021,19,São Paulo Grand Prix,1,0,0,11.8,11.6,1.4,0.0,0.9,
14,F ALONSO,Fernando Alonso,ALO,Alpine,3.0,3.0,15.0,Finished,,,,0 days 00:00:59.457000,2021,20,Qatar Grand Prix,1,1,0,11.6,10.8,2.4,0.2,1.7,
77,V BOTTAS,Valtteri Bottas,BOT,Mercedes,6.0,20.0,0.0,Damage,,,,,2021,20,Qatar Grand Prix,0,0,0,6.0,5.6,11.8,0.0,15.6,
10,P GASLY,Pierre Gasly,GAS,AlphaTauri,2.0,11.0,0.0,+1 Lap,,,,,2021,20,Qatar Grand Prix,1,0,0,10.0,7.0,5.2,0.2,2.8,
99,A GIOVINAZZI,Antonio Giovinazzi,GIO,Alfa Romeo Racing,18.0,15.0,0.0,+1 Lap,,,,,2021,20,Qatar Grand Prix,1,0,0,12.6,13.8,0.0,0.0,0.8,
44,L HAMILTON,Lewis Hamilton,HAM,Mercedes,1.0,1.0,25.0,Finished,,,,0 days 01:24:28.471000,2021,20,Qatar Grand Prix,1,1,1,2.2,5.8,19.4,0.0,14.6,
6,N LATIFI,Nicholas Latifi,LAT,Williams,17.0,19.0,0.0,Puncture,,,,,2021,20,Qatar Grand Prix,0,0,0,16.8,15.2,0.0,0.2,0.1,
16,C LECLERC,Charles Leclerc,LEC,Ferrari,13.0,8.0,4.0,Finished,,,,0 days 00:01:23.126000,2021,20,Qatar Grand Prix,1,0,0,6.6,8.0,8.8,0.0,8.5,
9,N MAZEPIN,Nikita Mazepin,MAZ,Haas F1 Team,20.0,18.0,0.0,+2 Laps,,,,,2021,20,Qatar Grand Prix,1,0,0,18.0,16.8,0.0,0.0,0.0,
47,M SCHUMACHER,Mick Schumacher,MSC,Haas F1 Team,19.0,16.0,0.0,+1 Lap,,,,,2021,20,Qatar Grand Prix,1,0,0,18.4,15.2,0.0,0.4,0.0,
4,L NORRIS,Lando Norris,NOR,McLaren,4.0,9.0,2.0,+1 Lap,,,,,2021,20,Qatar Grand Prix,1,0,0,8.4,7.6,3.8,0.0,4.1,
31,E OCON,Esteban Ocon,OCO,Alpine,9.0,5.0,10.0,Finished,,,,0 days 00:01:20.570000,2021,20,Qatar Grand Prix,1,0,0,12.8,11.8,1.0,0.2,2.4,
11,S PEREZ,Sergio Perez,PER,Red Bull Racing,11.0,4.0,12.0,Finished,,,,0 days 00:01:02.306000,2021,20,Qatar Grand Prix,1,0,0,4.4,5.0,12.0,0.0,16.4,
7,K RAIKKONEN,Kimi Räikkönen,RAI,Alfa Romeo Racing,16.0,14.0,0.0,+1 Lap,,,,,2021,20,Qatar Grand Prix,1,0,0,10.6,11.0,1.6,0.0,0.8,
3,D RICCIARDO,Daniel Ricciardo,RIC,McLaren,14.0,12.0,0.0,+1 Lap,,,,,2021,20,Qatar Grand Prix,1,0,0,10.6,9.8,4.4,0.2,3.6,
63,G RUSSELL,George Russell,RUS,Williams,15.0,17.0,0.0,+2 Laps,,,,,2021,20,Qatar Grand Prix,1,0,0,13.6,13.8,0.2,0.0,0.1,
55,C SAINZ,Carlos Sainz,SAI,Ferrari,5.0,7.0,6.0,Finished,,,,0 days 00:01:21.911000,2021,20,Qatar Grand Prix,1,0,0,6.0,7.0,8.2,0.0,8.9,
18,L STROLL,Lance Stroll,STR,Aston Martin,12.0,6.0,8.0,Finished,,,,0 days 00:01:21.274000,2021,20,Qatar Grand Prix,1,0,0,13.2,12.4,0.4,0.2,0.9,
22,Y TSUNODA,Yuki Tsunoda,TSU,AlphaTauri,8.0,13.0,0.0,+1 Lap,,,,,2021,20,Qatar Grand Prix,1,0,0,15.0,12.6,0.4,0.2,2.8,
33,M VERSTAPPEN,Max Verstappen,VER,Red Bull Racing,7.0,2.0,19.0,Finished,,,,0 days 00:00:25.743000,2021,20,Qatar Grand Prix,1,1,0,1.6,5.6,20.8,0.0,17.4,
5,S VETTEL,Sebastian Vettel,VET,Aston Martin,10.0,10.0,1.0,+1 Lap,,,,,2021,20,Qatar Grand Prix,1,0,0,11.6,11.2,1.4,0.0,1.7,
14,F ALONSO,Fernando Alonso,ALO,Alpine,13.0,13.0,0.0,+1 Lap,,,,,2021,21,Saudi Arabian Grand Prix,1,0,0,11.0,10.2,3.8,0.2,3.4,
77,V BOTTAS,Valtteri Bottas,BOT,Mercedes,2.0,3.0,15.0,Finished,,,,0 days 00:00:27.531000,2021,21,Saudi Arabian Grand Prix,1,1,0,9.0,3.6,9.8,0.2,14.6,
10,P GASLY,Pierre Gasly,GAS,AlphaTauri,6.0,6.0,8.0,Finished,,,,0 days 00:00:41.613000,2021,21,Saudi Arabian Grand Prix,1,0,0,9.6,5.2,5.2,0.2,2.8,
99,A GIOVINAZZI,Antonio Giovinazzi,GIO,Alfa Romeo Racing,10.0,9.0,2.0,Finished,,,,0 days 00:00:58.505000,2021,21,Saudi Arabian Grand Prix,1,0,0,12.4,14.0,0.0,0.0,0.4,
44,L HAMILTON,Lewis Hamilton,HAM,Mercedes,1.0,1.0,26.0,Finished,,,,0 days 02:06:15.118000,2021,21,Saudi Arabian Grand Prix,1,1,1,2.2,5.2,19.4,0.0,13.5,
6,N LATIFI,Nicholas Latifi,LAT,Williams,16.0,12.0,0.0,Finished,,,,0 days 00:01:23.249000,2021,21,Saudi Arabian Grand Prix,1,0,0,16.8,15.0,0.0,0.2,0.0,
16,C LECLERC,Charles Leclerc,LEC,Ferrari,4.0,7.0,6.0,Finished,,,,0 days 00:00:44.475000,2021,21,Saudi Arabian Grand Prix,1,0,0,5.2,6.8,9.6,0.0,8.0,
9,N MAZEPIN,Nikita Mazepin,MAZ,Haas F1 Team,20.0,18.0,0.0,Collision,,,,,2021,21,Saudi Arabian Grand Prix,0,0,0,18.0,17.8,0.0,0.0,0.0,
47,M SCHUMACHER,Mick Schumacher,MSC,Haas F1 Team,19.0,20.0,0.0,Accident,,,,,2021,21,Saudi Arabian Grand Prix,0,0,0,17.6,16.2,0.0,0.2,0.0,
4,L NORRIS,Lando Norris,NOR,McLaren,7.0,10.0,1.0,Finished,,,,0 days 00:01:01.358000,2021,21,Saudi Arabian Grand Prix,1,0,0,8.8,8.2,2.8,0.0,2.4,
31,E OCON,Esteban Ocon,OCO,Alpine,9.0,4.0,12.0,Finished,,,,0 days 00:00:27.633000,2021,21,Saudi Arabian Grand Prix,1,0,0,11.0,11.8,3.0,0.2,3.4,
11,S PEREZ,Sergio Perez,PER,Red Bull Racing,5.0,17.0,0.0,Collision,,,,,2021,21,Saudi Arabian Grand Prix,0,0,0,3.4,5.6,14.0,0.0,17.5,
7,K RAIKKONEN,Kimi Räikkönen,RAI,Alfa Romeo Racing,12.0,15.0,0.0,+1 Lap,,,,,2021,21,Saudi Arabian Grand Prix,1,0,0,11.8,11.6,0.8,0.0,0.6,
3,D RICCIARDO,Daniel Ricciardo,RIC,McLaren,11.0,5.0,10.0,Finished,,,,0 days 00:00:40.121000,2021,21,Saudi Arabian Grand Prix,1,0,0,12.2,11.6,2.0,0.2,1.9,
63,G RUSSELL,George Russell,RUS,Williams,14.0,19.0,0.0,Collision,,,,,2021,21,Saudi Arabian Grand Prix,0,0,0,15.0,16.2,0.0,0.0,0.0,
55,C SAINZ,Carlos Sainz,SAI,Ferrari,15.0,8.0,4.0,Finished,,,,0 days 00:00:46.606000,2021,21,Saudi Arabian Grand Prix,1,0,0,6.8,7.6,6.4,0.0,7.4,
18,L STROLL,Lance Stroll,STR,Aston Martin,18.0,11.0,0.0,Finished,,,,0 days 00:01:17.212000,2021,21,Saudi Arabian Grand Prix,1,0,0,12.2,13.4,2.0,0.2,1.8,
22,Y TSUNODA,Yuki Tsunoda,TSU,AlphaTauri,8.0,14.0,0.0,+1 Lap,,,,,2021,21,Saudi Arabian Grand Prix,1,0,0,14.2,11.8,0.4,0.2,2.8,
33,M VERSTAPPEN,Max Verstappen,VER,Red Bull Racing,3.0,2.0,18.0,Finished,,,,0 days 00:00:11.825000,2021,21,Saudi Arabian Grand Prix,1,1,0,1.6,3.0,21.0,0.0,16.0,
5,S VETTEL,Sebastian Vettel,VET,Aston Martin,17.0,16.0,0.0,Collision damage,,,,,2021,21,Saudi Arabian Grand Prix,0,0,0,11.2,11.2,1.6,0.0,1.6,
14,F ALONSO,Fernando Alonso,ALO,Alpine,11.0,8.0,4.0,Finished,,,,0 days 00:01:01.708000,2021,22,Abu Dhabi Grand Prix,1,0,0,10.4,11.8,3.8,0.2,4.5,
77,V BOTTAS,Valtteri Bottas,BOT,Mercedes,6.0,6.0,8.0,Finished,,,,0 days 00:00:07.463000,2021,22,Abu Dhabi Grand Prix,1,0,0,9.4,3.8,7.6,0.2,15.1,
10,P GASLY,Pierre Gasly,GAS,AlphaTauri,12.0,5.0,10.0,Finished,,,,0 days 00:00:06.531000,2021,22,Abu Dhabi Grand Prix,1,0,0,9.6,5.6,5.2,0.2,2.8,
99,A GIOVINAZZI,Antonio Giovinazzi,GIO,Alfa Romeo Racing,14.0,17.0,0.0,Gearbox,,,,,2021,22,Abu Dhabi Grand Prix,0,0,0,12.0,12.8,0.4,0.0,0.6,
44,L HAMILTON,Lewis Hamilton,HAM,Mercedes,2.0,2.0,18.0,Finished,,,,0 days 00:00:02.256000,2021,22,Abu Dhabi Grand Prix,1,1,0,1.4,3.2,22.6,0.0,15.1,
6,N LATIFI,Nicholas Latifi,LAT,Williams,16.0,16.0,0.0,Accident,,,,,2021,22,Abu Dhabi Grand Prix,0,0,0,15.8,15.2,0.0,0.2,0.0,
16,C LECLERC,Charles Leclerc,LEC,Ferrari,7.0,10.0,1.0,Finished,,,,0 days 00:01:06.057000,2021,22,Abu Dhabi Grand Prix,1,0,0,5.8,7.0,8.4,0.0,7.4,
9,,Nikita Mazepin,MAZ,Haas F1 Team,,,0.0,Illness,,,,,2021,22,Abu Dhabi Grand Prix,0,0,0,17.6,18.2,0.0,0.2,0.0,
47,M SCHUMACHER,Mick Schumacher,MSC,Haas F1 Team,19.0,14.0,0.0,+1 Lap,,,,,2021,22,Abu Dhabi Grand Prix,1,0,0,17.8,17.2,0.0,0.4,0.0,
4,L NORRIS,Lando Norris,NOR,McLaren,3.0,7.0,6.0,Finished,,,,0 days 00:00:59.200000,2021,22,Abu Dhabi Grand Prix,1,0,0,9.4,8.2,1.8,0.0,2.9,
31,E OCON,Esteban Ocon,OCO,Alpine,9.0,9.0,2.0,Finished,,,,0 days 00:01:04.026000,2021,22,Abu Dhabi Grand Prix,1,0,0,9.8,11.2,5.2,0.2,4.9,
11,S PEREZ,Sergio Perez,PER,Red Bull Racing,4.0,15.0,0.0,Engine,,,,,2021,22,Abu Dhabi Grand Prix,0,0,0,6.2,5.4,11.0,0.2,16.0,
7,K RAIKKONEN,Kimi Räikkönen,RAI,Alfa Romeo Racing,18.0,19.0,0.0,Brakes,,,,,2021,22,Abu Dhabi Grand Prix,0,0,0,12.4,10.6,0.8,0.0,0.6,
3,D RICCIARDO,Daniel Ricciardo,RIC,McLaren,10.0,12.0,0.0,+1 Lap,,,,,2021,22,Abu Dhabi Grand Prix,1,0,0,10.6,9.8,4.0,0.2,3.1,
63,G RUSSELL,George Russell,RUS,Williams,17.0,18.0,0.0,Gearbox,,,,,2021,22,Abu Dhabi Grand Prix,0,0,0,15.8,16.4,0.0,0.2,0.0,
55,C SAINZ,Carlos Sainz,SAI,Ferrari,5.0,3.0,15.0,Finished,,,,0 days 00:00:05.173000,2021,22,Abu Dhabi Grand Prix,1,1,0,6.8,6.8,6.4,0.0,6.3,
18,L STROLL,Lance Stroll,STR,Aston Martin,13.0,13.0,0.0,+1 Lap,,,,,2021,22,Abu Dhabi Grand Prix,1,0,0,12.6,15.4,1.6,0.2,1.6,
22,Y TSUNODA,Yuki Tsunoda,TSU,AlphaTauri,8.0,4.0,12.0,Finished,,,,0 days 00:00:05.692000,2021,22,Abu Dhabi Grand Prix,1,0,0,14.2,11.6,0.4,0.2,3.8,
33,M VERSTAPPEN,Max Verstappen,VER,Red Bull Racing,1.0,1.0,26.0,Finished,,,,0 days 01:30:17.345000,2021,22,Abu Dhabi Grand Prix,1,1,1,1.6,3.2,21.0,0.0,14.5,
5,S VETTEL,Sebastian Vettel,VET,Aston Martin,15.0,11.0,0.0,Finished,,,,0 days 00:01:07.527000,2021,22,Abu Dhabi Grand Prix,1,0,0,10.8,12.6,1.6,0.2,1.6,
23,A ALBON,Alexander Albon,ALB,Williams,14.0,13.0,0.0,Finished,,,,0 days 00:00:53.932000,2022,1,Bahrain Grand Prix,1,0,0,,,,,0.0,
14,F ALONSO,Fernando Alonso,ALO,Alpine,8.0,9.0,2.0,Finished,,,,0 days 00:00:22.390000,2022,1,Bahrain Grand Prix,1,0,0,8.4,10.2,4.6,0.0,5.1,19.0
77,V BOTTAS,Valtteri Bottas,BOT,Alfa Romeo,6.0,6.0,8.0,Finished,,,,0 days 00:00:16.119000,2022,1,Bahrain Grand Prix,1,0,0,9.4,3.2,7.6,0.2,,3.0
10,P GASLY,Pierre Gasly,GAS,AlphaTauri,10.0,20.0,0.0,Power Unit,,,,,2022,1,Bahrain Grand Prix,0,0,0,6.6,6.4,7.2,0.0,4.8,17.0
44,L HAMILTON,Lewis Hamilton,HAM,Mercedes,5.0,3.0,15.0,Finished,,,,0 days 00:00:09.675000,2022,1,Bahrain Grand Prix,1,1,0,1.4,3.2,22.4,0.0,15.0,1.0
27,N HULKENBERG,Nico Hulkenberg,HUL,Aston Martin,17.0,17.0,0.0,Finished,,,,0 days 00:01:03.829000,2022,1,Bahrain Grand Prix,1,0,0,,,,,1.5,
6,N LATIFI,Nicholas Latifi,LAT,Williams,20.0,16.0,0.0,Finished,,,,0 days 00:01:01.795000,2022,1,Bahrain Grand Prix,1,0,0,16.0,15.6,0.0,0.4,0.0,18.0
16,C LECLERC,Charles Leclerc,LEC,Ferrari,1.0,1.0,26.0,Finished,,,,0 days 01:37:33.584000,2022,1,Bahrain Grand Prix,1,1,1,7.0,7.6,6.2,0.0,7.2,6.0
20,K MAGNUSSEN,Kevin Magnussen,MAG,Haas F1 Team,7.0,5.0,10.0,Finished,,,,0 days 00:00:14.754000,2022,1,Bahrain Grand Prix,1,0,0,,,,,0.0,
47,M SCHUMACHER,Mick Schumacher,MSC,Haas F1 Team,12.0,11.0,0.0,Finished,,,,0 days 00:00:32.574000,2022,1,Bahrain Grand Prix,1,0,0,17.4,17.8,0.0,0.4,1.0,16.0
4,L NORRIS,Lando Norris,NOR,McLaren,13.0,15.0,0.0,Finished,,,,0 days 00:00:56.335000,2022,1,Bahrain Grand Prix,1,0,0,9.2,7.4,2.2,0.0,2.1,4.0
31,E OCON,Esteban Ocon,OCO,Alpine,11.0,7.0,6.0,Finished,,,,0 days 00:00:19.423000,2022,1,Bahrain Grand Prix,1,0,0,7.8,10.8,5.6,0.0,5.1,13.0
11,S PEREZ,Sergio Perez,PER,Red Bull Racing,4.0,18.0,0.0,Fuel pressure,,,,,2022,1,Bahrain Grand Prix,0,0,0,8.6,5.6,8.0,0.4,14.6,5.0
3,D RICCIARDO,Daniel Ricciardo,RIC,McLaren,18.0,14.0,0.0,Finished,,,,0 days 00:00:54.975000,2022,1,Bahrain Grand Prix,1,0,0,12.0,10.6,2.0,0.2,2.0,7.0
63,G RUSSELL,George Russell,RUS,Mercedes,9.0,4.0,12.0,Finished,,,,0 days 00:00:11.211000,2022,1,Bahrain Grand Prix,1,0,0,16.6,15.8,0.0,0.4,16.5,14.0
55,C SAINZ,Carlos Sainz,SAI,Ferrari,3.0,2.0,18.0,Finished,,,,0 days 00:00:05.598000,2022,1,Bahrain Grand Prix,1,1,0,6.0,6.8,8.2,0.0,8.8,8.0
18,L STROLL,Lance Stroll,STR,Aston Martin,19.0,12.0,0.0,Finished,,,,0 days 00:00:45.873000,2022,1,Bahrain Grand Prix,1,0,0,12.8,15.4,1.6,0.2,1.5,10.0
22,Y TSUNODA,Yuki Tsunoda,TSU,AlphaTauri,16.0,8.0,4.0,Finished,,,,0 days 00:00:20.386000,2022,1,Bahrain Grand Prix,1,0,0,13.2,11.2,2.4,0.2,3.6,9.0
1,M VERSTAPPEN,Max Verstappen,VER,Red Bull Racing,2.0,19.0,0.0,Fuel pressure,,,,,2022,1,Bahrain Grand Prix,0,0,0,1.6,3.2,21.2,0.0,13.1,2.0
24,G ZHOU,Guanyu Zhou,ZHO,Alfa Romeo,15.0,10.0,1.0,Finished,,,,0 days 00:00:23.064000,2022,1,Bahrain Grand Prix,1,0,0,,,,,8.0,
23,A ALBON,Alexander Albon,ALB,Williams,16.0,14.0,0.0,Collision damage,,,,,2022,2,Saudi Arabian Grand Prix,0,0,0,13.0,14.0,0.0,0.0,0.0,
14,F ALONSO,Fernando Alonso,ALO,Alpine,7.0,16.0,0.0,Water pump,,,,,2022,2,Saudi Arabian Grand Prix,0,0,0,8.4,9.4,4.6,0.0,5.7,13.0
77,V BOTTAS,Valtteri Bottas,BOT,Alfa Romeo,8.0,15.0,0.0,Cooling system,,,,,2022,2,Saudi Arabian Grand Prix,0,0,0,7.6,4.2,9.2,0.2,4.5,3.0
10,P GASLY,Pierre Gasly,GAS,AlphaTauri,9.0,8.0,4.0,Finished,,,,0 days 00:01:02.946000,2022,2,Saudi Arabian Grand Prix,1,0,0,9.8,7.4,4.8,0.2,4.0,6.0
44,L HAMILTON,Lewis Hamilton,HAM,Mercedes,15.0,10.0,1.0,Finished,,,,0 days 00:01:13.948000,2022,2,Saudi Arabian Grand Prix,1,0,0,1.6,3.8,21.8,0.0,15.9,1.0
27,N HULKENBERG,Nico Hulkenberg,HUL,Aston Martin,17.0,12.0,0.0,Finished,,,,0 days 00:01:31.742000,2022,2,Saudi Arabian Grand Prix,1,0,0,17.0,17.0,0.0,0.0,0.9,
6,N LATIFI,Nicholas Latifi,LAT,Williams,18.0,18.0,0.0,Accident,,,,,2022,2,Saudi Arabian Grand Prix,0,0,0,15.8,17.0,0.0,0.4,0.0,12.0
16,C LECLERC,Charles Leclerc,LEC,Ferrari,2.0,2.0,19.0,Finished,,,,0 days 00:00:00.549000,2022,2,Saudi Arabian Grand Prix,1,1,0,6.2,6.2,9.4,0.0,9.8,7.0
20,K MAGNUSSEN,Kevin Magnussen,MAG,Haas F1 Team,10.0,9.0,2.0,Finished,,,,0 days 00:01:04.308000,2022,2,Saudi Arabian Grand Prix,1,0,0,5.0,7.0,10.0,0.0,1.0,
47,,Mick Schumacher,MSC,Haas F1 Team,,,0.0,Withdrew,,,,,2022,2,Saudi Arabian Grand Prix,0,0,0,15.8,17.4,0.0,0.2,1.2,20.0
4,L NORRIS,Lando Norris,NOR,McLaren,11.0,7.0,6.0,Finished,,,,0 days 00:00:56.124000,2022,2,Saudi Arabian Grand Prix,1,0,0,10.2,6.4,2.0,0.0,2.0,10.0
31,E OCON,Esteban Ocon,OCO,Alpine,5.0,6.0,8.0,Finished,,,,0 days 00:00:56.017000,2022,2,Saudi Arabian Grand Prix,1,0,0,6.6,9.2,6.8,0.0,5.5,4.0
11,S PEREZ,Sergio Perez,PER,Red Bull Racing,1.0,4.0,12.0,Finished,,,,0 days 00:00:10.800000,2022,2,Saudi Arabian Grand Prix,1,0,0,11.6,5.6,5.0,0.6,10.6,17.0
3,D RICCIARDO,Daniel Ricciardo,RIC,McLaren,14.0,17.0,0.0,Gearbox,,,,,2022,2,Saudi Arabian Grand Prix,0,0,0,12.4,12.8,2.0,0.2,2.5,5.0
63,G RUSSELL,George Russell,RUS,Mercedes,6.0,5.0,10.0,Finished,,,,0 days 00:00:32.732000,2022,2,Saudi Arabian Grand Prix,1,0,0,14.2,14.4,2.4,0.4,14.5,19.0
55,C SAINZ,Carlos Sainz,SAI,Ferrari,3.0,3.0,15.0,Finished,,,,0 days 00:00:08.097000,2022,2,Saudi Arabian Grand Prix,1,1,0,5.2,6.2,10.2,0.0,10.7,8.0
18,L STROLL,Lance Stroll,STR,Aston Martin,13.0,13.0,0.0,+1 Lap,,,,,2022,2,Saudi Arabian Grand Prix,1,0,0,12.4,15.2,1.6,0.2,0.9,11.0
22,Y TSUNODA,Yuki Tsunoda,TSU,AlphaTauri,19.0,19.0,0.0,Power Unit,,,,,2022,2,Saudi Arabian Grand Prix,0,0,0,10.8,11.0,3.2,0.0,3.8,14.0
1,M VERSTAPPEN,Max Verstappen,VER,Red Bull Racing,4.0,1.0,25.0,Finished,,,,0 days 01:24:19.293000,2022,2,Saudi Arabian Grand Prix,1,1,1,5.2,3.0,16.2,0.2,10.5,2.0
24,G ZHOU,Guanyu Zhou,ZHO,Alfa Romeo,12.0,11.0,0.0,Finished,,,,0 days 00:01:22.215000,2022,2,Saudi Arabian Grand Prix,1,0,0,10.0,15.0,1.0,0.0,3.0,
23,A ALBON,Alexander Albon,ALB,Williams,20.0,10.0,1.0,Finished,,,,0 days 00:01:19.382000,2022,3,Australian Grand Prix,1,0,0,13.5,15.0,0.0,0.5,0.0,
14,F ALONSO,Fernando Alonso,ALO,Alpine,10.0,17.0,0.0,+1 Lap,,,,,2022,3,Australian Grand Prix,1,0,0,9.8,8.4,4.2,0.2,5.9,
77,V BOTTAS,Valtteri Bottas,BOT,Alfa Romeo,12.0,8.0,4.0,Finished,,,,0 days 00:01:08.439000,2022,3,Australian Grand Prix,1,0,0,10.0,5.6,6.2,0.4,2.25,
10,P GASLY,Pierre Gasly,GAS,AlphaTauri,11.0,9.0,2.0,Finished,,,,0 days 00:01:16.221000,2022,3,Australian Grand Prix,1,0,0,10.0,7.8,4.4,0.2,3.8,
44,L HAMILTON,Lewis Hamilton,HAM,Mercedes,5.0,4.0,12.0,Finished,,,,0 days 00:00:28.543000,2022,3,Australian Grand Prix,1,0,0,3.4,4.8,17.0,0.0,13.0,
6,N LATIFI,Nicholas Latifi,LAT,Williams,18.0,16.0,0.0,+1 Lap,,,,,2022,3,Australian Grand Prix,1,0,0,16.2,17.4,0.0,0.6,0.1,
16,C LECLERC,Charles Leclerc,LEC,Ferrari,1.0,1.0,26.0,Finished,,,,0 days 01:27:46.548000,2022,3,Australian Grand Prix,1,1,1,5.6,5.4,11.2,0.0,11.4,
20,K MAGNUSSEN,Kevin Magnussen,MAG,Haas F1 Team,16.0,14.0,0.0,+1 Lap,,,,,2022,3,Australian Grand Prix,1,0,0,7.0,8.5,6.0,0.0,1.2,
47,M SCHUMACHER,Mick Schumacher,MSC,Haas F1 Team,15.0,13.0,0.0,+1 Lap,,,,,2022,3,Australian Grand Prix,1,0,0,15.25,17.25,0.0,0.4,1.2,
4,L NORRIS,Lando Norris,NOR,McLaren,4.0,5.0,10.0,Finished,,,,0 days 00:00:53.303000,2022,3,Australian Grand Prix,1,0,0,9.6,7.6,3.0,0.0,2.5,
31,E OCON,Esteban Ocon,OCO,Alpine,8.0,7.0,6.0,Finished,,,,0 days 00:01:01.683000,2022,3,Australian Grand Prix,1,0,0,6.2,8.6,7.6,0.0,4.4,
11,S PEREZ,Sergio Perez,PER,Red Bull Racing,3.0,2.0,18.0,Finished,,,,0 days 00:00:20.524000,2022,3,Australian Grand Prix,1,1,0,11.6,5.0,4.8,0.6,11.2,
3,D RICCIARDO,Daniel Ricciardo,RIC,McLaren,7.0,6.0,8.0,Finished,,,,0 days 00:00:53.737000,2022,3,Australian Grand Prix,1,0,0,12.0,13.4,2.0,0.2,3.3,
63,G RUSSELL,George Russell,RUS,Mercedes,6.0,3.0,15.0,Finished,,,,0 days 00:00:25.593000,2022,3,Australian Grand Prix,1,1,0,12.6,12.2,4.4,0.4,14.2,
55,C SAINZ,Carlos Sainz,SAI,Ferrari,9.0,20.0,0.0,Spun off,,,,,2022,3,Australian Grand Prix,0,0,0,4.6,6.2,11.6,0.0,13.6,
18,L STROLL,Lance Stroll,STR,Aston Martin,19.0,12.0,0.0,Finished,,,,0 days 00:01:28.598000,2022,3,Australian Grand Prix,1,0,0,11.0,15.0,1.6,0.0,0.9,
22,Y TSUNODA,Yuki Tsunoda,TSU,AlphaTauri,13.0,15.0,0.0,+1 Lap,,,,,2022,3,Australian Grand Prix,1,0,0,11.6,11.8,3.2,0.2,4.0,
1,M VERSTAPPEN,Max Verstappen,VER,Red Bull Racing,2.0,18.0,0.0,Fuel leak,,,,,2022,3,Australian Grand Prix,0,0,0,5.0,3.4,17.6,0.2,11.8,
5,S VETTEL,Sebastian Vettel,VET,Aston Martin,17.0,19.0,0.0,Accident,,,,,2022,3,Australian Grand Prix,0,0,0,11.0,12.0,1.4,0.2,0.1,
24,G ZHOU,Guanyu Zhou,ZHO,Alfa Romeo,14.0,11.0,0.0,Finished,,,,0 days 00:01:21.695000,2022,3,Australian Grand Prix,1,0,0,10.5,13.5,0.5,0.0,2.6,
23,A ALBON,Alexander Albon,ALB,Williams,18.0,11.0,0.0,+1 Lap,,,,,2022,4,Emilia Romagna Grand Prix,1,0,0,12.333333333333334,16.666666666666668,0.3333333333333333,0.3333333333333333,0.1,
14,F ALONSO,Fernando Alonso,ALO,Alpine,9.0,19.0,0.0,Collision damage,,,,,2022,4,Emilia Romagna Grand Prix,0,0,0,12.6,9.8,1.2,0.2,4.0,10.0
77,V BOTTAS,Valtteri Bottas,BOT,Alfa Romeo,7.0,5.0,10.0,Finished,,,,0 days 00:00:43.181000,2022,4,Emilia Romagna Grand Prix,1,0,0,7.6,6.8,7.0,0.2,2.1666666666666665,18.0
10,P GASLY,Pierre Gasly,GAS,AlphaTauri,17.0,12.0,0.0,+1 Lap,,,,,2022,4,Emilia Romagna Grand Prix,1,0,0,9.6,9.6,4.8,0.2,4.0,7.0
44,L HAMILTON,Lewis Hamilton,HAM,Mercedes,14.0,13.0,0.0,+1 Lap,,,,,2022,4,Emilia Romagna Grand Prix,1,0,0,4.0,5.6,14.4,0.0,13.2,2.0
6,N LATIFI,Nicholas Latifi,LAT,Williams,19.0,16.0,0.0,+1 Lap,,,,,2022,4,Emilia Romagna Grand Prix,1,0,0,15.6,17.6,0.0,0.4,0.1,20.0
16,C LECLERC,Charles Leclerc,LEC,Ferrari,2.0,6.0,8.0,Finished,,,,0 days 00:00:56.072000,2022,4,Emilia Romagna Grand Prix,1,0,0,4.2,3.0,15.6,0.0,13.0,4.0
20,K MAGNUSSEN,Kevin Magnussen,MAG,Haas F1 Team,8.0,9.0,2.0,Finished,,,,0 days 00:01:15.260000,2022,4,Emilia Romagna Grand Prix,1,0,0,9.333333333333334,11.0,4.0,0.0,1.2,
47,M SCHUMACHER,Mick Schumacher,MSC,Haas F1 Team,10.0,17.0,0.0,+1 Lap,,,,,2022,4,Emilia Romagna Grand Prix,1,0,0,14.5,16.25,0.0,0.4,1.4,16.0
4,L NORRIS,Lando Norris,NOR,McLaren,5.0,3.0,15.0,Finished,,,,0 days 00:00:34.834000,2022,4,Emilia Romagna Grand Prix,1,1,0,8.8,7.6,4.6,0.0,4.1,3.0
31,E OCON,Esteban Ocon,OCO,Alpine,16.0,14.0,0.0,+1 Lap,,,,,2022,4,Emilia Romagna Grand Prix,1,0,0,6.6,8.4,6.8,0.0,4.0,9.0
11,S PEREZ,Sergio Perez,PER,Red Bull Racing,3.0,2.0,18.0,Finished,,,,0 days 00:00:16.527000,2022,4,Emilia Romagna Grand Prix,1,1,0,11.2,3.4,6.0,0.6,9.9,11.0
3,D RICCIARDO,Daniel Ricciardo,RIC,McLaren,6.0,18.0,0.0,+1 Lap,,,,,2022,4,Emilia Romagna Grand Prix,1,0,0,10.8,12.0,3.6,0.2,5.5,6.0
63,G RUSSELL,George Russell,RUS,Mercedes,11.0,4.0,12.0,Finished,,,,0 days 00:00:42.506000,2022,4,Emilia Romagna Grand Prix,1,0,0,9.8,10.4,7.4,0.4,11.7,19.0
55,C SAINZ,Carlos Sainz,SAI,Ferrari,4.0,20.0,0.0,Collision,,,,,2022,4,Emilia Romagna Grand Prix,0,0,0,7.2,7.0,10.4,0.2,13.2,5.0
18,L STROLL,Lance Stroll,STR,Aston Martin,15.0,10.0,1.0,+1 Lap,,,,,2022,4,Emilia Romagna Grand Prix,1,0,0,12.2,16.4,0.0,0.0,0.0,8.0
22,Y TSUNODA,Yuki Tsunoda,TSU,AlphaTauri,12.0,7.0,6.0,Finished,,,,0 days 00:01:01.110000,2022,4,Emilia Romagna Grand Prix,1,0,0,12.0,12.8,3.2,0.2,3.2,12.0
1,M VERSTAPPEN,Max Verstappen,VER,Red Bull Racing,1.0,1.0,26.0,Finished,,,,0 days 01:32:07.986000,2022,4,Emilia Romagna Grand Prix,1,1,1,8.2,2.4,13.8,0.4,11.7,1.0
5,S VETTEL,Sebastian Vettel,VET,Aston Martin,13.0,8.0,4.0,Finished,,,,0 days 00:01:10.892000,2022,4,Emilia Romagna Grand Prix,1,0,0,13.4,13.6,0.2,0.4,0.1,15.0
24,G ZHOU,Guanyu Zhou,ZHO,Alfa Romeo,0.0,15.0,0.0,+1 Lap,,,,,2022,4,Emilia Romagna Grand Prix,1,0,0,10.666666666666666,13.666666666666666,0.3333333333333333,0.0,3.2857142857142856,
23,A ALBON,Alexander Albon,ALB,Williams,18.0,9.0,2.0,Finished,,,,0 days 00:00:32.365000,2022,5,Miami Grand Prix,1,0,0,12.0,17.0,0.25,0.25,0.1,
14,F ALONSO,Fernando Alonso,ALO,Alpine,11.0,11.0,0.0,Finished,,,,0 days 00:00:37.128000,2022,5,Miami Grand Prix,1,0,0,13.8,9.0,1.2,0.4,2.8,
77,V BOTTAS,Valtteri Bottas,BOT,Alfa Romeo,5.0,7.0,6.0,Finished,,,,0 days 00:00:25.073000,2022,5,Miami Grand Prix,1,0,0,8.0,7.8,6.0,0.2,2.875,
10,P GASLY,Pierre Gasly,GAS,AlphaTauri,7.0,18.0,0.0,Suspension,,,,,2022,5,Miami Grand Prix,0,0,0,10.8,11.8,3.2,0.2,3.8,
44,L HAMILTON,Lewis Hamilton,HAM,Mercedes,6.0,6.0,8.0,Finished,,,,0 days 00:00:21.368000,2022,5,Miami Grand Prix,1,0,0,6.4,8.2,9.2,0.0,10.3,
6,N LATIFI,Nicholas Latifi,LAT,Williams,19.0,14.0,0.0,Finished,,,,0 days 00:00:49.936000,2022,5,Miami Grand Prix,1,0,0,16.4,18.2,0.0,0.4,0.3,
16,C LECLERC,Charles Leclerc,LEC,Ferrari,1.0,2.0,18.0,Finished,,,,0 days 00:00:03.786000,2022,5,Miami Grand Prix,1,1,0,4.0,2.6,16.0,0.0,12.8,
20,K MAGNUSSEN,Kevin Magnussen,MAG,Haas F1 Team,16.0,16.0,0.0,Front wing,,,,,2022,5,Miami Grand Prix,0,0,0,9.25,10.25,3.5,0.0,1.4,
47,M SCHUMACHER,Mick Schumacher,MSC,Haas F1 Team,15.0,15.0,0.0,Finished,,,,0 days 00:01:13.305000,2022,5,Miami Grand Prix,1,0,0,13.75,14.0,0.0,0.2,1.4,
4,L NORRIS,Lando Norris,NOR,McLaren,8.0,19.0,0.0,Collision,,,,,2022,5,Miami Grand Prix,0,0,0,7.4,7.2,7.4,0.0,4.5,
31,E OCON,Esteban Ocon,OCO,Alpine,20.0,8.0,4.0,Finished,,,,0 days 00:00:28.386000,2022,5,Miami Grand Prix,1,0,0,8.6,9.8,4.4,0.0,2.4,
11,S PEREZ,Sergio Perez,PER,Red Bull Racing,4.0,4.0,12.0,Finished,,,,0 days 00:00:10.638000,2022,5,Miami Grand Prix,1,0,0,8.2,3.0,9.6,0.4,12.5,
3,D RICCIARDO,Daniel Ricciardo,RIC,McLaren,14.0,13.0,0.0,Finished,,,,0 days 00:00:40.902000,2022,5,Miami Grand Prix,1,0,0,13.4,11.0,1.6,0.2,3.9,
63,G RUSSELL,George Russell,RUS,Mercedes,12.0,5.0,10.0,Finished,,,,0 days 00:00:18.582000,2022,5,Miami Grand Prix,1,0,0,6.8,9.8,9.8,0.2,10.3,
55,C SAINZ,Carlos Sainz,SAI,Ferrari,2.0,3.0,15.0,Finished,,,,0 days 00:00:08.229000,2022,5,Miami Grand Prix,1,1,0,9.6,4.8,9.6,0.4,14.5,
18,L STROLL,Lance Stroll,STR,Aston Martin,0.0,10.0,1.0,Finished,,,,0 days 00:00:37.026000,2022,5,Miami Grand Prix,1,0,0,12.0,15.8,0.2,0.0,0.5,
22,Y TSUNODA,Yuki Tsunoda,TSU,AlphaTauri,9.0,12.0,0.0,Finished,,,,0 days 00:00:40.146000,2022,5,Miami Grand Prix,1,0,0,10.6,13.6,4.4,0.2,2.8,
1,M VERSTAPPEN,Max Verstappen,VER,Red Bull Racing,3.0,1.0,26.0,Finished,,,,0 days 01:34:24.258000,2022,5,Miami Grand Prix,1,1,1,8.0,2.0,15.4,0.4,13.7,
5,S VETTEL,Sebastian Vettel,VET,Aston Martin,0.0,17.0,0.0,Collision,,,,,2022,5,Miami Grand Prix,0,0,0,12.8,14.4,1.0,0.4,0.6,
24,G ZHOU,Guanyu Zhou,ZHO,Alfa Romeo,17.0,20.0,0.0,Water leak,,,,,2022,5,Miami Grand Prix,0,0,0,11.75,10.25,0.25,0.0,3.2222222222222223,
23,A ALBON,Alexander Albon,ALB,Williams,18.0,18.0,0.0,+2 Laps,,,,,2022,6,Spanish Grand Prix,1,0,0,11.4,17.2,0.6,0.2,0.3,
14,F ALONSO,Fernando Alonso,ALO,Alpine,20.0,9.0,2.0,+1 Lap,,,,,2022,6,Spanish Grand Prix,1,0,0,14.4,9.0,0.4,0.4,2.6,17.0
77,V BOTTAS,Valtteri Bottas,BOT,Alfa Romeo,7.0,6.0,8.0,Finished,,,,0 days 00:00:59.976000,2022,6,Spanish Grand Prix,1,0,0,8.2,7.6,5.6,0.2,2.9,3.0
10,P GASLY,Pierre Gasly,GAS,AlphaTauri,14.0,13.0,0.0,+1 Lap,,,,,2022,6,Spanish Grand Prix,1,0,0,13.4,10.8,1.2,0.4,1.6,10.0
44,L HAMILTON,Lewis Hamilton,HAM,Mercedes,6.0,5.0,10.0,Finished,,,,0 days 00:00:54.534000,2022,6,Spanish Grand Prix,1,0,0,7.2,9.0,7.2,0.0,9.5,1.0
6,N LATIFI,Nicholas Latifi,LAT,Williams,19.0,16.0,0.0,+2 Laps,,,,,2022,6,Spanish Grand Prix,1,0,0,16.0,18.8,0.0,0.2,0.3,16.0
16,C LECLERC,Charles Leclerc,LEC,Ferrari,1.0,20.0,0.0,Turbo,,,,,2022,6,Spanish Grand Prix,0,0,0,2.4,1.4,19.4,0.0,14.5,4.0
20,K MAGNUSSEN,Kevin Magnussen,MAG,Haas F1 Team,8.0,17.0,0.0,+2 Laps,,,,,2022,6,Spanish Grand Prix,1,0,0,10.6,11.4,2.8,0.2,1.4,
47,M SCHUMACHER,Mick Schumacher,MSC,Haas F1 Team,10.0,14.0,0.0,+1 Lap,,,,,2022,6,Spanish Grand Prix,1,0,0,14.0,13.0,0.0,0.2,0.4,18.0
4,L NORRIS,Lando Norris,NOR,McLaren,11.0,8.0,4.0,Finished,,,,0 days 00:01:23.235000,2022,6,Spanish Grand Prix,1,0,0,9.8,8.2,6.2,0.2,3.9,8.0
31,E OCON,Esteban Ocon,OCO,Alpine,12.0,7.0,6.0,Finished,,,,0 days 00:01:15.397000,2022,6,Spanish Grand Prix,1,0,0,8.4,12.0,4.8,0.0,2.6,9.0
11,S PEREZ,Sergio Perez,PER,Red Bull Racing,5.0,2.0,19.0,Finished,,,,0 days 00:00:13.072000,2022,6,Spanish Grand Prix,1,1,0,6.0,3.0,12.0,0.2,13.7,5.0
3,D RICCIARDO,Daniel Ricciardo,RIC,McLaren,9.0,12.0,0.0,+1 Lap,,,,,2022,6,Spanish Grand Prix,1,0,0,13.6,11.8,1.6,0.2,4.3,6.0
63,G RUSSELL,George Russell,RUS,Mercedes,4.0,3.0,15.0,Finished,,,,0 days 00:00:32.927000,2022,6,Spanish Grand Prix,1,1,0,4.2,8.8,11.8,0.0,9.0,14.0
55,C SAINZ,Carlos Sainz,SAI,Ferrari,3.0,4.0,12.0,Finished,,,,0 days 00:00:45.208000,2022,6,Spanish Grand Prix,1,0,0,9.6,4.2,9.6,0.4,11.9,7.0
18,L STROLL,Lance Stroll,STR,Aston Martin,17.0,15.0,0.0,+1 Lap,,,,,2022,6,Spanish Grand Prix,1,0,0,11.4,13.2,0.4,0.0,0.6,11.0
22,Y TSUNODA,Yuki Tsunoda,TSU,AlphaTauri,13.0,10.0,1.0,+1 Lap,,,,,2022,6,Spanish Grand Prix,1,0,0,12.2,13.8,2.0,0.2,1.6,20.0
1,M VERSTAPPEN,Max Verstappen,VER,Red Bull Racing,2.0,1.0,25.0,Finished,,,,0 days 01:37:20.475000,2022,6,Spanish Grand Prix,1,1,1,8.0,2.4,15.4,0.4,15.6,2.0
5,S VETTEL,Sebastian Vettel,VET,Aston Martin,16.0,11.0,0.0,+1 Lap,,,,,2022,6,Spanish Grand Prix,1,0,0,14.2,12.4,0.8,0.6,0.6,13.0
24,G ZHOU,Guanyu Zhou,ZHO,Alfa Romeo,15.0,19.0,0.0,Power loss,,,,,2022,6,Spanish Grand Prix,0,0,0,13.4,11.6,0.2,0.2,2.9,
23,A ALBON,Alexander Albon,ALB,Williams,16.0,18.0,0.0,Mechanical,,,,,2022,7,Monaco Grand Prix,0,0,0,12.4,18.0,0.6,0.2,0.3,
14,F ALONSO,Fernando Alonso,ALO,Alpine,7.0,7.0,6.0,Finished,,,,0 days 00:00:46.358000,2022,7,Monaco Grand Prix,1,0,0,14.4,11.4,0.4,0.4,2.6,13.0
77,V BOTTAS,Valtteri Bottas,BOT,Alfa Romeo,12.0,9.0,2.0,Finished,,,,0 days 00:00:52.525000,2022,7,Monaco Grand Prix,1,0,0,8.2,7.8,5.6,0.2,2.8,19.0
10,P GASLY,Pierre Gasly,GAS,AlphaTauri,17.0,11.0,0.0,Finished,,,,0 days 00:00:54.289000,2022,7,Monaco Grand Prix,1,0,0,12.0,11.6,1.2,0.2,1.3,6.0
44,L HAMILTON,Lewis Hamilton,HAM,Mercedes,8.0,8.0,4.0,Finished,,,,0 days 00:00:50.388000,2022,7,Monaco Grand Prix,1,0,0,7.6,9.2,6.2,0.0,9.3,7.0
6,N LATIFI,Nicholas Latifi,LAT,Williams,19.0,15.0,0.0,+1 Lap,,,,,2022,7,Monaco Grand Prix,1,0,0,16.0,18.6,0.0,0.2,0.3,15.0
16,C LECLERC,Charles Leclerc,LEC,Ferrari,1.0,4.0,12.0,Finished,,,,0 days 00:00:02.922000,2022,7,Monaco Grand Prix,1,0,0,6.2,1.4,14.2,0.2,11.3,20.0
20,K MAGNUSSEN,Kevin Magnussen,MAG,Haas F1 Team,13.0,20.0,0.0,Water pressure,,,,,2022,7,Monaco Grand Prix,0,0,0,13.0,11.6,0.8,0.2,0.4,
47,M SCHUMACHER,Mick Schumacher,MSC,Haas F1 Team,15.0,19.0,0.0,Accident,,,,,2022,7,Monaco Grand Prix,0,0,0,14.75,12.5,0.0,0.2,0.2,18.0
4,L NORRIS,Lando Norris,NOR,McLaren,5.0,6.0,9.0,Finished,,,,0 days 00:00:12.231000,2022,7,Monaco Grand Prix,1,0,0,8.4,7.8,7.0,0.2,4.3,3.0
31,E OCON,Esteban Ocon,OCO,Alpine,10.0,12.0,0.0,Finished,,,,0 days 00:00:55.644000,2022,7,Monaco Grand Prix,1,0,0,8.4,12.2,4.8,0.0,3.2,9.0
11,S PEREZ,Sergio Perez,PER,Red Bull Racing,3.0,1.0,25.0,Finished,,,,0 days 01:56:30.265000,2022,7,Monaco Grand Prix,1,1,1,2.8,3.2,15.8,0.0,18.1,4.0
3,D RICCIARDO,Daniel Ricciardo,RIC,McLaren,14.0,13.0,0.0,Finished,,,,0 days 00:00:57.635000,2022,7,Monaco Grand Prix,1,0,0,13.2,10.0,1.6,0.2,4.6,12.0
63,G RUSSELL,George Russell,RUS,Mercedes,6.0,5.0,10.0,Finished,,,,0 days 00:00:11.968000,2022,7,Monaco Grand Prix,1,0,0,4.0,7.8,12.4,0.0,9.6,14.0
55,C SAINZ,Carlos Sainz,SAI,Ferrari,2.0,2.0,18.0,Finished,,,,0 days 00:00:01.154000,2022,7,Monaco Grand Prix,1,1,0,10.0,4.2,8.4,0.4,10.6,2.0
18,L STROLL,Lance Stroll,STR,Aston Martin,18.0,14.0,0.0,Finished,,,,0 days 00:01:00.802000,2022,7,Monaco Grand Prix,1,0,0,12.0,12.8,0.4,0.0,0.6,8.0
22,Y TSUNODA,Yuki Tsunoda,TSU,AlphaTauri,11.0,17.0,0.0,+1 Lap,,,,,2022,7,Monaco Grand Prix,1,0,0,12.6,13.2,1.4,0.2,0.9,16.0
1,M VERSTAPPEN,Max Verstappen,VER,Red Bull Racing,4.0,3.0,15.0,Finished,,,,0 days 00:00:01.491000,2022,7,Monaco Grand Prix,1,1,0,4.4,2.4,20.4,0.2,19.4,1.0
5,S VETTEL,Sebastian Vettel,VET,Aston Martin,9.0,10.0,1.0,Finished,,,,0 days 00:00:53.536000,2022,7,Monaco Grand Prix,1,0,0,13.2,12.2,0.8,0.4,0.6,5.0
24,G ZHOU,Guanyu Zhou,ZHO,Alfa Romeo,20.0,16.0,0.0,+1 Lap,,,,,2022,7,Monaco Grand Prix,1,0,0,15.2,11.6,0.0,0.4,3.0,
23,A ALBON,Alexander Albon,ALB,Williams,17.0,12.0,0.0,+1 Lap,,,,,2022,8,Azerbaijan Grand Prix,1,0,0,13.2,18.0,0.6,0.2,0.3,
14,F ALONSO,Fernando Alonso,ALO,Alpine,10.0,7.0,6.0,Finished,,,,0 days 00:01:28.596000,2022,8,Azerbaijan Grand Prix,1,0,0,12.6,11.4,1.6,0.2,2.4,6.0
77,V BOTTAS,Valtteri Bottas,BOT,Alfa Romeo,15.0,11.0,0.0,+1 Lap,,,,,2022,8,Azerbaijan Grand Prix,1,0,0,7.0,8.6,6.0,0.0,3.0,12.0
10,P GASLY,Pierre Gasly,GAS,AlphaTauri,6.0,5.0,10.0,Finished,,,,0 days 00:01:17.299000,2022,8,Azerbaijan Grand Prix,1,0,0,12.6,13.2,0.4,0.2,0.9,3.0
44,L HAMILTON,Lewis Hamilton,HAM,Mercedes,7.0,4.0,12.0,Finished,,,,0 days 00:01:11.679000,2022,8,Azerbaijan Grand Prix,1,0,0,7.2,7.8,6.8,0.0,9.6,15.0
6,N LATIFI,Nicholas Latifi,LAT,Williams,18.0,15.0,0.0,+1 Lap,,,,,2022,8,Azerbaijan Grand Prix,1,0,0,15.4,18.8,0.0,0.0,0.2,16.0
16,C LECLERC,Charles Leclerc,LEC,Ferrari,1.0,19.0,0.0,Power Unit,,,,,2022,8,Azerbaijan Grand Prix,0,0,0,6.6,1.2,12.8,0.2,10.9,4.0
20,K MAGNUSSEN,Kevin Magnussen,MAG,Haas F1 Team,16.0,17.0,0.0,Power Unit,,,,,2022,8,Azerbaijan Grand Prix,0,0,0,15.2,12.2,0.4,0.4,0.2,
47,M SCHUMACHER,Mick Schumacher,MSC,Haas F1 Team,20.0,14.0,0.0,+1 Lap,,,,,2022,8,Azerbaijan Grand Prix,1,0,0,15.6,13.0,0.0,0.2,0.2,13.0
4,L NORRIS,Lando Norris,NOR,McLaren,11.0,9.0,2.0,Finished,,,,0 days 00:01:32.556000,2022,8,Azerbaijan Grand Prix,1,0,0,8.2,6.6,7.6,0.2,4.6,5.0
31,E OCON,Esteban Ocon,OCO,Alpine,13.0,10.0,1.0,Finished,,,,0 days 00:01:48.184000,2022,8,Azerbaijan Grand Prix,1,0,0,9.6,13.2,3.2,0.0,3.0,20.0
11,S PEREZ,Sergio Perez,PER,Red Bull Racing,2.0,2.0,19.0,Finished,,,,0 days 00:00:20.823000,2022,8,Azerbaijan Grand Prix,1,1,0,2.2,3.6,18.4,0.0,18.4,1.0
3,D RICCIARDO,Daniel Ricciardo,RIC,McLaren,12.0,8.0,4.0,Finished,,,,0 days 00:01:32.207000,2022,8,Azerbaijan Grand Prix,1,0,0,12.4,10.0,1.6,0.0,3.8,9.0
63,G RUSSELL,George Russell,RUS,Mercedes,5.0,3.0,15.0,Finished,,,,0 days 00:00:45.995000,2022,8,Azerbaijan Grand Prix,1,1,0,4.0,7.8,12.4,0.0,9.6,17.0
55,C SAINZ,Carlos Sainz,SAI,Ferrari,4.0,20.0,0.0,Hydraulics,,,,,2022,8,Azerbaijan Grand Prix,0,0,0,9.8,4.0,9.0,0.4,8.3,8.0
18,L STROLL,Lance Stroll,STR,Aston Martin,19.0,16.0,0.0,Vibrations,,,,,2022,8,Azerbaijan Grand Prix,0,0,0,12.2,13.8,0.4,0.0,0.7,19.0
22,Y TSUNODA,Yuki Tsunoda,TSU,AlphaTauri,8.0,13.0,0.0,+1 Lap,,,,,2022,8,Azerbaijan Grand Prix,1,0,0,12.2,11.6,1.4,0.0,1.7,7.0
1,M VERSTAPPEN,Max Verstappen,VER,Red Bull Racing,3.0,1.0,25.0,Finished,,,,0 days 01:34:05.941000,2022,8,Azerbaijan Grand Prix,1,1,1,4.8,2.4,18.4,0.2,18.5,18.0
5,S VETTEL,Sebastian Vettel,VET,Aston Martin,9.0,6.0,8.0,Finished,,,,0 days 00:01:24.099000,2022,8,Azerbaijan Grand Prix,1,0,0,13.0,11.0,1.0,0.4,0.7,2.0
24,G ZHOU,Guanyu Zhou,ZHO,Alfa Romeo,14.0,18.0,0.0,Hydraulics,,,,,2022,8,Azerbaijan Grand Prix,0,0,0,16.2,13.2,0.0,0.4,2.6,
23,A ALBON,Alexander Albon,ALB,Williams,12.0,13.0,0.0,Finished,,,,0 days 00:00:44.893000,2022,9,Canadian Grand Prix,1,0,0,13.6,17.4,0.4,0.2,0.2,
14,F ALONSO,Fernando Alonso,ALO,Alpine,2.0,9.0,2.0,Finished,,,,0 days 00:00:29.945000,2022,9,Canadian Grand Prix,1,0,0,10.6,11.4,2.8,0.2,2.5,
77,V BOTTAS,Valtteri Bottas,BOT,Alfa Romeo,11.0,7.0,6.0,Finished,,,,0 days 00:00:25.247000,2022,9,Canadian Grand Prix,1,0,0,7.6,9.2,5.2,0.0,2.6,
10,P GASLY,Pierre Gasly,GAS,AlphaTauri,15.0,14.0,0.0,Finished,,,,0 days 00:00:45.183000,2022,9,Canadian Grand Prix,1,0,0,11.8,12.2,2.0,0.2,1.7,
44,L HAMILTON,Lewis Hamilton,HAM,Mercedes,4.0,3.0,15.0,Finished,,,,0 days 00:00:07.006000,2022,9,Canadian Grand Prix,1,1,0,7.2,8.2,6.8,0.0,9.6,
6,N LATIFI,Nicholas Latifi,LAT,Williams,18.0,16.0,0.0,Finished,,,,0 days 00:00:59.978000,2022,9,Canadian Grand Prix,1,0,0,15.2,18.8,0.0,0.0,0.2,
16,C LECLERC,Charles Leclerc,LEC,Ferrari,19.0,5.0,10.0,Finished,,,,0 days 00:00:15.168000,2022,9,Canadian Grand Prix,1,0,0,10.2,1.2,7.6,0.4,8.3,
20,K MAGNUSSEN,Kevin Magnussen,MAG,Haas F1 Team,5.0,17.0,0.0,Finished,,,,0 days 00:01:08.180000,2022,9,Canadian Grand Prix,1,0,0,15.8,12.2,0.4,0.6,0.2,
47,M SCHUMACHER,Mick Schumacher,MSC,Haas F1 Team,6.0,19.0,0.0,Engine,,,,,2022,9,Canadian Grand Prix,0,0,0,15.8,14.0,0.0,0.2,0.0,
4,L NORRIS,Lando Norris,NOR,McLaren,14.0,15.0,0.0,Finished,,,,0 days 00:00:52.145000,2022,9,Canadian Grand Prix,1,0,0,9.0,8.0,6.0,0.2,3.4,
31,E OCON,Esteban Ocon,OCO,Alpine,7.0,6.0,8.0,Finished,,,,0 days 00:00:23.890000,2022,9,Canadian Grand Prix,1,0,0,10.2,14.2,2.2,0.0,2.7,
11,S PEREZ,Sergio Perez,PER,Red Bull Racing,13.0,20.0,0.0,Gearbox,,,,,2022,9,Canadian Grand Prix,0,0,0,2.2,3.4,18.6,0.0,21.0,
3,D RICCIARDO,Daniel Ricciardo,RIC,McLaren,9.0,11.0,0.0,Finished,,,,0 days 00:00:43.047000,2022,9,Canadian Grand Prix,1,0,0,12.8,11.0,0.8,0.0,1.9,
63,G RUSSELL,George Russell,RUS,Mercedes,8.0,4.0,12.0,Finished,,,,0 days 00:00:12.313000,2022,9,Canadian Grand Prix,1,0,0,4.0,7.6,12.4,0.0,11.1,
55,C SAINZ,Carlos Sainz,SAI,Ferrari,3.0,2.0,19.0,Finished,,,,0 days 00:00:00.993000,2022,9,Canadian Grand Prix,1,1,0,9.8,3.0,9.0,0.4,8.5,
18,L STROLL,Lance Stroll,STR,Aston Martin,17.0,10.0,1.0,Finished,,,,0 days 00:00:38.222000,2022,9,Canadian Grand Prix,1,0,0,13.0,13.8,0.4,0.2,1.5,
22,Y TSUNODA,Yuki Tsunoda,TSU,AlphaTauri,20.0,18.0,0.0,Accident,,,,,2022,9,Canadian Grand Prix,0,0,0,11.8,10.6,1.4,0.0,1.7,
1,M VERSTAPPEN,Max Verstappen,VER,Red Bull Racing,1.0,1.0,25.0,Finished,,,,0 days 01:36:21.757000,2022,9,Canadian Grand Prix,1,1,1,1.4,2.6,23.4,0.0,19.2,
5,S VETTEL,Sebastian Vettel,VET,Aston Martin,16.0,12.0,0.0,Finished,,,,0 days 00:00:44.245000,2022,9,Canadian Grand Prix,1,0,0,10.4,9.4,2.6,0.2,1.5,
24,G ZHOU,Guanyu Zhou,ZHO,Alfa Romeo,10.0,8.0,4.0,Finished,,,,0 days 00:00:26.952000,2022,9,Canadian Grand Prix,1,0,0,17.6,13.2,0.0,0.6,2.2,
23,A ALBON,Alexander Albon,ALB,Williams,16.0,20.0,0.0,Collision,,,,,2022,10,British Grand Prix,0,0,0,14.0,16.2,0.4,0.2,0.2,
14,F ALONSO,Fernando Alonso,ALO,Alpine,7.0,5.0,10.0,Finished,,,,0 days 00:00:09.571000,2022,10,British Grand Prix,1,0,0,8.6,10.0,3.2,0.0,3.5,7.0
77,V BOTTAS,Valtteri Bottas,BOT,Alfa Romeo,12.0,17.0,0.0,Gearbox,,,,,2022,10,British Grand Prix,0,0,0,8.0,10.0,4.4,0.0,2.6,3.0
10,P GASLY,Pierre Gasly,GAS,AlphaTauri,11.0,16.0,0.0,Collision damage,,,,,2022,10,British Grand Prix,0,0,0,12.2,11.8,2.0,0.2,1.1,11.0
44,L HAMILTON,Lewis Hamilton,HAM,Mercedes,5.0,3.0,16.0,Finished,,,,0 days 00:00:06.225000,2022,10,British Grand Prix,1,1,0,5.2,6.2,9.8,0.0,11.1,1.0
6,N LATIFI,Nicholas Latifi,LAT,Williams,10.0,12.0,0.0,Finished,,,,0 days 00:00:32.511000,2022,10,British Grand Prix,1,0,0,15.2,18.6,0.0,0.0,0.0,14.0
16,C LECLERC,Charles Leclerc,LEC,Ferrari,3.0,4.0,12.0,Finished,,,,0 days 00:00:08.546000,2022,10,British Grand Prix,1,0,0,10.0,4.6,8.0,0.4,10.4,2.0
20,K MAGNUSSEN,Kevin Magnussen,MAG,Haas F1 Team,17.0,10.0,1.0,Finished,,,,0 days 00:00:24.590000,2022,10,British Grand Prix,1,0,0,17.4,11.6,0.0,0.6,0.0,
47,M SCHUMACHER,Mick Schumacher,MSC,Haas F1 Team,19.0,8.0,4.0,Finished,,,,0 days 00:00:18.995000,2022,10,British Grand Prix,1,0,0,16.2,13.2,0.0,0.4,0.1,18.0
4,L NORRIS,Lando Norris,NOR,McLaren,6.0,6.0,8.0,Finished,,,,0 days 00:00:11.943000,2022,10,British Grand Prix,1,0,0,11.4,9.8,3.0,0.2,1.9,4.0
31,E OCON,Esteban Ocon,OCO,Alpine,15.0,15.0,0.0,Fuel pump,,,,,2022,10,British Grand Prix,0,0,0,8.6,12.4,3.8,0.0,4.5,9.0
11,S PEREZ,Sergio Perez,PER,Red Bull Racing,4.0,2.0,18.0,Finished,,,,0 days 00:00:03.779000,2022,10,British Grand Prix,1,1,0,5.8,5.4,15.0,0.2,19.1,16.0
3,D RICCIARDO,Daniel Ricciardo,RIC,McLaren,14.0,13.0,0.0,Finished,,,,0 days 00:00:32.817000,2022,10,British Grand Prix,1,0,0,11.4,11.6,0.8,0.0,2.7,5.0
63,G RUSSELL,George Russell,RUS,Mercedes,8.0,18.0,0.0,Collision,,,,,2022,10,British Grand Prix,0,0,0,4.0,7.0,12.4,0.0,11.9,12.0
55,C SAINZ,Carlos Sainz,SAI,Ferrari,1.0,1.0,25.0,Finished,,,,0 days 02:17:50.311000,2022,10,British Grand Prix,1,1,1,6.2,2.8,12.8,0.2,9.8,6.0
18,L STROLL,Lance Stroll,STR,Aston Martin,20.0,11.0,0.0,Finished,,,,0 days 00:00:26.147000,2022,10,British Grand Prix,1,0,0,13.0,14.2,0.4,0.2,1.1,8.0
22,Y TSUNODA,Yuki Tsunoda,TSU,AlphaTauri,13.0,14.0,0.0,Finished,,,,0 days 00:00:40.910000,2022,10,British Grand Prix,1,0,0,14.0,12.2,0.2,0.2,1.1,10.0
1,M VERSTAPPEN,Max Verstappen,VER,Red Bull Racing,2.0,7.0,6.0,Finished,,,,0 days 00:00:18.777000,2022,10,British Grand Prix,1,0,0,1.4,2.6,23.2,0.0,19.7,20.0
5,S VETTEL,Sebastian Vettel,VET,Aston Martin,18.0,9.0,2.0,Finished,,,,0 days 00:00:22.356000,2022,10,British Grand Prix,1,0,0,11.2,10.0,1.8,0.2,1.0,19.0
24,G ZHOU,Guanyu Zhou,ZHO,Alfa Romeo,9.0,19.0,0.0,Collision,,,,,2022,10,British Grand Prix,0,0,0,16.2,15.2,0.8,0.6,2.0,
23,A ALBON,Alexander Albon,ALB,Williams,15.0,12.0,0.0,+1 Lap,,,,,2022,11,Austrian Grand Prix,1,0,0,16.2,15.8,0.0,0.4,0.0,
14,F ALONSO,Fernando Alonso,ALO,Alpine,19.0,10.0,1.0,+1 Lap,,,,,2022,11,Austrian Grand Prix,1,0,0,7.4,9.2,5.2,0.0,4.1,10.0
77,V BOTTAS,Valtteri Bottas,BOT,Alfa Romeo,0.0,11.0,0.0,+1 Lap,,,,,2022,11,Austrian Grand Prix,1,0,0,10.0,11.4,3.2,0.2,2.0,2.0
10,P GASLY,Pierre Gasly,GAS,AlphaTauri,14.0,15.0,0.0,+1 Lap,,,,,2022,11,Austrian Grand Prix,1,0,0,11.8,12.6,2.0,0.2,1.1,9.0
44,L HAMILTON,Lewis Hamilton,HAM,Mercedes,8.0,3.0,15.0,Finished,,,,0 days 00:00:41.217000,2022,11,Austrian Grand Prix,1,1,0,4.6,6.0,11.4,0.0,10.9,4.0
6,N LATIFI,Nicholas Latifi,LAT,Williams,17.0,19.0,0.0,Undertray,,,,,2022,11,Austrian Grand Prix,0,0,0,14.8,16.8,0.0,0.0,0.0,16.0
16,C LECLERC,Charles Leclerc,LEC,Ferrari,2.0,1.0,25.0,Finished,,,,0 days 01:24:24.312000,2022,11,Austrian Grand Prix,1,1,1,10.4,5.0,6.8,0.4,10.8,8.0
20,K MAGNUSSEN,Kevin Magnussen,MAG,Haas F1 Team,7.0,8.0,4.0,+1 Lap,,,,,2022,11,Austrian Grand Prix,1,0,0,16.2,11.8,0.2,0.4,0.5,
47,M SCHUMACHER,Mick Schumacher,MSC,Haas F1 Team,9.0,6.0,8.0,+1 Lap,,,,,2022,11,Austrian Grand Prix,1,0,0,14.8,14.0,0.8,0.4,0.9,18.0
4,L NORRIS,Lando Norris,NOR,McLaren,10.0,7.0,6.0,+1 Lap,,,,,2022,11,Austrian Grand Prix,1,0,0,8.8,9.4,4.6,0.0,2.7,3.0
31,E OCON,Esteban Ocon,OCO,Alpine,6.0,5.0,10.0,Finished,,,,0 days 00:01:08.436000,2022,11,Austrian Grand Prix,1,0,0,10.0,11.4,3.0,0.2,4.0,20.0
11,S PEREZ,Sergio Perez,PER,Red Bull Racing,5.0,20.0,0.0,Collision damage,,,,,2022,11,Austrian Grand Prix,0,0,0,5.4,5.4,16.2,0.2,17.7,6.0
3,D RICCIARDO,Daniel Ricciardo,RIC,McLaren,11.0,9.0,2.0,+1 Lap,,,,,2022,11,Austrian Grand Prix,1,0,0,11.4,11.6,0.8,0.0,2.9,7.0
63,G RUSSELL,George Russell,RUS,Mercedes,4.0,4.0,12.0,Finished,,,,0 days 00:00:58.972000,2022,11,Austrian Grand Prix,1,0,0,6.6,6.2,10.4,0.2,11.4,11.0
55,C SAINZ,Carlos Sainz,SAI,Ferrari,3.0,18.0,0.0,Power Unit,,,,,2022,11,Austrian Grand Prix,0,0,0,5.8,2.6,14.8,0.2,13.3,5.0
18,L STROLL,Lance Stroll,STR,Aston Martin,12.0,13.0,0.0,+1 Lap,,,,,2022,11,Austrian Grand Prix,1,0,0,13.2,18.2,0.2,0.2,1.2,13.0
22,Y TSUNODA,Yuki Tsunoda,TSU,AlphaTauri,16.0,16.0,0.0,+1 Lap,,,,,2022,11,Austrian Grand Prix,1,0,0,14.4,13.0,0.2,0.2,1.1,12.0
1,M VERSTAPPEN,Max Verstappen,VER,Red Bull Racing,1.0,2.0,19.0,Finished,,,,0 days 00:00:01.532000,2022,11,Austrian Grand Prix,1,1,0,2.6,2.4,19.2,0.0,15.8,1.0
5,S VETTEL,Sebastian Vettel,VET,Aston Martin,18.0,17.0,0.0,+1 Lap,,,,,2022,11,Austrian Grand Prix,1,0,0,9.6,13.6,2.2,0.0,1.2,17.0
24,G ZHOU,Guanyu Zhou,ZHO,Alfa Romeo,13.0,14.0,0.0,+1 Lap,,,,,2022,11,Austrian Grand Prix,1,0,0,16.0,13.6,0.8,0.6,1.2,
23,A ALBON,Alexander Albon,ALB,Williams,13.0,13.0,0.0,Finished,,,,0 days 00:01:08.565000,2022,12,French Grand Prix,1,0,0,15.0,15.2,0.0,0.4,0.0,
14,F ALONSO,Fernando Alonso,ALO,Alpine,7.0,6.0,8.0,Finished,,,,0 days 00:00:42.879000,2022,12,French Grand Prix,1,0,0,7.6,9.0,5.0,0.0,4.4,8.0
77,V BOTTAS,Valtteri Bottas,BOT,Alfa Romeo,11.0,14.0,0.0,Finished,,,,0 days 00:01:16.666000,2022,12,French Grand Prix,1,0,0,11.0,10.0,1.6,0.2,1.2,4.0
10,P GASLY,Pierre Gasly,GAS,AlphaTauri,14.0,12.0,0.0,Finished,,,,0 days 00:01:05.448000,2022,12,French Grand Prix,1,0,0,12.2,12.6,2.0,0.2,1.0,7.0
44,L HAMILTON,Lewis Hamilton,HAM,Mercedes,4.0,2.0,18.0,Finished,,,,0 days 00:00:10.587000,2022,12,French Grand Prix,1,1,0,4.2,6.4,12.4,0.0,11.1,2.0
6,N LATIFI,Nicholas Latifi,LAT,Williams,18.0,17.0,0.0,Collision damage,,,,,2022,12,French Grand Prix,0,0,0,15.4,16.4,0.0,0.2,0.0,18.0
16,C LECLERC,Charles Leclerc,LEC,Ferrari,1.0,19.0,0.0,Accident,,,,,2022,12,French Grand Prix,0,0,0,6.6,5.2,11.8,0.2,12.1,16.0
20,K MAGNUSSEN,Kevin Magnussen,MAG,Haas F1 Team,20.0,18.0,0.0,Collision damage,,,,,2022,12,French Grand Prix,0,0,0,14.4,11.6,1.0,0.4,1.7,
47,M SCHUMACHER,Mick Schumacher,MSC,Haas F1 Team,17.0,15.0,0.0,Finished,,,,0 days 00:01:20.394000,2022,12,French Grand Prix,1,0,0,13.2,13.8,2.4,0.4,1.7,19.0
4,L NORRIS,Lando Norris,NOR,McLaren,5.0,7.0,6.0,Finished,,,,0 days 00:00:52.026000,2022,12,French Grand Prix,1,0,0,8.6,9.2,5.0,0.0,3.1,5.0
31,E OCON,Esteban Ocon,OCO,Alpine,10.0,8.0,4.0,Finished,,,,0 days 00:00:56.959000,2022,12,French Grand Prix,1,0,0,9.6,10.2,3.8,0.2,4.6,14.0
11,S PEREZ,Sergio Perez,PER,Red Bull Racing,3.0,4.0,12.0,Finished,,,,0 days 00:00:17.310000,2022,12,French Grand Prix,1,0,0,9.0,5.4,12.4,0.4,15.2,3.0
3,D RICCIARDO,Daniel Ricciardo,RIC,McLaren,9.0,9.0,2.0,Finished,,,,0 days 00:01:00.372000,2022,12,French Grand Prix,1,0,0,10.8,12.0,1.2,0.0,2.8,6.0
63,G RUSSELL,George Russell,RUS,Mercedes,6.0,3.0,15.0,Finished,,,,0 days 00:00:16.495000,2022,12,French Grand Prix,1,1,0,6.8,6.2,9.8,0.2,12.5,12.0
55,C SAINZ,Carlos Sainz,SAI,Ferrari,19.0,5.0,11.0,Finished,,,,0 days 00:00:28.872000,2022,12,French Grand Prix,1,0,0,8.6,2.6,12.4,0.4,10.9,11.0
18,L STROLL,Lance Stroll,STR,Aston Martin,15.0,10.0,1.0,Finished,,,,0 days 00:01:02.549000,2022,12,French Grand Prix,1,0,0,12.8,17.2,0.2,0.2,1.2,10.0
22,Y TSUNODA,Yuki Tsunoda,TSU,AlphaTauri,8.0,20.0,0.0,Undertray,,,,,2022,12,French Grand Prix,0,0,0,15.6,13.6,0.0,0.2,1.0,13.0
1,M VERSTAPPEN,Max Verstappen,VER,Red Bull Racing,2.0,1.0,25.0,Finished,,,,0 days 01:30:02.112000,2022,12,French Grand Prix,1,1,1,2.8,2.2,18.0,0.0,13.9,1.0
5,S VETTEL,Sebastian Vettel,VET,Aston Martin,12.0,11.0,0.0,Finished,,,,0 days 00:01:04.494000,2022,12,French Grand Prix,1,0,0,10.8,14.0,2.2,0.0,1.3,9.0
24,G ZHOU,Guanyu Zhou,ZHO,Alfa Romeo,16.0,16.0,0.0,+6 Laps,,,,,2022,12,French Grand Prix,1,0,0,15.0,13.2,0.8,0.4,1.0,
23,A ALBON,Alexander Albon,ALB,Williams,17.0,17.0,0.0,+1 Lap,,,,,2022,13,Hungarian Grand Prix,1,0,0,14.0,14.6,0.0,0.2,0.0,
14,F ALONSO,Fernando Alonso,ALO,Alpine,6.0,8.0,4.0,+1 Lap,,,,,2022,13,Hungarian Grand Prix,1,0,0,7.4,9.0,5.4,0.0,5.0,4.0
77,V BOTTAS,Valtteri Bottas,BOT,Alfa Romeo,8.0,20.0,0.0,Power Unit,,,,,2022,13,Hungarian Grand Prix,0,0,0,12.0,9.8,1.2,0.2,1.0,16.0
10,P GASLY,Pierre Gasly,GAS,AlphaTauri,0.0,12.0,0.0,+1 Lap,,,,,2022,13,Hungarian Grand Prix,1,0,0,12.4,12.0,2.0,0.2,1.0,5.0
44,L HAMILTON,Lewis Hamilton,HAM,Mercedes,7.0,2.0,19.0,Finished,,,,0 days 00:00:07.834000,2022,13,Hungarian Grand Prix,1,1,0,3.0,5.6,15.2,0.0,13.0,2.0
6,N LATIFI,Nicholas Latifi,LAT,Williams,19.0,18.0,0.0,+1 Lap,,,,,2022,13,Hungarian Grand Prix,1,0,0,15.8,16.2,0.0,0.4,0.0,7.0
16,C LECLERC,Charles Leclerc,LEC,Ferrari,3.0,6.0,8.0,Finished,,,,0 days 00:00:16.047000,2022,13,Hungarian Grand Prix,1,0,0,9.6,5.2,9.4,0.4,10.2,18.0
20,K MAGNUSSEN,Kevin Magnussen,MAG,Haas F1 Team,13.0,16.0,0.0,+1 Lap,,,,,2022,13,Hungarian Grand Prix,1,0,0,14.0,13.0,1.0,0.4,1.7,
47,M SCHUMACHER,Mick Schumacher,MSC,Haas F1 Team,15.0,14.0,0.0,+1 Lap,,,,,2022,13,Hungarian Grand Prix,1,0,0,12.4,14.2,2.4,0.2,1.7,12.0
4,L NORRIS,Lando Norris,NOR,McLaren,4.0,7.0,6.0,Finished,,,,0 days 00:01:18.300000,2022,13,Hungarian Grand Prix,1,0,0,8.8,9.2,4.4,0.0,3.0,15.0
31,E OCON,Esteban Ocon,OCO,Alpine,5.0,9.0,2.0,+1 Lap,,,,,2022,13,Hungarian Grand Prix,1,0,0,8.8,10.2,4.6,0.2,4.8,1.0
11,S PEREZ,Sergio Perez,PER,Red Bull Racing,11.0,5.0,10.0,Finished,,,,0 days 00:00:15.688000,2022,13,Hungarian Grand Prix,1,0,0,9.6,5.4,9.8,0.4,14.9,17.0
3,D RICCIARDO,Daniel Ricciardo,RIC,McLaren,9.0,15.0,0.0,+1 Lap,,,,,2022,13,Hungarian Grand Prix,1,0,0,10.0,11.0,1.6,0.0,3.4,11.0
63,G RUSSELL,George Russell,RUS,Mercedes,1.0,3.0,15.0,Finished,,,,0 days 00:00:12.337000,2022,13,Hungarian Grand Prix,1,1,0,6.4,6.2,10.8,0.2,13.7,8.0
55,C SAINZ,Carlos Sainz,SAI,Ferrari,2.0,4.0,12.0,Finished,,,,0 days 00:00:14.579000,2022,13,Hungarian Grand Prix,1,0,0,9.2,6.0,11.0,0.4,11.0,3.0
18,L STROLL,Lance Stroll,STR,Aston Martin,14.0,11.0,0.0,+1 Lap,,,,,2022,13,Hungarian Grand Prix,1,0,0,12.0,16.6,0.4,0.2,1.2,19.0
22,Y TSUNODA,Yuki Tsunoda,TSU,AlphaTauri,16.0,19.0,0.0,+2 Laps,,,,,2022,13,Hungarian Grand Prix,1,0,0,16.2,13.0,0.0,0.4,0.0,6.0
1,M VERSTAPPEN,Max Verstappen,VER,Red Bull Racing,10.0,1.0,25.0,Finished,,,,0 days 01:39:35.912000,2022,13,Hungarian Grand Prix,1,1,1,2.4,1.8,20.0,0.0,14.0,9.0
5,S VETTEL,Sebastian Vettel,VET,Aston Martin,18.0,10.0,1.0,+1 Lap,,,,,2022,13,Hungarian Grand Prix,1,0,0,11.0,14.6,2.0,0.0,1.2,20.0
24,G ZHOU,Guanyu Zhou,ZHO,Alfa Romeo,12.0,13.0,0.0,+1 Lap,,,,,2022,13,Hungarian Grand Prix,1,0,0,15.0,12.4,0.8,0.4,1.0,
23,A ALBON,Alexander Albon,ALB,Williams,6.0,10.0,1.0,Finished,,,,0 days 00:01:41.900000,2022,14,Belgian Grand Prix,1,0,0,15.0,14.6,0.0,0.2,0.0,
14,F ALONSO,Fernando Alonso,ALO,Alpine,3.0,5.0,10.0,Finished,,,,0 days 00:01:13.256000,2022,14,Belgian Grand Prix,1,0,0,7.6,8.2,5.0,0.0,4.9,11.0
77,V BOTTAS,Valtteri Bottas,BOT,Alfa Romeo,13.0,19.0,0.0,Accident,,,,,2022,14,Belgian Grand Prix,0,0,0,13.8,8.4,1.2,0.4,1.0,12.0
10,P GASLY,Pierre Gasly,GAS,AlphaTauri,0.0,9.0,2.0,Finished,,,,0 days 00:01:32.181000,2022,14,Belgian Grand Prix,1,0,0,13.8,10.8,0.0,0.2,0.0,6.0
44,L HAMILTON,Lewis Hamilton,HAM,Mercedes,4.0,20.0,0.0,Collision damage,,,,,2022,14,Belgian Grand Prix,0,0,0,2.6,5.6,16.6,0.0,13.7,3.0
6,N LATIFI,Nicholas Latifi,LAT,Williams,11.0,18.0,0.0,+1 Lap,,,,,2022,14,Belgian Grand Prix,1,0,0,16.4,16.4,0.0,0.4,0.1,9.0
16,C LECLERC,Charles Leclerc,LEC,Ferrari,15.0,6.0,8.0,Finished,,,,0 days 00:01:14.936000,2022,14,Belgian Grand Prix,1,0,0,7.0,5.6,11.0,0.2,12.2,8.0
20,K MAGNUSSEN,Kevin Magnussen,MAG,Haas F1 Team,12.0,16.0,0.0,+1 Lap,,,,,2022,14,Belgian Grand Prix,1,0,0,13.8,12.4,1.0,0.2,1.7,
47,M SCHUMACHER,Mick Schumacher,MSC,Haas F1 Team,19.0,17.0,0.0,+1 Lap,,,,,2022,14,Belgian Grand Prix,1,0,0,12.4,13.2,2.4,0.2,1.7,16.0
4,L NORRIS,Lando Norris,NOR,McLaren,17.0,12.0,0.0,Finished,,,,0 days 00:01:44.739000,2022,14,Belgian Grand Prix,1,0,0,8.4,7.8,5.2,0.0,3.0,14.0
31,E OCON,Esteban Ocon,OCO,Alpine,16.0,7.0,6.0,Finished,,,,0 days 00:01:15.640000,2022,14,Belgian Grand Prix,1,0,0,8.6,8.6,4.8,0.2,5.7,7.0
11,S PEREZ,Sergio Perez,PER,Red Bull Racing,2.0,2.0,18.0,Finished,,,,0 days 00:00:17.841000,2022,14,Belgian Grand Prix,1,1,0,10.2,7.2,8.0,0.4,14.0,19.0
3,D RICCIARDO,Daniel Ricciardo,RIC,McLaren,7.0,15.0,0.0,Finished,,,,0 days 00:01:47.163000,2022,14,Belgian Grand Prix,1,0,0,11.4,10.4,0.8,0.0,3.0,4.0
63,G RUSSELL,George Russell,RUS,Mercedes,5.0,4.0,12.0,Finished,,,,0 days 00:00:29.140000,2022,14,Belgian Grand Prix,1,0,0,6.4,5.4,10.8,0.2,12.2,2.0
55,C SAINZ,Carlos Sainz,SAI,Ferrari,1.0,3.0,15.0,Finished,,,,0 days 00:00:26.886000,2022,14,Belgian Grand Prix,1,1,0,6.0,5.6,13.4,0.2,12.0,10.0
18,L STROLL,Lance Stroll,STR,Aston Martin,9.0,11.0,0.0,Finished,,,,0 days 00:01:43.078000,2022,14,Belgian Grand Prix,1,0,0,11.0,15.6,0.4,0.0,0.5,20.0
22,Y TSUNODA,Yuki Tsunoda,TSU,AlphaTauri,0.0,13.0,0.0,Finished,,,,0 days 00:01:45.217000,2022,14,Belgian Grand Prix,1,0,0,17.4,14.6,0.0,0.4,0.2,15.0
1,M VERSTAPPEN,Max Verstappen,VER,Red Bull Racing,14.0,1.0,26.0,Finished,,,,0 days 01:25:52.894000,2022,14,Belgian Grand Prix,1,1,1,2.4,3.2,20.0,0.0,15.8,1.0
5,S VETTEL,Sebastian Vettel,VET,Aston Martin,10.0,8.0,4.0,Finished,,,,0 days 00:01:18.107000,2022,14,Belgian Grand Prix,1,0,0,11.8,16.4,0.6,0.0,0.4,5.0
24,G ZHOU,Guanyu Zhou,ZHO,Alfa Romeo,18.0,14.0,0.0,Finished,,,,0 days 00:01:46.252000,2022,14,Belgian Grand Prix,1,0,0,14.0,12.0,0.8,0.2,0.4,
23,A ALBON,Alexander Albon,ALB,Williams,15.0,12.0,0.0,Finished,,,,0 days 00:00:30.390000,2022,15,Dutch Grand Prix,1,0,0,14.4,13.4,0.2,0.2,0.1,
14,F ALONSO,Fernando Alonso,ALO,Alpine,13.0,6.0,8.0,Finished,,,,0 days 00:00:18.754000,2022,15,Dutch Grand Prix,1,0,0,6.8,8.4,6.6,0.0,5.5,6.0
77,V BOTTAS,Valtteri Bottas,BOT,Alfa Romeo,16.0,19.0,0.0,Engine,,,,,2022,15,Dutch Grand Prix,0,0,0,16.2,8.8,0.0,0.6,0.0,3.0
10,P GASLY,Pierre Gasly,GAS,AlphaTauri,11.0,11.0,0.0,Finished,,,,0 days 00:00:27.009000,2022,15,Dutch Grand Prix,1,0,0,12.8,7.8,0.4,0.2,0.2,4.0
44,L HAMILTON,Lewis Hamilton,HAM,Mercedes,4.0,4.0,12.0,Finished,,,,0 days 00:00:13.016000,2022,15,Dutch Grand Prix,1,0,0,6.0,5.6,13.6,0.2,12.2,2.0
6,N LATIFI,Nicholas Latifi,LAT,Williams,20.0,18.0,0.0,+1 Lap,,,,,2022,15,Dutch Grand Prix,1,0,0,16.8,15.0,0.0,0.4,0.1,16.0
16,C LECLERC,Charles Leclerc,LEC,Ferrari,2.0,3.0,15.0,Finished,,,,0 days 00:00:10.929000,2022,15,Dutch Grand Prix,1,1,0,7.2,4.8,10.6,0.2,11.6,5.0
20,K MAGNUSSEN,Kevin Magnussen,MAG,Haas F1 Team,18.0,15.0,0.0,Finished,,,,0 days 00:00:36.869000,2022,15,Dutch Grand Prix,1,0,0,13.6,13.8,1.0,0.2,1.7,
47,M SCHUMACHER,Mick Schumacher,MSC,Haas F1 Team,8.0,13.0,0.0,Finished,,,,0 days 00:00:32.995000,2022,15,Dutch Grand Prix,1,0,0,12.0,15.8,2.4,0.0,1.6,18.0
4,L NORRIS,Lando Norris,NOR,McLaren,7.0,7.0,6.0,Finished,,,,0 days 00:00:19.306000,2022,15,Dutch Grand Prix,1,0,0,7.8,8.4,5.2,0.0,3.0,10.0
31,E OCON,Esteban Ocon,OCO,Alpine,12.0,9.0,2.0,Finished,,,,0 days 00:00:21.117000,2022,15,Dutch Grand Prix,1,0,0,8.8,10.4,4.4,0.2,5.3,9.0
11,S PEREZ,Sergio Perez,PER,Red Bull Racing,5.0,5.0,10.0,Finished,,,,0 days 00:00:18.168000,2022,15,Dutch Grand Prix,1,0,0,6.6,5.0,11.6,0.2,15.9,8.0
3,D RICCIARDO,Daniel Ricciardo,RIC,McLaren,17.0,17.0,0.0,Finished,,,,0 days 00:00:37.764000,2022,15,Dutch Grand Prix,1,0,0,12.2,10.0,0.8,0.0,2.8,11.0
63,G RUSSELL,George Russell,RUS,Mercedes,6.0,2.0,18.0,Finished,,,,0 days 00:00:04.071000,2022,15,Dutch Grand Prix,1,1,0,6.4,4.8,10.8,0.2,11.8,17.0
55,C SAINZ,Carlos Sainz,SAI,Ferrari,3.0,8.0,4.0,Finished,,,,0 days 00:00:20.916000,2022,15,Dutch Grand Prix,1,0,0,6.2,5.2,12.6,0.2,11.9,7.0
18,L STROLL,Lance Stroll,STR,Aston Martin,10.0,10.0,1.0,Finished,,,,0 days 00:00:22.459000,2022,15,Dutch Grand Prix,1,0,0,11.2,14.0,0.2,0.0,0.8,12.0
22,Y TSUNODA,Yuki Tsunoda,TSU,AlphaTauri,9.0,20.0,0.0,Differential,,,,,2022,15,Dutch Grand Prix,0,0,0,16.4,10.6,0.0,0.2,0.2,19.0
1,M VERSTAPPEN,Max Verstappen,VER,Red Bull Racing,1.0,1.0,26.0,Finished,,,,0 days 01:36:42.773000,2022,15,Dutch Grand Prix,1,1,1,2.4,5.8,20.2,0.0,15.1,1.0
5,S VETTEL,Sebastian Vettel,VET,Aston Martin,19.0,14.0,0.0,Finished,,,,0 days 00:00:36.007000,2022,15,Dutch Grand Prix,1,0,0,11.0,15.2,1.4,0.0,0.9,13.0
24,G ZHOU,Guanyu Zhou,ZHO,Alfa Romeo,14.0,16.0,0.0,Finished,,,,0 days 00:00:37.320000,2022,15,Dutch Grand Prix,1,0,0,15.2,13.6,0.0,0.2,0.0,
14,F ALONSO,Fernando Alonso,ALO,Alpine,6.0,19.0,0.0,Water pressure,,,,,2022,16,Italian Grand Prix,0,0,0,7.0,9.6,6.2,0.0,5.5,8.0
77,V BOTTAS,Valtteri Bottas,BOT,Alfa Romeo,15.0,13.0,0.0,+1 Lap,,,,,2022,16,Italian Grand Prix,1,0,0,16.6,9.6,0.0,0.6,0.0,3.0
45,N DE VRIES,Nyck De Vries,DEV,Williams,8.0,9.0,2.0,Finished,,,,0 days 00:00:07.122000,2022,16,Italian Grand Prix,1,0,0,,,,,0.1,
10,P GASLY,Pierre Gasly,GAS,AlphaTauri,5.0,8.0,4.0,Finished,,,,0 days 00:00:06.396000,2022,16,Italian Grand Prix,1,0,0,11.8,7.8,0.4,0.0,0.2,19.0
44,L HAMILTON,Lewis Hamilton,HAM,Mercedes,19.0,5.0,10.0,Finished,,,,0 days 00:00:05.380000,2022,16,Italian Grand Prix,1,0,0,6.2,5.4,12.8,0.2,13.6,17.0
6,N LATIFI,Nicholas Latifi,LAT,Williams,10.0,15.0,0.0,+1 Lap,,,,,2022,16,Italian Grand Prix,1,0,0,18.0,17.0,0.0,0.4,0.3,11.0
16,C LECLERC,Charles Leclerc,LEC,Ferrari,1.0,2.0,18.0,Finished,,,,0 days 00:00:02.446000,2022,16,Italian Grand Prix,1,1,0,7.0,4.6,11.2,0.2,9.8,4.0
20,K MAGNUSSEN,Kevin Magnussen,MAG,Haas F1 Team,16.0,16.0,0.0,+1 Lap,,,,,2022,16,Italian Grand Prix,1,0,0,14.6,14.0,0.8,0.2,1.2,
47,M SCHUMACHER,Mick Schumacher,MSC,Haas F1 Team,17.0,12.0,0.0,Finished,,,,0 days 00:00:08.549000,2022,16,Italian Grand Prix,1,0,0,13.0,13.6,1.6,0.0,0.8,15.0
4,L NORRIS,Lando Norris,NOR,McLaren,3.0,7.0,6.0,Finished,,,,0 days 00:00:06.207000,2022,16,Italian Grand Prix,1,0,0,8.0,8.6,4.8,0.0,2.8,2.0
31,E OCON,Esteban Ocon,OCO,Alpine,14.0,11.0,0.0,Finished,,,,0 days 00:00:08.323000,2022,16,Italian Grand Prix,1,0,0,7.6,9.8,4.8,0.0,5.4,10.0
11,S PEREZ,Sergio Perez,PER,Red Bull Racing,13.0,6.0,9.0,Finished,,,,0 days 00:00:06.091000,2022,16,Italian Grand Prix,1,0,0,7.2,5.2,10.0,0.2,17.1,5.0
3,D RICCIARDO,Daniel Ricciardo,RIC,McLaren,4.0,17.0,0.0,Oil leak,,,,,2022,16,Italian Grand Prix,0,0,0,13.0,10.6,0.8,0.0,2.8,1.0
63,G RUSSELL,George Russell,RUS,Mercedes,2.0,3.0,15.0,Finished,,,,0 days 00:00:03.405000,2022,16,Italian Grand Prix,1,1,0,3.2,4.4,14.4,0.0,13.1,9.0
55,C SAINZ,Carlos Sainz,SAI,Ferrari,18.0,4.0,12.0,Finished,,,,0 days 00:00:05.061000,2022,16,Italian Grand Prix,1,0,0,7.6,5.6,8.4,0.2,9.1,6.0
18,L STROLL,Lance Stroll,STR,Aston Martin,12.0,18.0,0.0,Engine,,,,,2022,16,Italian Grand Prix,0,0,0,11.0,12.0,0.4,0.0,0.7,7.0
22,Y TSUNODA,Yuki Tsunoda,TSU,AlphaTauri,20.0,14.0,0.0,+1 Lap,,,,,2022,16,Italian Grand Prix,1,0,0,17.6,9.8,0.0,0.4,0.6,20.0
1,M VERSTAPPEN,Max Verstappen,VER,Red Bull Racing,7.0,1.0,25.0,Finished,,,,0 days 01:20:27.511000,2022,16,Italian Grand Prix,1,1,1,1.2,5.6,24.2,0.0,18.0,18.0
5,S VETTEL,Sebastian Vettel,VET,Aston Martin,11.0,20.0,0.0,Engine,,,,,2022,16,Italian Grand Prix,0,0,0,12.0,15.4,1.0,0.0,0.7,12.0
24,G ZHOU,Guanyu Zhou,ZHO,Alfa Romeo,9.0,10.0,1.0,Finished,,,,0 days 00:00:07.910000,2022,16,Italian Grand Prix,1,0,0,14.6,14.6,0.0,0.0,0.0,
23,A ALBON,Alexander Albon,ALB,Williams,18.0,17.0,0.0,Collision damage,,,,,2022,17,Singapore Grand Prix,0,0,0,12.8,13.2,0.2,0.0,0.3,
14,F ALONSO,Fernando Alonso,ALO,Alpine,5.0,18.0,0.0,Engine,,,,,2022,17,Singapore Grand Prix,0,0,0,8.8,7.0,6.0,0.2,4.4,
77,V BOTTAS,Valtteri Bottas,BOT,Alfa Romeo,15.0,11.0,0.0,Finished,,,,0 days 00:01:28.844000,2022,17,Singapore Grand Prix,1,0,0,17.0,12.6,0.0,0.6,0.1,
10,P GASLY,Pierre Gasly,GAS,AlphaTauri,7.0,10.0,1.0,Finished,,,,0 days 00:01:09.576000,2022,17,Singapore Grand Prix,1,0,0,10.4,6.0,1.2,0.0,0.6,
44,L HAMILTON,Lewis Hamilton,HAM,Mercedes,3.0,9.0,2.0,Finished,,,,0 days 00:01:01.515000,2022,17,Singapore Grand Prix,1,0,0,6.6,7.6,11.8,0.2,13.4,
6,N LATIFI,Nicholas Latifi,LAT,Williams,19.0,19.0,0.0,Collision damage,,,,,2022,17,Singapore Grand Prix,0,0,0,17.2,15.6,0.0,0.2,0.3,
16,C LECLERC,Charles Leclerc,LEC,Ferrari,1.0,2.0,18.0,Finished,,,,0 days 00:00:02.595000,2022,17,Singapore Grand Prix,1,1,0,7.2,4.4,9.8,0.2,10.3,
20,K MAGNUSSEN,Kevin Magnussen,MAG,Haas F1 Team,9.0,12.0,0.0,Finished,,,,0 days 00:01:32.610000,2022,17,Singapore Grand Prix,1,0,0,16.2,15.8,0.0,0.2,0.0,
47,M SCHUMACHER,Mick Schumacher,MSC,Haas F1 Team,12.0,13.0,0.0,+1 Lap,,,,,2022,17,Singapore Grand Prix,1,0,0,14.2,15.2,0.0,0.0,0.0,
4,L NORRIS,Lando Norris,NOR,McLaren,6.0,4.0,12.0,Finished,,,,0 days 00:00:21.133000,2022,17,Singapore Grand Prix,1,0,0,8.0,7.2,4.8,0.0,2.6,
31,E OCON,Esteban Ocon,OCO,Alpine,17.0,16.0,0.0,Engine,,,,,2022,17,Singapore Grand Prix,0,0,0,8.8,11.4,2.8,0.0,3.6,
11,S PEREZ,Sergio Perez,PER,Red Bull Racing,2.0,1.0,25.0,Finished,,,,0 days 02:02:20.238000,2022,17,Singapore Grand Prix,1,1,1,4.4,6.8,11.8,0.0,18.6,
3,D RICCIARDO,Daniel Ricciardo,RIC,McLaren,16.0,5.0,10.0,Finished,,,,0 days 00:00:53.282000,2022,17,Singapore Grand Prix,1,0,0,14.6,9.2,0.4,0.2,3.2,
63,G RUSSELL,George Russell,RUS,Mercedes,0.0,14.0,0.0,+2 Laps,,,,,2022,17,Singapore Grand Prix,1,0,0,3.0,4.0,15.0,0.0,11.8,
55,C SAINZ,Carlos Sainz,SAI,Ferrari,4.0,3.0,15.0,Finished,,,,0 days 00:00:10.305000,2022,17,Singapore Grand Prix,1,1,0,4.8,8.6,10.8,0.0,12.1,
18,L STROLL,Lance Stroll,STR,Aston Martin,11.0,6.0,8.0,Finished,,,,0 days 00:00:56.330000,2022,17,Singapore Grand Prix,1,0,0,12.0,12.0,0.4,0.2,0.7,
22,Y TSUNODA,Yuki Tsunoda,TSU,AlphaTauri,10.0,15.0,0.0,Accident,,,,,2022,17,Singapore Grand Prix,0,0,0,17.2,10.6,0.0,0.4,0.7,
1,M VERSTAPPEN,Max Verstappen,VER,Red Bull Racing,8.0,7.0,6.0,Finished,,,,0 days 00:00:58.825000,2022,17,Singapore Grand Prix,1,0,0,1.0,6.8,25.4,0.0,19.9,
5,S VETTEL,Sebastian Vettel,VET,Aston Martin,13.0,8.0,4.0,Finished,,,,0 days 00:01:00.032000,2022,17,Singapore Grand Prix,1,0,0,12.6,14.0,1.0,0.2,1.4,
24,G ZHOU,Guanyu Zhou,ZHO,Alfa Romeo,14.0,20.0,0.0,Collision,,,,,2022,17,Singapore Grand Prix,0,0,0,13.8,13.8,0.2,0.0,0.1,
23,A ALBON,Alexander Albon,ALB,Williams,16.0,20.0,0.0,Hydraulics,,,,,2022,18,Japanese Grand Prix,0,0,0,13.8,13.8,0.2,0.2,0.3,
14,F ALONSO,Fernando Alonso,ALO,Alpine,7.0,7.0,6.0,Finished,,,,0 days 00:00:46.369000,2022,18,Japanese Grand Prix,1,0,0,11.2,6.6,4.4,0.4,3.2,
77,V BOTTAS,Valtteri Bottas,BOT,Alfa Romeo,12.0,15.0,0.0,Finished,,,,0 days 00:01:26.496000,2022,18,Japanese Grand Prix,1,0,0,16.4,13.4,0.0,0.6,0.1,
10,P GASLY,Pierre Gasly,GAS,AlphaTauri,17.0,18.0,0.0,Finished,,,,0 days 00:01:48.091000,2022,18,Japanese Grand Prix,1,0,0,10.0,4.6,1.4,0.0,0.7,
44,L HAMILTON,Lewis Hamilton,HAM,Mercedes,6.0,5.0,10.0,Finished,,,,0 days 00:00:40.326000,2022,18,Japanese Grand Prix,1,0,0,8.0,7.4,8.6,0.2,10.3,
6,N LATIFI,Nicholas Latifi,LAT,Williams,20.0,9.0,2.0,Finished,,,,0 days 00:01:10.143000,2022,18,Japanese Grand Prix,1,0,0,17.6,15.8,0.0,0.2,0.3,
16,C LECLERC,Charles Leclerc,LEC,Ferrari,2.0,3.0,15.0,Finished,,,,0 days 00:00:31.763000,2022,18,Japanese Grand Prix,1,1,0,3.8,4.4,13.4,0.0,12.5,
20,K MAGNUSSEN,Kevin Magnussen,MAG,Haas F1 Team,18.0,14.0,0.0,Finished,,,,0 days 00:01:26.016000,2022,18,Japanese Grand Prix,1,0,0,15.0,13.6,0.0,0.0,0.0,
47,M SCHUMACHER,Mick Schumacher,MSC,Haas F1 Team,15.0,17.0,0.0,Finished,,,,0 days 00:01:32.523000,2022,18,Japanese Grand Prix,1,0,0,13.8,14.2,0.0,0.0,0.0,
4,L NORRIS,Lando Norris,NOR,McLaren,10.0,10.0,1.0,Finished,,,,0 days 00:01:10.782000,2022,18,Japanese Grand Prix,1,0,0,7.4,7.4,6.0,0.0,4.0,
31,E OCON,Esteban Ocon,OCO,Alpine,5.0,4.0,12.0,Finished,,,,0 days 00:00:39.685000,2022,18,Japanese Grand Prix,1,0,0,10.4,12.8,2.0,0.2,3.4,
11,S PEREZ,Sergio Perez,PER,Red Bull Racing,4.0,2.0,18.0,Finished,,,,0 days 00:00:27.066000,2022,18,Japanese Grand Prix,1,1,0,3.8,6.6,14.4,0.0,18.0,
3,D RICCIARDO,Daniel Ricciardo,RIC,McLaren,11.0,11.0,0.0,Finished,,,,0 days 00:01:12.877000,2022,18,Japanese Grand Prix,1,0,0,13.8,10.6,2.0,0.2,3.5,
63,G RUSSELL,George Russell,RUS,Mercedes,8.0,8.0,4.0,Finished,,,,0 days 00:00:47.661000,2022,18,Japanese Grand Prix,1,0,0,5.2,2.8,12.0,0.0,9.4,
55,C SAINZ,Carlos Sainz,SAI,Ferrari,3.0,19.0,0.0,Accident,,,,,2022,18,Japanese Grand Prix,0,0,0,4.4,5.6,11.6,0.0,13.2,
18,L STROLL,Lance Stroll,STR,Aston Martin,19.0,12.0,0.0,Finished,,,,0 days 00:01:13.904000,2022,18,Japanese Grand Prix,1,0,0,11.2,11.2,1.8,0.2,1.8,
22,Y TSUNODA,Yuki Tsunoda,TSU,AlphaTauri,13.0,13.0,0.0,Finished,,,,0 days 00:01:15.599000,2022,18,Japanese Grand Prix,1,0,0,16.2,11.0,0.0,0.4,0.7,
1,M VERSTAPPEN,Max Verstappen,VER,Red Bull Racing,1.0,1.0,25.0,Finished,,,,0 days 03:01:44.004000,2022,18,Japanese Grand Prix,1,1,1,2.2,8.0,21.6,0.0,18.8,
5,S VETTEL,Sebastian Vettel,VET,Aston Martin,9.0,6.0,8.0,Finished,,,,0 days 00:00:46.358000,2022,18,Japanese Grand Prix,1,0,0,12.0,14.2,1.8,0.2,1.8,
24,G ZHOU,Guanyu Zhou,ZHO,Alfa Romeo,14.0,16.0,0.0,Finished,,,,0 days 00:01:27.043000,2022,18,Japanese Grand Prix,1,0,0,14.6,13.4,0.2,0.2,0.1,
23,A ALBON,Alexander Albon,ALB,Williams,8.0,13.0,0.0,Finished,,,,0 days 00:01:20.057000,2022,19,United States Grand Prix,1,0,0,15.2,14.4,0.2,0.4,0.5,
14,F ALONSO,Fernando Alonso,ALO,Alpine,14.0,7.0,6.0,Finished,,,,0 days 00:00:55.078000,2022,19,United States Grand Prix,1,0,0,11.0,6.8,4.8,0.4,4.4,18.0
77,V BOTTAS,Valtteri Bottas,BOT,Alfa Romeo,7.0,19.0,0.0,Spun off,,,,,2022,19,United States Grand Prix,0,0,0,15.4,14.2,0.0,0.4,0.1,6.0
10,P GASLY,Pierre Gasly,GAS,AlphaTauri,11.0,14.0,0.0,Finished,,,,0 days 00:01:21.763000,2022,19,United States Grand Prix,1,0,0,11.2,8.0,1.4,0.0,0.7,20.0
44,L HAMILTON,Lewis Hamilton,HAM,Mercedes,3.0,2.0,18.0,Finished,,,,0 days 00:00:05.023000,2022,19,United States Grand Prix,1,1,0,8.6,7.2,6.8,0.2,8.3,2.0
6,N LATIFI,Nicholas Latifi,LAT,Williams,17.0,17.0,0.0,Finished,,,,0 days 00:01:43.588000,2022,19,United States Grand Prix,1,0,0,15.8,16.0,0.4,0.2,0.4,15.0
16,C LECLERC,Charles Leclerc,LEC,Ferrari,12.0,3.0,15.0,Finished,,,,0 days 00:00:07.501000,2022,19,United States Grand Prix,1,1,0,3.2,4.2,14.8,0.0,12.0,4.0
20,K MAGNUSSEN,Kevin Magnussen,MAG,Haas F1 Team,13.0,9.0,2.0,Finished,,,,0 days 00:01:05.834000,2022,19,United States Grand Prix,1,0,0,14.6,14.6,0.0,0.0,0.0,
47,M SCHUMACHER,Mick Schumacher,MSC,Haas F1 Team,16.0,15.0,0.0,Finished,,,,0 days 00:01:24.490000,2022,19,United States Grand Prix,1,0,0,14.4,14.2,0.0,0.0,0.2,16.0
4,L NORRIS,Lando Norris,NOR,McLaren,6.0,6.0,8.0,Finished,,,,0 days 00:00:53.785000,2022,19,United States Grand Prix,1,0,0,8.0,8.6,5.0,0.0,3.5,8.0
31,E OCON,Esteban Ocon,OCO,Alpine,0.0,11.0,0.0,Finished,,,,0 days 00:01:12.875000,2022,19,United States Grand Prix,1,0,0,9.4,12.8,4.0,0.2,4.0,19.0
11,S PEREZ,Sergio Perez,PER,Red Bull Racing,9.0,4.0,12.0,Finished,,,,0 days 00:00:08.293000,2022,19,United States Grand Prix,1,0,0,3.2,5.2,16.0,0.0,18.8,3.0
3,D RICCIARDO,Daniel Ricciardo,RIC,McLaren,15.0,16.0,0.0,Finished,,,,0 days 00:01:30.487000,2022,19,United States Grand Prix,1,0,0,13.0,11.0,2.0,0.2,4.3,5.0
63,G RUSSELL,George Russell,RUS,Mercedes,4.0,5.0,11.0,Finished,,,,0 days 00:00:44.815000,2022,19,United States Grand Prix,1,0,0,6.2,4.2,9.8,0.0,10.1,14.0
55,C SAINZ,Carlos Sainz,SAI,Ferrari,1.0,20.0,0.0,Collision damage,,,,,2022,19,United States Grand Prix,0,0,0,7.4,5.8,9.2,0.2,12.7,7.0
18,L STROLL,Lance Stroll,STR,Aston Martin,5.0,18.0,0.0,Collision,,,,,2022,19,United States Grand Prix,0,0,0,11.4,12.2,1.8,0.2,2.5,12.0
22,Y TSUNODA,Yuki Tsunoda,TSU,AlphaTauri,19.0,10.0,1.0,Finished,,,,0 days 00:01:10.919000,2022,19,United States Grand Prix,1,0,0,15.0,10.4,0.0,0.4,0.5,9.0
1,M VERSTAPPEN,Max Verstappen,VER,Red Bull Racing,2.0,1.0,25.0,Finished,,,,0 days 01:42:11.687000,2022,19,United States Grand Prix,1,1,1,2.2,6.2,21.6,0.0,18.2,1.0
5,S VETTEL,Sebastian Vettel,VET,Aston Martin,10.0,8.0,4.0,Finished,,,,0 days 00:01:05.354000,2022,19,United States Grand Prix,1,0,0,11.2,12.4,3.2,0.2,2.5,10.0
24,G ZHOU,Guanyu Zhou,ZHO,Alfa Romeo,18.0,12.0,0.0,Finished,,,,0 days 00:01:16.164000,2022,19,United States Grand Prix,1,0,0,15.2,13.8,0.2,0.2,0.1,
23,A ALBON,Alexander Albon,ALB,Williams,17.0,12.0,0.0,+1 Lap,,,,,2022,20,Mexico City Grand Prix,1,0,0,14.4,12.6,0.2,0.4,0.4,
14,F ALONSO,Fernando Alonso,ALO,Alpine,9.0,19.0,0.0,Engine,,,,,2022,20,Mexico City Grand Prix,0,0,0,11.4,9.0,4.0,0.4,3.4,9.0
77,V BOTTAS,Valtteri Bottas,BOT,Alfa Romeo,6.0,10.0,1.0,+1 Lap,,,,,2022,20,Mexico City Grand Prix,1,0,0,15.4,13.0,0.0,0.4,0.1,15.0
10,P GASLY,Pierre Gasly,GAS,AlphaTauri,14.0,11.0,0.0,+1 Lap,,,,,2022,20,Mexico City Grand Prix,1,0,0,12.2,10.2,1.0,0.0,0.6,4.0
44,L HAMILTON,Lewis Hamilton,HAM,Mercedes,3.0,2.0,18.0,Finished,,,,0 days 00:00:15.186000,2022,20,Mexico City Grand Prix,1,1,0,5.0,7.0,10.4,0.0,10.0,2.0
6,N LATIFI,Nicholas Latifi,LAT,Williams,18.0,18.0,0.0,+2 Laps,,,,,2022,20,Mexico City Grand Prix,1,0,0,15.6,17.2,0.4,0.2,0.4,17.0
16,C LECLERC,Charles Leclerc,LEC,Ferrari,7.0,6.0,8.0,Finished,,,,0 days 00:01:08.774000,2022,20,Mexico City Grand Prix,1,0,0,2.6,3.6,16.2,0.0,11.2,5.0
20,K MAGNUSSEN,Kevin Magnussen,MAG,Haas F1 Team,19.0,17.0,0.0,+1 Lap,,,,,2022,20,Mexico City Grand Prix,1,0,0,13.2,14.8,0.4,0.0,0.2,
47,M SCHUMACHER,Mick Schumacher,MSC,Haas F1 Team,15.0,16.0,0.0,+1 Lap,,,,,2022,20,Mexico City Grand Prix,1,0,0,14.0,13.6,0.0,0.0,0.2,19.0
4,L NORRIS,Lando Norris,NOR,McLaren,8.0,9.0,2.0,+1 Lap,,,,,2022,20,Mexico City Grand Prix,1,0,0,6.8,6.4,6.6,0.0,4.3,10.0
31,E OCON,Esteban Ocon,OCO,Alpine,10.0,8.0,4.0,+1 Lap,,,,,2022,20,Mexico City Grand Prix,1,0,0,10.2,9.6,2.8,0.2,2.6,13.0
11,S PEREZ,Sergio Perez,PER,Red Bull Racing,4.0,3.0,15.0,Finished,,,,0 days 00:00:18.097000,2022,20,Mexico City Grand Prix,1,1,0,3.6,6.6,14.8,0.0,18.1,3.0
3,D RICCIARDO,Daniel Ricciardo,RIC,McLaren,11.0,7.0,6.0,+1 Lap,,,,,2022,20,Mexico City Grand Prix,1,0,0,13.2,12.6,2.0,0.2,3.9,12.0
63,G RUSSELL,George Russell,RUS,Mercedes,2.0,4.0,13.0,Finished,,,,0 days 00:00:49.431000,2022,20,Mexico City Grand Prix,1,0,0,6.4,4.0,9.6,0.0,10.6,16.0
55,C SAINZ,Carlos Sainz,SAI,Ferrari,5.0,5.0,10.0,Finished,,,,0 days 00:00:58.123000,2022,20,Mexico City Grand Prix,1,0,0,10.8,5.8,6.2,0.4,10.5,6.0
18,L STROLL,Lance Stroll,STR,Aston Martin,20.0,15.0,0.0,+1 Lap,,,,,2022,20,Mexico City Grand Prix,1,0,0,12.8,11.4,1.8,0.4,2.5,14.0
22,Y TSUNODA,Yuki Tsunoda,TSU,AlphaTauri,13.0,20.0,0.0,Collision damage,,,,,2022,20,Mexico City Grand Prix,0,0,0,14.4,14.2,0.2,0.4,0.6,20.0
1,M VERSTAPPEN,Max Verstappen,VER,Red Bull Racing,1.0,1.0,25.0,Finished,,,,0 days 01:38:36.729000,2022,20,Mexico City Grand Prix,1,1,1,2.2,3.8,21.4,0.0,18.6,1.0
5,S VETTEL,Sebastian Vettel,VET,Aston Martin,16.0,14.0,0.0,+1 Lap,,,,,2022,20,Mexico City Grand Prix,1,0,0,11.2,12.4,3.2,0.2,2.4,7.0
24,G ZHOU,Guanyu Zhou,ZHO,Alfa Romeo,12.0,13.0,0.0,+1 Lap,,,,,2022,20,Mexico City Grand Prix,1,0,0,14.8,13.8,0.2,0.2,0.2,
23,A ALBON,Alexander Albon,ALB,Williams,19.0,15.0,0.0,Finished,,,,0 days 00:00:36.016000,2022,21,São Paulo Grand Prix,1,0,0,14.8,14.8,0.0,0.4,0.4,
14,F ALONSO,Fernando Alonso,ALO,Alpine,17.0,5.0,10.0,Finished,,,,0 days 00:00:09.561000,2022,21,São Paulo Grand Prix,1,0,0,14.0,8.2,2.4,0.6,2.8,9.0
77,V BOTTAS,Valtteri Bottas,BOT,Alfa Romeo,14.0,9.0,2.0,Finished,,,,0 days 00:00:22.552000,2022,21,São Paulo Grand Prix,1,0,0,13.6,11.0,0.2,0.2,0.2,3.0
10,P GASLY,Pierre Gasly,GAS,AlphaTauri,10.0,14.0,0.0,Finished,,,,0 days 00:00:31.867000,2022,21,São Paulo Grand Prix,1,0,0,12.2,10.8,1.0,0.0,0.6,7.0
44,L HAMILTON,Lewis Hamilton,HAM,Mercedes,2.0,2.0,18.0,Finished,,,,0 days 00:00:01.529000,2022,21,São Paulo Grand Prix,1,1,0,4.6,6.8,11.6,0.0,10.1,1.0
6,N LATIFI,Nicholas Latifi,LAT,Williams,18.0,16.0,0.0,Finished,,,,0 days 00:00:37.038000,2022,21,São Paulo Grand Prix,1,0,0,15.6,16.8,0.4,0.2,0.2,16.0
16,C LECLERC,Charles Leclerc,LEC,Ferrari,5.0,4.0,12.0,Finished,,,,0 days 00:00:08.441000,2022,21,São Paulo Grand Prix,1,0,0,3.2,4.6,14.8,0.0,11.1,5.0
20,K MAGNUSSEN,Kevin Magnussen,MAG,Haas F1 Team,8.0,19.0,0.0,Collision,,,,,2022,21,São Paulo Grand Prix,0,0,0,13.6,15.0,0.4,0.0,0.2,
47,M SCHUMACHER,Mick Schumacher,MSC,Haas F1 Team,12.0,13.0,0.0,Finished,,,,0 days 00:00:29.899000,2022,21,São Paulo Grand Prix,1,0,0,14.6,15.0,0.0,0.0,0.2,18.0
4,L NORRIS,Lando Norris,NOR,McLaren,6.0,18.0,0.0,Gearbox,,,,,2022,21,São Paulo Grand Prix,0,0,0,7.2,6.6,5.8,0.0,4.5,10.0
31,E OCON,Esteban Ocon,OCO,Alpine,16.0,8.0,4.0,Finished,,,,0 days 00:00:18.690000,2022,21,São Paulo Grand Prix,1,0,0,10.0,9.2,3.2,0.2,3.8,8.0
11,S PEREZ,Sergio Perez,PER,Red Bull Racing,4.0,7.0,6.0,Finished,,,,0 days 00:00:14.080000,2022,21,São Paulo Grand Prix,1,0,0,3.2,6.4,15.8,0.0,18.5,4.0
3,D RICCIARDO,Daniel Ricciardo,RIC,McLaren,11.0,20.0,0.0,Collision,,,,,2022,21,São Paulo Grand Prix,0,0,0,11.2,11.4,3.2,0.2,3.9,19.0
63,G RUSSELL,George Russell,RUS,Mercedes,1.0,1.0,26.0,Finished,,,,0 days 01:38:34.044000,2022,21,São Paulo Grand Prix,1,1,1,6.8,3.2,8.6,0.0,10.9,13.0
55,C SAINZ,Carlos Sainz,SAI,Ferrari,7.0,3.0,15.0,Finished,,,,0 days 00:00:04.051000,2022,21,São Paulo Grand Prix,1,1,0,10.2,6.2,7.4,0.4,10.5,6.0
18,L STROLL,Lance Stroll,STR,Aston Martin,15.0,10.0,1.0,Finished,,,,0 days 00:00:23.552000,2022,21,São Paulo Grand Prix,1,0,0,13.8,13.4,1.6,0.4,2.4,20.0
22,Y TSUNODA,Yuki Tsunoda,TSU,AlphaTauri,0.0,17.0,0.0,+1 Lap,,,,,2022,21,São Paulo Grand Prix,1,0,0,14.4,15.0,0.2,0.4,0.2,15.0
1,M VERSTAPPEN,Max Verstappen,VER,Red Bull Racing,3.0,6.0,8.0,Finished,,,,0 days 00:00:10.056000,2022,21,São Paulo Grand Prix,1,0,0,2.2,3.8,21.2,0.0,18.2,2.0
5,S VETTEL,Sebastian Vettel,VET,Aston Martin,9.0,11.0,0.0,Finished,,,,0 days 00:00:26.183000,2022,21,São Paulo Grand Prix,1,0,0,11.2,11.8,3.2,0.2,2.5,11.0
24,G ZHOU,Guanyu Zhou,ZHO,Alfa Romeo,13.0,12.0,0.0,Finished,,,,0 days 00:00:29.325000,2022,21,São Paulo Grand Prix,1,0,0,14.2,13.4,0.2,0.2,0.4,
23,A ALBON,Alexander Albon,ALB,Williams,19.0,13.0,0.0,+1 Lap,,,,,2022,22,Abu Dhabi Grand Prix,1,0,0,15.4,15.6,0.0,0.4,0.2,
14,F ALONSO,Fernando Alonso,ALO,Alpine,10.0,20.0,0.0,Water leak,,,,,2022,22,Abu Dhabi Grand Prix,0,0,0,11.2,10.4,4.4,0.4,4.2,8.0
77,V BOTTAS,Valtteri Bottas,BOT,Alfa Romeo,18.0,15.0,0.0,+1 Lap,,,,,2022,22,Abu Dhabi Grand Prix,1,0,0,12.8,10.8,0.6,0.2,0.3,6.0
10,P GASLY,Pierre Gasly,GAS,AlphaTauri,17.0,14.0,0.0,+1 Lap,,,,,2022,22,Abu Dhabi Grand Prix,1,0,0,13.4,11.8,0.2,0.0,0.2,5.0
44,L HAMILTON,Lewis Hamilton,HAM,Mercedes,5.0,18.0,0.0,Hydraulics,,,,,2022,22,Abu Dhabi Grand Prix,0,0,0,4.0,3.4,13.2,0.0,12.0,2.0
6,N LATIFI,Nicholas Latifi,LAT,Williams,20.0,19.0,0.0,Collision damage,,,,,2022,22,Abu Dhabi Grand Prix,0,0,0,15.8,18.4,0.4,0.2,0.2,16.0
16,C LECLERC,Charles Leclerc,LEC,Ferrari,3.0,2.0,18.0,Finished,,,,0 days 00:00:08.771000,2022,22,Abu Dhabi Grand Prix,1,1,0,3.6,5.4,13.6,0.0,10.8,10.0
20,K MAGNUSSEN,Kevin Magnussen,MAG,Haas F1 Team,16.0,17.0,0.0,+1 Lap,,,,,2022,22,Abu Dhabi Grand Prix,1,0,0,14.2,13.4,0.4,0.2,0.2,
47,M SCHUMACHER,Mick Schumacher,MSC,Haas F1 Team,12.0,16.0,0.0,+1 Lap,,,,,2022,22,Abu Dhabi Grand Prix,1,0,0,14.8,14.0,0.0,0.0,0.2,14.0
4,L NORRIS,Lando Norris,NOR,McLaren,7.0,6.0,9.0,Finished,,,,0 days 00:00:56.234000,2022,22,Abu Dhabi Grand Prix,1,0,0,9.4,7.2,4.6,0.2,3.9,7.0
31,E OCON,Esteban Ocon,OCO,Alpine,8.0,7.0,6.0,Finished,,,,0 days 00:00:57.240000,2022,22,Abu Dhabi Grand Prix,1,0,0,9.4,9.6,4.0,0.2,4.2,9.0
11,S PEREZ,Sergio Perez,PER,Red Bull Racing,2.0,3.0,15.0,Finished,,,,0 days 00:00:10.093000,2022,22,Abu Dhabi Grand Prix,1,1,0,3.4,4.6,15.2,0.0,16.5,15.0
3,D RICCIARDO,Daniel Ricciardo,RIC,McLaren,13.0,9.0,2.0,Finished,,,,0 days 00:01:23.268000,2022,22,Abu Dhabi Grand Prix,1,0,0,11.8,12.8,3.2,0.2,3.6,12.0
63,G RUSSELL,George Russell,RUS,Mercedes,6.0,5.0,10.0,Finished,,,,0 days 00:00:35.888000,2022,22,Abu Dhabi Grand Prix,1,0,0,6.4,3.0,10.8,0.0,11.8,18.0
55,C SAINZ,Carlos Sainz,SAI,Ferrari,4.0,4.0,12.0,Finished,,,,0 days 00:00:24.892000,2022,22,Abu Dhabi Grand Prix,1,0,0,10.0,4.0,8.0,0.4,10.8,3.0
18,L STROLL,Lance Stroll,STR,Aston Martin,14.0,8.0,4.0,Finished,,,,0 days 00:01:16.931000,2022,22,Abu Dhabi Grand Prix,1,0,0,12.2,14.0,1.8,0.2,2.5,13.0
22,Y TSUNODA,Yuki Tsunoda,TSU,AlphaTauri,11.0,11.0,0.0,Finished,,,,0 days 00:01:29.371000,2022,22,Abu Dhabi Grand Prix,1,0,0,15.0,11.0,0.2,0.4,0.1,4.0
1,M VERSTAPPEN,Max Verstappen,VER,Red Bull Racing,1.0,1.0,25.0,Finished,,,,0 days 01:27:45.914000,2022,22,Abu Dhabi Grand Prix,1,1,1,3.2,3.0,17.8,0.0,15.5,1.0
5,S VETTEL,Sebastian Vettel,VET,Aston Martin,9.0,10.0,1.0,Finished,,,,0 days 00:01:23.898000,2022,22,Abu Dhabi Grand Prix,1,0,0,9.4,11.4,3.2,0.0,2.1,11.0
24,G ZHOU,Guanyu Zhou,ZHO,Alfa Romeo,15.0,12.0,0.0,+1 Lap,,,,,2022,22,Abu Dhabi Grand Prix,1,0,0,14.6,14.2,0.0,0.2,0.3,
23,,Alexander Albon,ALB,Williams,15.0,10.0,1.0,Finished,,,,0 days 00:01:29.774000,2023,1,Bahrain Grand Prix,1,0,0,14.6,15.8,0.0,0.2,0.2,13.0
14,,Fernando Alonso,ALO,Aston Martin,5.0,3.0,15.0,Finished,,,,0 days 00:00:38.637000,2023,1,Bahrain Grand Prix,1,1,0,11.6,11.4,4.4,0.4,1.8,14.0
77,,Valtteri Bottas,BOT,Alfa Romeo,12.0,8.0,4.0,Finished,,,,0 days 00:01:12.647000,2023,1,Bahrain Grand Prix,1,0,0,13.6,11.4,0.6,0.2,0.3,4.5
21,,Nyck de Vries,DEV,AlphaTauri,19.0,14.0,0.0,Lapped,,,,0 days 00:00:22.523000,2023,1,Bahrain Grand Prix,1,0,0,9.0,8.0,2.0,0.0,0.1,
10,,Pierre Gasly,GAS,Alpine F1 Team,20.0,9.0,2.0,Finished,,,,0 days 00:01:13.753000,2023,1,Bahrain Grand Prix,1,0,0,14.2,13.8,0.0,0.0,,18.5
44,,Lewis Hamilton,HAM,Mercedes,7.0,5.0,10.0,Finished,,,,0 days 00:00:50.977000,2023,1,Bahrain Grand Prix,1,0,0,5.8,3.8,12.8,0.2,12.8,2.0
27,,Nico Hülkenberg,HUL,Haas F1 Team,10.0,15.0,0.0,Lapped,,,,0 days 00:00:38.911000,2023,1,Bahrain Grand Prix,1,0,0,14.5,17.0,0.0,0.0,0.2,17.0
16,,Charles Leclerc,LEC,Ferrari,3.0,19.0,0.0,Retired,,,,,2023,1,Bahrain Grand Prix,0,0,0,3.6,5.8,13.6,0.0,10.5,3.5
20,,Kevin Magnussen,MAG,Haas F1 Team,17.0,13.0,0.0,Lapped,,,,0 days 00:00:16.757000,2023,1,Bahrain Grand Prix,1,0,0,15.2,14.8,0.4,0.2,0.2,5.0
4,,Lando Norris,NOR,McLaren,11.0,17.0,0.0,Lapped,,,,0 days 00:00:06.636000,2023,1,Bahrain Grand Prix,1,0,0,9.8,7.4,4.0,0.2,2.8,9.5
31,,Esteban Ocon,OCO,Alpine F1 Team,9.0,18.0,0.0,Retired,,,,,2023,1,Bahrain Grand Prix,0,0,0,7.6,7.8,5.2,0.0,2.0,10.0
11,,Sergio Pérez,PER,Red Bull,2.0,2.0,18.0,Finished,,,,0 days 00:00:11.987000,2023,1,Bahrain Grand Prix,1,1,0,3.8,4.6,13.2,0.0,,11.5
81,,Oscar Piastri,PIA,McLaren,18.0,20.0,0.0,Retired,,,,,2023,1,Bahrain Grand Prix,0,0,0,,,,,2.7,
63,,George Russell,RUS,Mercedes,6.0,7.0,6.0,Finished,,,,0 days 00:00:55.873000,2023,1,Bahrain Grand Prix,1,0,0,4.6,4.2,12.8,0.0,12.8,9.0
55,,Carlos Sainz,SAI,Ferrari,4.0,4.0,12.0,Finished,,,,0 days 00:00:48.052000,2023,1,Bahrain Grand Prix,1,0,0,10.2,4.0,7.4,0.4,9.0,5.0
2,,Logan Sargeant,SAR,Williams,16.0,12.0,0.0,Lapped,,,,0 days 00:00:01.136000,2023,1,Bahrain Grand Prix,1,0,0,,,,,0.3,
18,,Lance Stroll,STR,Aston Martin,8.0,6.0,8.0,Finished,,,,0 days 00:00:54.502000,2023,1,Bahrain Grand Prix,1,0,0,12.6,14.6,1.0,0.2,3.3,11.0
22,,Yuki Tsunoda,TSU,AlphaTauri,14.0,11.0,0.0,Finished,,,,0 days 00:01:30.870000,2023,1,Bahrain Grand Prix,1,0,0,14.2,11.2,0.2,0.2,0.1,8.5
1,,Max Verstappen,VER,Red Bull,1.0,1.0,25.0,Finished,,,,0 days 01:33:56.736000,2023,1,Bahrain Grand Prix,1,1,1,2.0,1.6,21.6,0.0,18.0,10.5
24,,Guanyu Zhou,ZHO,Alfa Romeo,13.0,16.0,0.0,Lapped,,,,0 days 00:00:39.649000,2023,1,Bahrain Grand Prix,1,0,0,13.0,14.4,0.0,0.0,0.7,10.0
23,,Alexander Albon,ALB,Williams,17.0,19.0,0.0,Retired,,,,,2023,2,Saudi Arabian Grand Prix,0,0,0,12.6,15.6,0.2,0.0,0.1,14.0
14,,Fernando Alonso,ALO,Aston Martin,2.0,3.0,15.0,Finished,,,,0 days 00:00:20.728000,2023,2,Saudi Arabian Grand Prix,1,1,0,10.8,11.0,6.2,0.4,3.3,14.5
77,,Valtteri Bottas,BOT,Alfa Romeo,14.0,18.0,0.0,Lapped,,,,0 days 00:00:29.584000,2023,2,Saudi Arabian Grand Prix,1,0,0,12.2,11.4,1.4,0.2,0.7,9.0
21,,Nyck de Vries,DEV,AlphaTauri,18.0,14.0,0.0,Finished,,,,0 days 00:01:17.478000,2023,2,Saudi Arabian Grand Prix,1,0,0,11.5,13.5,1.0,0.0,0.1,
10,,Pierre Gasly,GAS,Alpine F1 Team,9.0,9.0,2.0,Finished,,,,0 days 00:00:54.747000,2023,2,Saudi Arabian Grand Prix,1,0,0,12.4,14.4,0.4,0.0,1.0,7.0
44,,Lewis Hamilton,HAM,Mercedes,7.0,5.0,10.0,Finished,,,,0 days 00:00:31.065000,2023,2,Saudi Arabian Grand Prix,1,0,0,5.8,4.0,12.8,0.2,13.0,5.5
27,,Nico Hülkenberg,HUL,Haas F1 Team,10.0,12.0,0.0,Finished,,,,0 days 00:01:10.588000,2023,2,Saudi Arabian Grand Prix,1,0,0,14.666666666666666,14.666666666666666,0.0,0.0,0.2,12.0
16,,Charles Leclerc,LEC,Ferrari,12.0,7.0,6.0,Finished,,,,0 days 00:00:43.162000,2023,2,Saudi Arabian Grand Prix,1,0,0,6.8,6.0,10.6,0.2,10.2,4.5
20,,Kevin Magnussen,MAG,Haas F1 Team,13.0,10.0,1.0,Finished,,,,0 days 00:01:04.826000,2023,2,Saudi Arabian Grand Prix,1,0,0,15.0,14.6,0.4,0.2,0.0,9.0
4,,Lando Norris,NOR,McLaren,19.0,17.0,0.0,Finished,,,,0 days 00:01:26.445000,2023,2,Saudi Arabian Grand Prix,1,0,0,11.2,7.6,3.8,0.2,2.7,8.5
31,,Esteban Ocon,OCO,Alpine F1 Team,6.0,8.0,4.0,Finished,,,,0 days 00:00:52.832000,2023,2,Saudi Arabian Grand Prix,1,0,0,10.4,8.6,2.8,0.2,1.3333333333333333,5.0
11,,Sergio Pérez,PER,Red Bull,1.0,1.0,25.0,Finished,,,,0 days 01:21:14.894000,2023,2,Saudi Arabian Grand Prix,1,1,1,3.8,4.2,13.2,0.0,21.5,10.5
81,,Oscar Piastri,PIA,McLaren,8.0,15.0,0.0,Finished,,,,0 days 00:01:25.021000,2023,2,Saudi Arabian Grand Prix,1,0,0,20.0,18.0,0.0,1.0,1.9,
63,,George Russell,RUS,Mercedes,3.0,4.0,12.0,Finished,,,,0 days 00:00:25.866000,2023,2,Saudi Arabian Grand Prix,1,0,0,4.4,3.8,13.2,0.0,12.2,12.0
55,,Carlos Sainz,SAI,Ferrari,4.0,6.0,8.0,Finished,,,,0 days 00:00:35.876000,2023,2,Saudi Arabian Grand Prix,1,0,0,7.2,4.2,9.8,0.2,9.3,5.5
2,,Logan Sargeant,SAR,Williams,20.0,16.0,0.0,Finished,,,,0 days 00:01:26.293000,2023,2,Saudi Arabian Grand Prix,1,0,0,12.0,16.0,0.0,0.0,0.1,
18,,Lance Stroll,STR,Aston Martin,5.0,20.0,0.0,Retired,,,,,2023,2,Saudi Arabian Grand Prix,0,0,0,11.4,12.4,2.6,0.2,4.8,12.0
22,,Yuki Tsunoda,TSU,AlphaTauri,16.0,11.0,0.0,Finished,,,,0 days 00:01:07.494000,2023,2,Saudi Arabian Grand Prix,1,0,0,13.8,11.4,0.2,0.2,0.1,16.5
1,,Max Verstappen,VER,Red Bull,15.0,2.0,19.0,Finished,,,,0 days 00:00:05.355000,2023,2,Saudi Arabian Grand Prix,1,1,0,2.0,1.6,21.6,0.0,22.666666666666668,1.5
24,,Guanyu Zhou,ZHO,Alfa Romeo,11.0,13.0,0.0,Finished,,,,0 days 00:01:16.060000,2023,2,Saudi Arabian Grand Prix,1,0,0,13.0,14.2,0.0,0.0,0.7,11.0
23,,Alexander Albon,ALB,Williams,8.0,19.0,0.0,Retired,,,,,2023,3,Australian Grand Prix,0,0,0,13.8,17.4,0.2,0.2,0.1,10.0
14,,Fernando Alonso,ALO,Aston Martin,4.0,3.0,15.0,Finished,,,,0 days 00:00:00.769000,2023,3,Australian Grand Prix,1,1,0,10.0,8.6,8.0,0.4,4.4,17.0
77,,Valtteri Bottas,BOT,Alfa Romeo,19.0,11.0,0.0,Finished,,,,0 days 00:00:06.513000,2023,3,Australian Grand Prix,1,0,0,12.0,12.8,1.4,0.0,0.7,8.0
21,,Nyck de Vries,DEV,AlphaTauri,15.0,15.0,0.0,Retired,,,,,2023,3,Australian Grand Prix,0,0,0,12.333333333333334,15.0,0.6666666666666666,0.0,0.0,
10,,Pierre Gasly,GAS,Alpine F1 Team,9.0,13.0,0.0,Retired,,,,,2023,3,Australian Grand Prix,0,0,0,11.4,14.0,0.8,0.0,2.0,9.0
44,,Lewis Hamilton,HAM,Mercedes,3.0,2.0,18.0,Finished,,,,0 days 00:00:00.179000,2023,3,Australian Grand Prix,1,1,0,6.4,4.8,11.2,0.2,12.3,4.0
27,,Nico Hülkenberg,HUL,Haas F1 Team,10.0,7.0,6.0,Finished,,,,0 days 00:00:04.939000,2023,3,Australian Grand Prix,1,0,0,14.0,13.5,0.0,0.0,0.1,
16,,Charles Leclerc,LEC,Ferrari,7.0,20.0,0.0,Retired,,,,,2023,3,Australian Grand Prix,0,0,0,7.6,6.0,8.8,0.2,10.1,1.0
20,,Kevin Magnussen,MAG,Haas F1 Team,14.0,17.0,0.0,Retired,,,,,2023,3,Australian Grand Prix,0,0,0,15.2,14.6,0.2,0.2,0.7,14.0
4,,Lando Norris,NOR,McLaren,13.0,6.0,8.0,Finished,,,,0 days 00:00:03.701000,2023,3,Australian Grand Prix,1,0,0,13.4,10.2,2.2,0.2,1.9,5.0
31,,Esteban Ocon,OCO,Alpine F1 Team,11.0,14.0,0.0,Retired,,,,,2023,3,Australian Grand Prix,0,0,0,9.8,9.8,3.6,0.2,1.6,7.0
11,,Sergio Pérez,PER,Red Bull,20.0,5.0,11.0,Finished,,,,0 days 00:00:03.320000,2023,3,Australian Grand Prix,1,0,0,3.2,2.6,15.8,0.0,21.75,2.0
81,,Oscar Piastri,PIA,McLaren,16.0,8.0,4.0,Finished,,,,0 days 00:00:05.382000,2023,3,Australian Grand Prix,1,0,0,17.5,13.0,0.0,0.5,2.5,
63,,George Russell,RUS,Mercedes,2.0,18.0,0.0,Retired,,,,,2023,3,Australian Grand Prix,0,0,0,4.2,3.6,13.4,0.0,12.3,3.0
55,,Carlos Sainz,SAI,Ferrari,5.0,12.0,0.0,Finished,,,,0 days 00:00:06.594000,2023,3,Australian Grand Prix,1,0,0,4.4,4.8,11.4,0.0,9.3,20.0
2,,Logan Sargeant,SAR,Williams,18.0,16.0,0.0,Retired,,,,,2023,3,Australian Grand Prix,0,0,0,14.0,18.0,0.0,0.0,0.1,
18,,Lance Stroll,STR,Aston Martin,6.0,4.0,12.0,Finished,,,,0 days 00:00:03.082000,2023,3,Australian Grand Prix,1,0,0,11.8,12.4,2.6,0.2,5.9,12.0
22,,Yuki Tsunoda,TSU,AlphaTauri,12.0,10.0,1.0,Finished,,,,0 days 00:00:06.052000,2023,3,Australian Grand Prix,1,0,0,14.0,10.8,0.0,0.2,0.0,15.0
1,,Max Verstappen,VER,Red Bull,1.0,1.0,25.0,Finished,,,,0 days 02:32:38.371000,2023,3,Australian Grand Prix,1,1,1,2.2,4.2,20.4,0.0,19.6,18.0
24,,Guanyu Zhou,ZHO,Alfa Romeo,17.0,9.0,2.0,Finished,,,,0 days 00:00:05.713000,2023,3,Australian Grand Prix,1,0,0,13.2,12.8,0.0,0.0,0.6,11.0
23,,Alexander Albon,ALB,Williams,12.0,12.0,0.0,Finished,,,,0 days 00:01:28.623000,2023,4,Azerbaijan Grand Prix,1,0,0,15.2,15.6,0.2,0.4,0.1,12.0
14,,Fernando Alonso,ALO,Aston Martin,6.0,4.0,12.0,Finished,,,,0 days 00:00:22.024000,2023,4,Azerbaijan Grand Prix,1,0,0,6.8,7.6,11.0,0.2,7.1,6.5
77,,Valtteri Bottas,BOT,Alfa Romeo,13.0,18.0,0.0,Lapped,,,,0 days 00:00:19.098000,2023,4,Azerbaijan Grand Prix,1,0,0,12.2,15.4,1.2,0.0,0.8,11.5
21,,Nyck de Vries,DEV,AlphaTauri,18.0,20.0,0.0,Retired,,,,,2023,4,Azerbaijan Grand Prix,0,0,0,13.0,15.0,0.5,0.25,0.1,
10,,Pierre Gasly,GAS,Alpine F1 Team,17.0,14.0,0.0,Finished,,,,0 days 00:01:31.332000,2023,4,Azerbaijan Grand Prix,1,0,0,11.8,13.0,0.8,0.2,1.3333333333333333,4.0
44,,Lewis Hamilton,HAM,Mercedes,5.0,6.0,8.0,Finished,,,,0 days 00:00:46.145000,2023,4,Azerbaijan Grand Prix,1,0,0,6.4,4.8,11.2,0.2,11.0,9.5
27,,Nico Hülkenberg,HUL,Haas F1 Team,20.0,17.0,0.0,Lapped,,,,0 days 00:00:09.937000,2023,4,Azerbaijan Grand Prix,1,0,0,12.6,12.8,1.2,0.0,0.7,
16,,Charles Leclerc,LEC,Ferrari,1.0,3.0,15.0,Finished,,,,0 days 00:00:21.217000,2023,4,Azerbaijan Grand Prix,1,1,0,10.4,6.0,7.2,0.4,8.3,11.5
20,,Kevin Magnussen,MAG,Haas F1 Team,16.0,13.0,0.0,Finished,,,,0 days 00:01:29.729000,2023,4,Azerbaijan Grand Prix,1,0,0,15.2,13.6,0.2,0.4,0.7,17.0
4,,Lando Norris,NOR,McLaren,7.0,9.0,2.0,Finished,,,,0 days 00:01:20.376000,2023,4,Azerbaijan Grand Prix,1,0,0,12.8,11.2,3.4,0.2,2.3,7.0
31,,Esteban Ocon,OCO,Alpine F1 Team,19.0,15.0,0.0,Finished,,,,0 days 00:01:37.794000,2023,4,Azerbaijan Grand Prix,1,0,0,11.0,10.0,2.8,0.4,1.1428571428571428,15.0
11,,Sergio Pérez,PER,Red Bull,3.0,1.0,25.0,Finished,,,,0 days 01:32:42.436000,2023,4,Azerbaijan Grand Prix,1,1,1,3.6,5.8,15.0,0.0,20.5,1.5
81,,Oscar Piastri,PIA,McLaren,10.0,11.0,0.0,Finished,,,,0 days 00:01:26.501000,2023,4,Azerbaijan Grand Prix,1,0,0,14.333333333333334,14.0,1.3333333333333333,0.3333333333333333,2.5,
63,,George Russell,RUS,Mercedes,11.0,8.0,5.0,Finished,,,,0 days 00:01:14.240000,2023,4,Azerbaijan Grand Prix,1,0,0,7.0,3.6,10.8,0.2,10.0,10.0
55,,Carlos Sainz,SAI,Ferrari,4.0,5.0,10.0,Finished,,,,0 days 00:00:45.491000,2023,4,Azerbaijan Grand Prix,1,0,0,5.8,4.8,9.4,0.0,8.6,14.0
2,,Logan Sargeant,SAR,Williams,14.0,16.0,0.0,Finished,,,,0 days 00:01:40.943000,2023,4,Azerbaijan Grand Prix,1,0,0,14.666666666666666,18.0,0.0,0.3333333333333333,0.1,
18,,Lance Stroll,STR,Aston Martin,9.0,7.0,6.0,Finished,,,,0 days 00:00:51.617000,2023,4,Azerbaijan Grand Prix,1,0,0,9.6,9.6,5.0,0.2,8.2,17.5
22,,Yuki Tsunoda,TSU,AlphaTauri,8.0,10.0,1.0,Finished,,,,0 days 00:01:23.862000,2023,4,Azerbaijan Grand Prix,1,0,0,12.0,10.6,0.2,0.0,0.1,10.0
1,,Max Verstappen,VER,Red Bull,2.0,2.0,18.0,Finished,,,,0 days 00:00:02.137000,2023,4,Azerbaijan Grand Prix,1,1,0,2.2,4.2,20.4,0.0,21.142857142857142,9.5
24,,Guanyu Zhou,ZHO,Alfa Romeo,15.0,19.0,0.0,Retired,,,,,2023,4,Azerbaijan Grand Prix,0,0,0,12.4,13.8,0.4,0.0,0.6,18.0
23,,Alexander Albon,ALB,Williams,11.0,14.0,0.0,Finished,,,,0 days 00:01:12.861000,2023,5,Miami Grand Prix,1,0,0,14.6,14.2,0.2,0.4,0.1,9.0
14,,Fernando Alonso,ALO,Aston Martin,2.0,3.0,15.0,Finished,,,,0 days 00:00:26.305000,2023,5,Miami Grand Prix,1,1,0,6.6,5.4,11.4,0.2,8.8,11.0
77,,Valtteri Bottas,BOT,Alfa Romeo,10.0,13.0,0.0,Finished,,,,0 days 00:01:11.637000,2023,5,Miami Grand Prix,1,0,0,14.0,15.2,0.8,0.0,0.6,7.0
21,,Nyck de Vries,DEV,AlphaTauri,15.0,18.0,0.0,Finished,,,,0 days 00:01:28.949000,2023,5,Miami Grand Prix,1,0,0,14.4,15.6,0.4,0.4,0.2,
10,,Pierre Gasly,GAS,Alpine F1 Team,5.0,8.0,4.0,Finished,,,,0 days 00:00:55.670000,2023,5,Miami Grand Prix,1,0,0,11.8,14.4,0.8,0.2,1.0,18.0
44,,Lewis Hamilton,HAM,Mercedes,13.0,6.0,8.0,Finished,,,,0 days 00:00:51.249000,2023,5,Miami Grand Prix,1,0,0,7.2,5.4,9.2,0.2,7.9,6.0
27,,Nico Hülkenberg,HUL,Haas F1 Team,12.0,15.0,0.0,Finished,,,,0 days 00:01:14.950000,2023,5,Miami Grand Prix,1,0,0,12.6,13.4,1.2,0.0,0.7,
16,,Charles Leclerc,LEC,Ferrari,7.0,7.0,6.0,Finished,,,,0 days 00:00:52.988000,2023,5,Miami Grand Prix,1,0,0,10.2,5.2,7.8,0.4,8.1,2.0
20,,Kevin Magnussen,MAG,Haas F1 Team,4.0,10.0,1.0,Finished,,,,0 days 00:01:02.945000,2023,5,Miami Grand Prix,1,0,0,14.0,15.2,0.2,0.2,0.7,16.0
4,,Lando Norris,NOR,McLaren,16.0,17.0,0.0,Finished,,,,0 days 00:01:27.717000,2023,5,Miami Grand Prix,1,0,0,11.0,11.4,3.8,0.0,2.5,19.0
31,,Esteban Ocon,OCO,Alpine F1 Team,8.0,9.0,2.0,Finished,,,,0 days 00:00:58.123000,2023,5,Miami Grand Prix,1,0,0,12.4,10.6,2.0,0.4,1.3333333333333333,8.0
11,,Sergio Pérez,PER,Red Bull,1.0,2.0,18.0,Finished,,,,0 days 00:00:05.384000,2023,5,Miami Grand Prix,1,1,0,2.4,5.6,18.8,0.0,20.75,4.0
81,,Oscar Piastri,PIA,McLaren,19.0,19.0,0.0,Lapped,,,,0 days 00:00:20.510000,2023,5,Miami Grand Prix,1,0,0,13.5,13.0,1.0,0.25,1.6,
63,,George Russell,RUS,Mercedes,6.0,4.0,12.0,Finished,,,,0 days 00:00:33.229000,2023,5,Miami Grand Prix,1,0,0,8.4,5.6,6.6,0.2,8.7,5.0
55,,Carlos Sainz,SAI,Ferrari,3.0,5.0,10.0,Finished,,,,0 days 00:00:42.511000,2023,5,Miami Grand Prix,1,0,0,6.2,4.2,8.4,0.0,6.9,3.0
2,,Logan Sargeant,SAR,Williams,20.0,20.0,0.0,Lapped,,,,0 days 00:00:34.388000,2023,5,Miami Grand Prix,1,0,0,15.0,17.0,0.0,0.25,0.1,
18,,Lance Stroll,STR,Aston Martin,18.0,12.0,0.0,Finished,,,,0 days 00:01:04.754000,2023,5,Miami Grand Prix,1,0,0,9.0,8.4,6.0,0.2,9.9,10.0
22,,Yuki Tsunoda,TSU,AlphaTauri,17.0,11.0,0.0,Finished,,,,0 days 00:01:04.309000,2023,5,Miami Grand Prix,1,0,0,10.6,12.2,0.4,0.0,0.2,12.0
1,,Max Verstappen,VER,Red Bull,9.0,1.0,26.0,Finished,,,,0 days 01:27:38.241000,2023,5,Miami Grand Prix,1,1,1,1.4,4.0,22.4,0.0,20.444444444444443,1.0
24,,Guanyu Zhou,ZHO,Alfa Romeo,14.0,16.0,0.0,Finished,,,,0 days 00:01:18.440000,2023,5,Miami Grand Prix,1,0,0,13.8,14.2,0.4,0.2,0.6,20.0
23,,Alexander Albon,ALB,Williams,13.0,14.0,0.0,Lapped,,,,0 days 00:01:19.210000,2023,6,Monaco Grand Prix,1,0,0,14.8,12.6,0.2,0.4,0.1,18.0
14,,Fernando Alonso,ALO,Aston Martin,2.0,2.0,18.0,Finished,,,,0 days 00:00:27.921000,2023,6,Monaco Grand Prix,1,1,0,3.2,3.8,14.4,0.0,9.8,10.0
77,,Valtteri Bottas,BOT,Alfa Romeo,15.0,11.0,0.0,Lapped,,,,0 days 00:00:28.963000,2023,6,Monaco Grand Prix,1,0,0,13.6,13.6,0.8,0.0,0.6,14.0
21,,Nyck de Vries,DEV,AlphaTauri,12.0,12.0,0.0,Lapped,,,,0 days 00:00:57.317000,2023,6,Monaco Grand Prix,1,0,0,16.2,17.0,0.0,0.4,0.2,
10,,Pierre Gasly,GAS,Alpine F1 Team,7.0,7.0,6.0,Finished,,,,0 days 00:01:02.362000,2023,6,Monaco Grand Prix,1,0,0,10.6,12.0,1.6,0.2,1.4,8.5
44,,Lewis Hamilton,HAM,Mercedes,5.0,4.0,13.0,Finished,,,,0 days 00:00:39.062000,2023,6,Monaco Grand Prix,1,0,0,4.8,7.0,10.8,0.0,8.9,7.5
27,,Nico Hülkenberg,HUL,Haas F1 Team,18.0,17.0,0.0,Lapped,,,,0 days 00:00:58.506000,2023,6,Monaco Grand Prix,1,0,0,13.2,12.4,1.2,0.0,0.8,
16,,Charles Leclerc,LEC,Ferrari,6.0,6.0,8.0,Finished,,,,0 days 00:01:01.890000,2023,6,Monaco Grand Prix,1,0,0,11.2,6.0,5.4,0.4,6.7,12.0
20,,Kevin Magnussen,MAG,Haas F1 Team,17.0,19.0,0.0,Retired,,,,,2023,6,Monaco Grand Prix,0,0,0,12.6,12.8,0.4,0.2,0.8,20.0
4,,Lando Norris,NOR,McLaren,10.0,9.0,2.0,Lapped,,,,0 days 00:00:04.061000,2023,6,Monaco Grand Prix,1,0,0,13.2,13.2,2.0,0.0,1.4,4.5
31,,Esteban Ocon,OCO,Alpine F1 Team,3.0,3.0,15.0,Finished,,,,0 days 00:00:36.990000,2023,6,Monaco Grand Prix,1,1,0,12.8,10.6,1.2,0.4,1.8,10.5
11,,Sergio Pérez,PER,Red Bull,20.0,16.0,0.0,Lapped,,,,0 days 00:00:49.024000,2023,6,Monaco Grand Prix,1,0,0,2.2,5.4,19.4,0.0,21.0,2.5
81,,Oscar Piastri,PIA,McLaren,11.0,10.0,1.0,Lapped,,,,0 days 00:00:13.959000,2023,6,Monaco Grand Prix,1,0,0,14.6,14.2,0.8,0.2,1.6,
63,,George Russell,RUS,Mercedes,8.0,5.0,10.0,Finished,,,,0 days 00:00:56.284000,2023,6,Monaco Grand Prix,1,0,0,8.2,5.6,7.0,0.2,9.2,9.5
55,,Carlos Sainz,SAI,Ferrari,4.0,8.0,4.0,Finished,,,,0 days 00:01:03.391000,2023,6,Monaco Grand Prix,1,0,0,6.4,4.0,8.0,0.0,7.5,2.0
2,,Logan Sargeant,SAR,Williams,16.0,18.0,0.0,Lapped,,,,0 days 00:01:17.983000,2023,6,Monaco Grand Prix,1,0,0,16.0,17.6,0.0,0.2,0.0,
18,,Lance Stroll,STR,Aston Martin,14.0,20.0,0.0,Retired,,,,,2023,6,Monaco Grand Prix,0,0,0,9.8,9.2,5.2,0.2,10.1,11.0
22,,Yuki Tsunoda,TSU,AlphaTauri,9.0,15.0,0.0,Lapped,,,,0 days 00:00:07.545000,2023,6,Monaco Grand Prix,1,0,0,10.6,13.4,0.4,0.0,0.2,16.5
1,,Max Verstappen,VER,Red Bull,1.0,1.0,25.0,Finished,,,,0 days 01:48:51.980000,2023,6,Monaco Grand Prix,1,1,1,1.4,5.6,22.6,0.0,19.2,2.0
24,,Guanyu Zhou,ZHO,Alfa Romeo,19.0,13.0,0.0,Lapped,,,,0 days 00:01:11.852000,2023,6,Monaco Grand Prix,1,0,0,14.6,14.0,0.4,0.2,0.2,16.0
23,,Alexander Albon,ALB,Williams,18.0,16.0,0.0,Lapped,,,,0 days 00:00:27.708000,2023,7,Spanish Grand Prix,1,0,0,15.6,12.2,0.0,0.4,0.0,18.0
14,,Fernando Alonso,ALO,Aston Martin,8.0,7.0,6.0,Finished,,,,0 days 00:01:04.127000,2023,7,Spanish Grand Prix,1,0,0,3.0,3.2,15.0,0.0,9.3,13.0
77,,Valtteri Bottas,BOT,Alfa Romeo,16.0,19.0,0.0,Lapped,,,,0 days 00:00:49.943000,2023,7,Spanish Grand Prix,1,0,0,14.2,14.2,0.0,0.0,0.2,4.5
21,,Nyck de Vries,DEV,AlphaTauri,14.0,14.0,0.0,Lapped,,,,0 days 00:00:05.327000,2023,7,Spanish Grand Prix,1,0,0,15.8,15.6,0.0,0.4,0.2,
10,,Pierre Gasly,GAS,Alpine F1 Team,10.0,10.0,1.0,Finished,,,,0 days 00:01:13.530000,2023,7,Spanish Grand Prix,1,0,0,10.2,9.4,2.4,0.2,3.3,11.5
44,,Lewis Hamilton,HAM,Mercedes,4.0,2.0,18.0,Finished,,,,0 days 00:00:24.090000,2023,7,Spanish Grand Prix,1,1,0,4.6,6.6,11.4,0.0,9.6,3.0
27,,Nico Hülkenberg,HUL,Haas F1 Team,7.0,15.0,0.0,Lapped,,,,0 days 00:00:17.297000,2023,7,Spanish Grand Prix,1,0,0,13.6,14.0,1.2,0.0,0.8,
16,,Charles Leclerc,LEC,Ferrari,19.0,11.0,0.0,Finished,,,,0 days 00:01:14.419000,2023,7,Spanish Grand Prix,1,0,0,8.6,6.6,7.0,0.2,6.7,12.0
20,,Kevin Magnussen,MAG,Haas F1 Team,17.0,18.0,0.0,Lapped,,,,0 days 00:00:38.080000,2023,7,Spanish Grand Prix,1,0,0,13.8,12.8,0.4,0.4,0.8,17.0
4,,Lando Norris,NOR,McLaren,3.0,17.0,0.0,Lapped,,,,0 days 00:00:30.390000,2023,7,Spanish Grand Prix,1,0,0,11.6,13.0,2.4,0.0,1.7,8.0
31,,Esteban Ocon,OCO,Alpine F1 Team,6.0,8.0,4.0,Finished,,,,0 days 00:01:09.242000,2023,7,Spanish Grand Prix,1,0,0,9.8,9.4,4.2,0.2,3.2,8.0
11,,Sergio Pérez,PER,Red Bull,11.0,4.0,12.0,Finished,,,,0 days 00:00:35.812000,2023,7,Spanish Grand Prix,1,0,0,5.0,9.0,15.8,0.0,19.2,3.5
81,,Oscar Piastri,PIA,McLaren,9.0,13.0,0.0,Lapped,,,,0 days 00:00:04.275000,2023,7,Spanish Grand Prix,1,0,0,12.6,12.8,1.0,0.0,1.7,
63,,George Russell,RUS,Mercedes,12.0,3.0,15.0,Finished,,,,0 days 00:00:32.389000,2023,7,Spanish Grand Prix,1,1,0,7.8,6.0,7.8,0.2,10.4,8.5
55,,Carlos Sainz,SAI,Ferrari,2.0,5.0,10.0,Finished,,,,0 days 00:00:45.698000,2023,7,Spanish Grand Prix,1,0,0,7.2,4.0,6.4,0.0,6.1,5.5
2,,Logan Sargeant,SAR,Williams,20.0,20.0,0.0,Lapped,,,,0 days 00:00:51.677000,2023,7,Spanish Grand Prix,1,0,0,17.2,17.6,0.0,0.2,0.0,
18,,Lance Stroll,STR,Aston Martin,5.0,6.0,8.0,Finished,,,,0 days 00:01:03.320000,2023,7,Spanish Grand Prix,1,0,0,12.6,10.4,3.6,0.4,8.4,13.0
22,,Yuki Tsunoda,TSU,AlphaTauri,15.0,12.0,0.0,Finished,,,,0 days 00:01:15.416000,2023,7,Spanish Grand Prix,1,0,0,11.4,12.4,0.4,0.0,0.2,15.0
1,,Max Verstappen,VER,Red Bull,1.0,1.0,26.0,Finished,,,,0 days 01:27:57.940000,2023,7,Spanish Grand Prix,1,1,1,1.4,5.6,22.6,0.0,17.9,1.5
24,,Guanyu Zhou,ZHO,Alfa Romeo,13.0,9.0,2.0,Finished,,,,0 days 00:01:11.878000,2023,7,Spanish Grand Prix,1,0,0,14.0,15.2,0.4,0.2,0.2,19.0
23,,Alexander Albon,ALB,Williams,9.0,7.0,6.0,Finished,,,,0 days 00:01:00.813000,2023,8,Canadian Grand Prix,1,0,0,15.0,12.4,0.0,0.2,0.0,13.0
14,,Fernando Alonso,ALO,Aston Martin,2.0,2.0,18.0,Finished,,,,0 days 00:00:09.570000,2023,8,Canadian Grand Prix,1,1,0,3.8,4.4,13.2,0.0,9.2,9.0
77,,Valtteri Bottas,BOT,Alfa Romeo,14.0,10.0,1.0,Finished,,,,0 days 00:01:04.432000,2023,8,Canadian Grand Prix,1,0,0,14.4,14.6,0.0,0.0,0.4,7.0
21,,Nyck de Vries,DEV,AlphaTauri,17.0,18.0,0.0,Lapped,,,,0 days 00:01:14.967000,2023,8,Canadian Grand Prix,1,0,0,15.8,14.8,0.0,0.4,0.2,
10,,Pierre Gasly,GAS,Alpine F1 Team,15.0,12.0,0.0,Finished,,,,0 days 00:01:05.249000,2023,8,Canadian Grand Prix,1,0,0,10.4,9.6,2.2,0.2,3.2,14.0
44,,Lewis Hamilton,HAM,Mercedes,3.0,3.0,15.0,Finished,,,,0 days 00:00:14.168000,2023,8,Canadian Grand Prix,1,1,0,4.0,6.0,13.0,0.0,10.7,3.0
27,,Nico Hülkenberg,HUL,Haas F1 Team,5.0,15.0,0.0,Lapped,,,,0 days 00:00:16.943000,2023,8,Canadian Grand Prix,1,0,0,14.2,13.4,1.2,0.0,0.7,
16,,Charles Leclerc,LEC,Ferrari,10.0,4.0,12.0,Finished,,,,0 days 00:00:18.648000,2023,8,Canadian Grand Prix,1,0,0,9.4,8.0,5.8,0.2,6.3,5.0
20,,Kevin Magnussen,MAG,Haas F1 Team,13.0,17.0,0.0,Lapped,,,,0 days 00:01:10.259000,2023,8,Canadian Grand Prix,1,0,0,15.4,13.6,0.2,0.4,0.1,17.0
4,,Lando Norris,NOR,McLaren,7.0,13.0,0.0,Finished,,,,0 days 00:01:08.363000,2023,8,Canadian Grand Prix,1,0,0,11.6,9.8,2.4,0.0,1.7,15.0
31,,Esteban Ocon,OCO,Alpine F1 Team,6.0,8.0,4.0,Finished,,,,0 days 00:01:01.692000,2023,8,Canadian Grand Prix,1,0,0,9.8,9.4,4.2,0.2,3.2,6.0
11,,Sergio Pérez,PER,Red Bull,12.0,6.0,9.0,Finished,,,,0 days 00:00:51.028000,2023,8,Canadian Grand Prix,1,0,0,5.6,11.0,13.2,0.0,18.6,20.0
81,,Oscar Piastri,PIA,McLaren,8.0,11.0,0.0,Finished,,,,0 days 00:01:05.101000,2023,8,Canadian Grand Prix,1,0,0,12.2,13.0,1.0,0.0,0.9,
63,,George Russell,RUS,Mercedes,4.0,19.0,0.0,Retired,,,,,2023,8,Canadian Grand Prix,0,0,0,7.6,7.8,8.4,0.2,10.4,4.0
55,,Carlos Sainz,SAI,Ferrari,11.0,5.0,10.0,Finished,,,,0 days 00:00:21.540000,2023,8,Canadian Grand Prix,1,0,0,7.0,3.6,6.8,0.0,7.5,2.0
2,,Logan Sargeant,SAR,Williams,18.0,20.0,0.0,Retired,,,,,2023,8,Canadian Grand Prix,0,0,0,18.0,17.6,0.0,0.2,0.6,
18,,Lance Stroll,STR,Aston Martin,16.0,9.0,2.0,Finished,,,,0 days 00:01:04.402000,2023,8,Canadian Grand Prix,1,0,0,9.8,10.4,5.2,0.2,9.5,10.0
22,,Yuki Tsunoda,TSU,AlphaTauri,19.0,14.0,0.0,Finished,,,,0 days 00:01:13.423000,2023,8,Canadian Grand Prix,1,0,0,11.6,12.2,0.4,0.0,0.2,18.0
1,,Max Verstappen,VER,Red Bull,1.0,1.0,25.0,Finished,,,,0 days 01:33:58.348000,2023,8,Canadian Grand Prix,1,1,1,1.2,2.8,24.0,0.0,18.4,1.0
24,,Guanyu Zhou,ZHO,Alfa Romeo,20.0,16.0,0.0,Lapped,,,,0 days 00:00:17.377000,2023,8,Canadian Grand Prix,1,0,0,13.2,15.6,0.8,0.2,0.5,8.0
23,,Alexander Albon,ALB,Williams,10.0,11.0,0.0,Finished,,,,0 days 00:01:19.767000,2023,9,Austrian Grand Prix,1,0,0,12.6,12.6,1.2,0.0,0.6,12.0
14,,Fernando Alonso,ALO,Aston Martin,7.0,5.0,10.0,Finished,,,,0 days 00:00:30.317000,2023,9,Austrian Grand Prix,1,0,0,3.6,4.0,13.8,0.0,8.5,10.0
77,,Valtteri Bottas,BOT,Alfa Romeo,14.0,15.0,0.0,Lapped,,,,0 days 00:00:42.777000,2023,9,Austrian Grand Prix,1,0,0,14.2,13.6,0.2,0.0,0.3,6.5
21,,Nyck de Vries,DEV,AlphaTauri,20.0,17.0,0.0,Lapped,,,,0 days 00:00:49.703000,2023,9,Austrian Grand Prix,1,0,0,16.4,15.2,0.0,0.2,0.1,
10,,Pierre Gasly,GAS,Alpine F1 Team,9.0,10.0,1.0,Finished,,,,0 days 00:01:07.667000,2023,9,Austrian Grand Prix,1,0,0,10.2,10.8,2.2,0.0,3.6,12.0
44,,Lewis Hamilton,HAM,Mercedes,5.0,8.0,4.0,Finished,,,,0 days 00:00:49.196000,2023,9,Austrian Grand Prix,1,0,0,4.2,6.0,12.4,0.0,10.4,3.5
27,,Nico Hülkenberg,HUL,Haas F1 Team,8.0,20.0,0.0,Retired,,,,,2023,9,Austrian Grand Prix,0,0,0,15.8,12.4,0.0,0.0,0.1,
16,,Charles Leclerc,LEC,Ferrari,2.0,2.0,18.0,Finished,,,,0 days 00:00:05.155000,2023,9,Austrian Grand Prix,1,1,0,6.2,8.6,8.2,0.0,8.5,4.5
20,,Kevin Magnussen,MAG,Haas F1 Team,19.0,18.0,0.0,Lapped,,,,0 days 00:00:56.653000,2023,9,Austrian Grand Prix,1,0,0,15.4,13.4,0.2,0.2,0.1,8.0
4,,Lando Norris,NOR,McLaren,4.0,4.0,12.0,Finished,,,,0 days 00:00:26.327000,2023,9,Austrian Grand Prix,1,0,0,13.0,8.6,0.8,0.0,0.5,5.0
31,,Esteban Ocon,OCO,Alpine F1 Team,12.0,14.0,0.0,Lapped,,,,0 days 00:00:42.140000,2023,9,Austrian Grand Prix,1,0,0,8.6,8.4,5.0,0.0,3.7,12.5
11,,Sergio Pérez,PER,Red Bull,15.0,3.0,15.0,Finished,,,,0 days 00:00:17.188000,2023,9,Austrian Grand Prix,1,1,0,5.8,9.4,12.8,0.0,18.4,13.0
81,,Oscar Piastri,PIA,McLaren,13.0,16.0,0.0,Lapped,,,,0 days 00:00:46.569000,2023,9,Austrian Grand Prix,1,0,0,12.8,11.4,0.2,0.0,1.5,
63,,George Russell,RUS,Mercedes,11.0,7.0,6.0,Finished,,,,0 days 00:00:48.403000,2023,9,Austrian Grand Prix,1,0,0,7.8,8.2,8.4,0.2,10.0,7.5
55,,Carlos Sainz,SAI,Ferrari,3.0,6.0,8.0,Finished,,,,0 days 00:00:31.377000,2023,9,Austrian Grand Prix,1,0,0,5.6,4.8,8.8,0.0,8.8,11.5
2,,Logan Sargeant,SAR,Williams,18.0,13.0,0.0,Lapped,,,,0 days 00:00:31.384000,2023,9,Austrian Grand Prix,1,0,0,18.8,17.6,0.0,0.2,0.6,
18,,Lance Stroll,STR,Aston Martin,6.0,9.0,2.0,Finished,,,,0 days 00:00:59.043000,2023,9,Austrian Grand Prix,1,0,0,10.8,12.4,3.2,0.2,8.3,13.0
22,,Yuki Tsunoda,TSU,AlphaTauri,16.0,19.0,0.0,Lapped,,,,0 days 00:00:59.873000,2023,9,Austrian Grand Prix,1,0,0,12.4,13.6,0.2,0.0,0.1,14.0
1,,Max Verstappen,VER,Red Bull,1.0,1.0,26.0,Finished,,,,0 days 01:25:33.607000,2023,9,Austrian Grand Prix,1,1,1,1.2,2.8,24.0,0.0,17.4,1.5
24,,Guanyu Zhou,ZHO,Alfa Romeo,17.0,12.0,0.0,Lapped,,,,0 days 00:00:24.633000,2023,9,Austrian Grand Prix,1,0,0,14.6,16.2,0.4,0.2,0.3,14.0
23,,Alexander Albon,ALB,Williams,8.0,8.0,4.0,Finished,,,,0 days 00:00:17.878000,2023,10,British Grand Prix,1,0,0,12.4,12.2,1.2,0.0,0.6,20.0
14,,Fernando Alonso,ALO,Aston Martin,9.0,7.0,6.0,Finished,,,,0 days 00:00:17.193000,2023,10,British Grand Prix,1,0,0,3.8,4.2,13.4,0.0,7.9,6.0
77,,Valtteri Bottas,BOT,Alfa Romeo,20.0,12.0,0.0,Finished,,,,0 days 00:00:25.830000,2023,10,British Grand Prix,1,0,0,13.6,13.8,0.2,0.0,0.3,10.0
21,,Nyck de Vries,DEV,AlphaTauri,18.0,17.0,0.0,Finished,,,,0 days 00:00:33.128000,2023,10,British Grand Prix,1,0,0,15.8,15.6,0.0,0.0,0.0,
10,,Pierre Gasly,GAS,Alpine F1 Team,10.0,18.0,0.0,Retired,,,,,2023,10,British Grand Prix,0,0,0,9.4,9.2,2.4,0.0,3.7,13.5
44,,Lewis Hamilton,HAM,Mercedes,7.0,3.0,15.0,Finished,,,,0 days 00:00:06.783000,2023,10,British Grand Prix,1,1,0,4.6,6.0,11.6,0.0,10.1,2.0
27,,Nico Hülkenberg,HUL,Haas F1 Team,11.0,13.0,0.0,Finished,,,,0 days 00:00:26.663000,2023,10,British Grand Prix,1,0,0,16.4,10.0,0.0,0.2,0.1,
16,,Charles Leclerc,LEC,Ferrari,4.0,9.0,2.0,Finished,,,,0 days 00:00:18.689000,2023,10,British Grand Prix,1,0,0,6.0,8.8,8.8,0.0,8.6,3.0
20,,Kevin Magnussen,MAG,Haas F1 Team,19.0,19.0,0.0,Retired,,,,,2023,10,British Grand Prix,0,0,0,16.4,14.0,0.2,0.2,0.1,10.0
4,,Lando Norris,NOR,McLaren,2.0,2.0,18.0,Finished,,,,0 days 00:00:03.798000,2023,10,British Grand Prix,1,1,0,12.0,8.0,2.8,0.0,1.5,5.0
31,,Esteban Ocon,OCO,Alpine F1 Team,13.0,20.0,0.0,Retired,,,,,2023,10,British Grand Prix,0,0,0,8.4,7.0,5.0,0.0,3.3,12.0
11,,Sergio Pérez,PER,Red Bull,15.0,6.0,8.0,Finished,,,,0 days 00:00:12.882000,2023,10,British Grand Prix,1,0,0,6.2,11.8,10.8,0.0,18.2,9.0
81,,Oscar Piastri,PIA,McLaren,3.0,4.0,12.0,Finished,,,,0 days 00:00:07.776000,2023,10,British Grand Prix,1,0,0,13.8,12.0,0.2,0.0,3.3,
63,,George Russell,RUS,Mercedes,6.0,5.0,10.0,Finished,,,,0 days 00:00:11.206000,2023,10,British Grand Prix,1,0,0,7.6,8.2,8.6,0.2,10.8,15.0
55,,Carlos Sainz,SAI,Ferrari,5.0,10.0,1.0,Finished,,,,0 days 00:00:19.448000,2023,10,British Grand Prix,1,0,0,5.8,4.6,8.4,0.0,8.2,3.5
2,,Logan Sargeant,SAR,Williams,14.0,11.0,0.0,Finished,,,,0 days 00:00:23.632000,2023,10,British Grand Prix,1,0,0,18.2,18.4,0.0,0.2,1.0,
18,,Lance Stroll,STR,Aston Martin,12.0,14.0,0.0,Finished,,,,0 days 00:00:27.483000,2023,10,British Grand Prix,1,0,0,11.2,11.8,2.4,0.2,7.0,9.5
22,,Yuki Tsunoda,TSU,AlphaTauri,16.0,16.0,0.0,Finished,,,,0 days 00:00:31.225000,2023,10,British Grand Prix,1,0,0,14.2,15.2,0.0,0.0,0.0,12.0
1,,Max Verstappen,VER,Red Bull,1.0,1.0,26.0,Finished,,,,0 days 01:25:16.938000,2023,10,British Grand Prix,1,1,1,1.0,2.6,25.6,0.0,17.2,13.5
24,,Guanyu Zhou,ZHO,Alfa Romeo,17.0,15.0,0.0,Finished,,,,0 days 00:00:29.820000,2023,10,British Grand Prix,1,0,0,13.2,16.6,0.4,0.0,0.3,19.0
23,,Alexander Albon,ALB,Williams,16.0,11.0,0.0,Lapped,,,,0 days 00:00:29.087000,2023,11,Hungarian Grand Prix,1,0,0,11.2,11.6,2.0,0.0,1.0,17.0
14,,Fernando Alonso,ALO,Aston Martin,8.0,9.0,2.0,Finished,,,,0 days 00:01:15.709000,2023,11,Hungarian Grand Prix,1,0,0,4.6,5.6,11.6,0.0,7.0,6.0
77,,Valtteri Bottas,BOT,Alfa Romeo,7.0,12.0,0.0,Lapped,,,,0 days 00:00:30.079000,2023,11,Hungarian Grand Prix,1,0,0,13.4,15.8,0.2,0.0,0.3,18.0
10,,Pierre Gasly,GAS,Alpine F1 Team,15.0,20.0,0.0,Retired,,,,,2023,11,Hungarian Grand Prix,0,0,0,11.4,10.2,1.6,0.2,3.1,8.5
44,,Lewis Hamilton,HAM,Mercedes,1.0,4.0,12.0,Finished,,,,0 days 00:00:39.134000,2023,11,Hungarian Grand Prix,1,0,0,4.0,4.8,13.0,0.0,10.6,2.0
27,,Nico Hülkenberg,HUL,Haas F1 Team,10.0,14.0,0.0,Lapped,,,,0 days 00:00:51.298000,2023,11,Hungarian Grand Prix,1,0,0,16.0,9.8,0.0,0.2,0.0,
16,,Charles Leclerc,LEC,Ferrari,6.0,7.0,6.0,Finished,,,,0 days 00:01:10.317000,2023,11,Hungarian Grand Prix,1,0,0,6.4,8.2,8.0,0.0,7.3,12.0
20,,Kevin Magnussen,MAG,Haas F1 Team,19.0,17.0,0.0,Lapped,,,,0 days 00:01:22.351000,2023,11,Hungarian Grand Prix,1,0,0,18.2,17.0,0.0,0.4,0.0,16.0
4,,Lando Norris,NOR,McLaren,3.0,2.0,18.0,Finished,,,,0 days 00:00:33.731000,2023,11,Hungarian Grand Prix,1,1,0,9.0,5.2,6.4,0.0,4.5,11.0
31,,Esteban Ocon,OCO,Alpine F1 Team,12.0,19.0,0.0,Retired,,,,,2023,11,Hungarian Grand Prix,0,0,0,10.6,8.0,4.6,0.2,2.5,5.0
11,,Sergio Pérez,PER,Red Bull,9.0,3.0,15.0,Finished,,,,0 days 00:00:37.603000,2023,11,Hungarian Grand Prix,1,1,0,7.0,14.6,8.8,0.0,17.2,11.0
81,,Oscar Piastri,PIA,McLaren,4.0,5.0,10.0,Finished,,,,0 days 00:01:02.572000,2023,11,Hungarian Grand Prix,1,0,0,10.8,8.8,2.6,0.0,6.1,
3,,Daniel Ricciardo,RIC,AlphaTauri,13.0,13.0,0.0,Lapped,,,,0 days 00:00:36.257000,2023,11,Hungarian Grand Prix,1,0,0,12.6,12.2,1.6,0.2,0.0,13.0
63,,George Russell,RUS,Mercedes,18.0,6.0,8.0,Finished,,,,0 days 00:01:05.825000,2023,11,Hungarian Grand Prix,1,0,0,7.8,8.2,8.2,0.2,10.5,5.5
55,,Carlos Sainz,SAI,Ferrari,11.0,8.0,4.0,Finished,,,,0 days 00:01:11.073000,2023,11,Hungarian Grand Prix,1,0,0,6.8,5.0,6.6,0.0,7.1,3.5
2,,Logan Sargeant,SAR,Williams,20.0,18.0,0.0,Retired,,,,,2023,11,Hungarian Grand Prix,0,0,0,16.4,17.2,0.0,0.2,1.0,
18,,Lance Stroll,STR,Aston Martin,14.0,10.0,1.0,Lapped,,,,0 days 00:00:14.615000,2023,11,Hungarian Grand Prix,1,0,0,11.6,10.6,2.4,0.2,5.4,15.0
22,,Yuki Tsunoda,TSU,AlphaTauri,17.0,15.0,0.0,Lapped,,,,0 days 00:00:51.543000,2023,11,Hungarian Grand Prix,1,0,0,15.2,15.0,0.0,0.0,0.0,12.5
1,,Max Verstappen,VER,Red Bull,2.0,1.0,26.0,Finished,,,,0 days 01:38:08.634000,2023,11,Hungarian Grand Prix,1,1,1,1.0,1.0,25.6,0.0,18.7,5.0
24,,Guanyu Zhou,ZHO,Alfa Romeo,5.0,16.0,0.0,Lapped,,,,0 days 00:01:00.491000,2023,11,Hungarian Grand Prix,1,0,0,13.0,17.2,0.4,0.0,0.3,13.0
23,,Alexander Albon,ALB,Williams,15.0,14.0,0.0,Finished,,,,0 days 00:01:36.184000,2023,12,Belgian Grand Prix,1,0,0,10.6,12.2,2.0,0.0,1.0,10.0
14,,Fernando Alonso,ALO,Aston Martin,9.0,5.0,10.0,Finished,,,,0 days 00:00:56.184000,2023,12,Belgian Grand Prix,1,0,0,6.0,6.8,8.4,0.0,5.5,8.0
77,,Valtteri Bottas,BOT,Alfa Romeo,13.0,12.0,0.0,Finished,,,,0 days 00:01:25.191000,2023,12,Belgian Grand Prix,1,0,0,13.6,14.2,0.2,0.0,0.3,15.5
10,,Pierre Gasly,GAS,Alpine F1 Team,12.0,11.0,0.0,Finished,,,,0 days 00:01:23.084000,2023,12,Belgian Grand Prix,1,0,0,14.0,11.8,0.4,0.4,1.0,7.5
44,,Lewis Hamilton,HAM,Mercedes,3.0,4.0,13.0,Finished,,,,0 days 00:00:49.671000,2023,12,Belgian Grand Prix,1,0,0,4.0,4.0,12.8,0.0,10.3,11.5
27,,Nico Hülkenberg,HUL,Haas F1 Team,20.0,18.0,0.0,Finished,,,,0 days 00:01:50.450000,2023,12,Belgian Grand Prix,1,0,0,15.4,8.2,0.0,0.2,0.0,
16,,Charles Leclerc,LEC,Ferrari,1.0,3.0,15.0,Finished,,,,0 days 00:00:32.259000,2023,12,Belgian Grand Prix,1,1,0,6.6,8.2,7.6,0.0,7.1,7.0
20,,Kevin Magnussen,MAG,Haas F1 Team,16.0,15.0,0.0,Finished,,,,0 days 00:01:41.754000,2023,12,Belgian Grand Prix,1,0,0,17.8,17.4,0.0,0.2,0.0,16.0
4,,Lando Norris,NOR,McLaren,7.0,7.0,6.0,Finished,,,,0 days 00:01:13.719000,2023,12,Belgian Grand Prix,1,0,0,7.6,3.8,9.6,0.0,7.0,13.0
31,,Esteban Ocon,OCO,Alpine F1 Team,14.0,8.0,4.0,Finished,,,,0 days 00:01:14.719000,2023,12,Belgian Grand Prix,1,0,0,13.8,9.8,1.6,0.4,0.9,7.0
11,,Sergio Pérez,PER,Red Bull,2.0,2.0,18.0,Finished,,,,0 days 00:00:22.305000,2023,12,Belgian Grand Prix,1,1,0,4.4,12.4,11.8,0.0,18.8,10.5
81,,Oscar Piastri,PIA,McLaren,5.0,20.0,0.0,Retired,,,,,2023,12,Belgian Grand Prix,0,0,0,9.8,7.4,4.4,0.0,7.6,
3,,Daniel Ricciardo,RIC,AlphaTauri,19.0,16.0,0.0,Finished,,,,0 days 00:01:43.071000,2023,12,Belgian Grand Prix,1,0,0,13.0,12.6,1.6,0.2,0.0,9.5
63,,George Russell,RUS,Mercedes,8.0,6.0,8.0,Finished,,,,0 days 00:01:03.101000,2023,12,Belgian Grand Prix,1,0,0,8.0,10.2,7.8,0.2,9.8,3.0
55,,Carlos Sainz,SAI,Ferrari,4.0,19.0,0.0,Retired,,,,,2023,12,Belgian Grand Prix,0,0,0,6.8,6.4,6.6,0.0,8.6,6.5
2,,Logan Sargeant,SAR,Williams,18.0,17.0,0.0,Finished,,,,0 days 00:01:44.476000,2023,12,Belgian Grand Prix,1,0,0,16.4,18.0,0.0,0.4,1.0,
18,,Lance Stroll,STR,Aston Martin,10.0,9.0,2.0,Finished,,,,0 days 00:01:19.340000,2023,12,Belgian Grand Prix,1,0,0,9.6,10.6,2.6,0.0,5.9,15.5
22,,Yuki Tsunoda,TSU,AlphaTauri,11.0,10.0,1.0,Finished,,,,0 days 00:01:20.221000,2023,12,Belgian Grand Prix,1,0,0,15.2,16.6,0.0,0.0,0.0,14.0
1,,Max Verstappen,VER,Red Bull,6.0,1.0,25.0,Finished,,,,0 days 01:22:30.450000,2023,12,Belgian Grand Prix,1,1,1,1.0,1.2,25.8,0.0,19.4,1.0
24,,Guanyu Zhou,ZHO,Alfa Romeo,17.0,13.0,0.0,Finished,,,,0 days 00:01:35.441000,2023,12,Belgian Grand Prix,1,0,0,13.6,14.4,0.4,0.0,0.3,14.0
23,,Alexander Albon,ALB,Williams,4.0,8.0,4.0,Finished,,,,0 days 00:00:15.155000,2023,13,Dutch Grand Prix,1,0,0,10.2,11.6,2.0,0.0,1.0,12.0
14,,Fernando Alonso,ALO,Aston Martin,5.0,2.0,19.0,Finished,,,,0 days 00:00:03.744000,2023,13,Dutch Grand Prix,1,1,0,5.6,7.0,9.2,0.0,5.3,6.0
77,,Valtteri Bottas,BOT,Alfa Romeo,18.0,14.0,0.0,Finished,,,,0 days 00:00:27.388000,2023,13,Dutch Grand Prix,1,0,0,12.2,13.6,0.2,0.0,0.1,11.0
10,,Pierre Gasly,GAS,Alpine F1 Team,12.0,3.0,15.0,Finished,,,,0 days 00:00:07.058000,2023,13,Dutch Grand Prix,1,1,0,14.2,12.2,0.2,0.4,0.9,7.5
44,,Lewis Hamilton,HAM,Mercedes,13.0,6.0,8.0,Finished,,,,0 days 00:00:13.209000,2023,13,Dutch Grand Prix,1,0,0,4.4,3.8,11.8,0.0,9.1,3.0
27,,Nico Hülkenberg,HUL,Haas F1 Team,14.0,12.0,0.0,Finished,,,,0 days 00:00:20.840000,2023,13,Dutch Grand Prix,1,0,0,16.0,10.8,0.0,0.2,0.0,
40,,Liam Lawson,LAW,AlphaTauri,19.0,13.0,0.0,Finished,,,,0 days 00:00:26.147000,2023,13,Dutch Grand Prix,1,0,0,,,,,0.1,
16,,Charles Leclerc,LEC,Ferrari,9.0,19.0,0.0,Undertray,,,,,2023,13,Dutch Grand Prix,0,0,0,5.0,4.6,10.6,0.0,7.6,4.0
20,,Kevin Magnussen,MAG,Haas F1 Team,0.0,16.0,0.0,Finished,,,,0 days 00:00:31.410000,2023,13,Dutch Grand Prix,1,0,0,17.2,17.2,0.0,0.2,0.0,15.0
4,,Lando Norris,NOR,McLaren,2.0,7.0,6.0,Finished,,,,0 days 00:00:13.232000,2023,13,Dutch Grand Prix,1,0,0,5.6,4.6,10.8,0.0,7.6,8.5
31,,Esteban Ocon,OCO,Alpine F1 Team,16.0,10.0,1.0,Finished,,,,0 days 00:00:18.346000,2023,13,Dutch Grand Prix,1,0,0,13.8,11.4,1.6,0.4,2.4,9.0
11,,Sergio Pérez,PER,Red Bull,7.0,4.0,12.0,Finished,,,,0 days 00:00:10.068000,2023,13,Dutch Grand Prix,1,0,0,4.0,10.6,13.0,0.0,19.3,6.5
81,,Oscar Piastri,PIA,McLaren,8.0,9.0,2.0,Finished,,,,0 days 00:00:16.580000,2023,13,Dutch Grand Prix,1,0,0,11.2,6.6,4.4,0.2,8.2,
63,,George Russell,RUS,Mercedes,3.0,17.0,0.0,Finished,,,,0 days 00:00:55.754000,2023,13,Dutch Grand Prix,1,0,0,8.6,9.4,6.4,0.2,8.4,9.5
55,,Carlos Sainz,SAI,Ferrari,6.0,5.0,10.0,Finished,,,,0 days 00:00:12.541000,2023,13,Dutch Grand Prix,1,0,0,9.6,6.8,4.6,0.2,6.4,7.5
2,,Logan Sargeant,SAR,Williams,10.0,20.0,0.0,Accident,,,,,2023,13,Dutch Grand Prix,0,0,0,15.8,17.6,0.0,0.4,0.8,
18,,Lance Stroll,STR,Aston Martin,11.0,11.0,0.0,Finished,,,,0 days 00:00:20.087000,2023,13,Dutch Grand Prix,1,0,0,10.2,11.6,1.4,0.0,5.4,11.0
22,,Yuki Tsunoda,TSU,AlphaTauri,17.0,15.0,0.0,Finished,,,,0 days 00:00:29.893000,2023,13,Dutch Grand Prix,1,0,0,14.8,15.8,0.2,0.0,0.1,19.5
1,,Max Verstappen,VER,Red Bull,1.0,1.0,25.0,Finished,,,,0 days 02:24:04.411000,2023,13,Dutch Grand Prix,1,1,1,1.0,2.2,25.6,0.0,19.6,1.0
24,,Guanyu Zhou,ZHO,Alfa Romeo,15.0,18.0,0.0,Accident,,,,,2023,13,Dutch Grand Prix,0,0,0,14.4,15.2,0.0,0.0,0.0,16.0
23,,Alexander Albon,ALB,Williams,6.0,7.0,6.0,Finished,,,,0 days 00:00:45.106000,2023,14,Italian Grand Prix,1,0,0,10.4,10.6,1.6,0.0,0.8,
14,,Fernando Alonso,ALO,Aston Martin,10.0,9.0,2.0,Finished,,,,0 days 00:00:46.294000,2023,14,Italian Grand Prix,1,0,0,5.6,7.6,9.4,0.0,5.2,13.5
77,,Valtteri Bottas,BOT,Alfa Romeo,14.0,10.0,1.0,Finished,,,,0 days 00:01:04.056000,2023,14,Italian Grand Prix,1,0,0,13.0,14.4,0.0,0.0,0.0,8.0
10,,Pierre Gasly,GAS,Alpine F1 Team,17.0,15.0,0.0,Finished,,,,0 days 00:01:22.510000,2023,14,Italian Grand Prix,1,0,0,12.4,11.6,3.2,0.4,2.1,13.5
44,,Lewis Hamilton,HAM,Mercedes,8.0,6.0,8.0,Finished,,,,0 days 00:00:42.679000,2023,14,Italian Grand Prix,1,0,0,5.0,5.8,10.4,0.0,8.4,11.0
27,,Nico Hülkenberg,HUL,Haas F1 Team,13.0,17.0,0.0,Lapped,,,,0 days 00:00:02.093000,2023,14,Italian Grand Prix,1,0,0,15.4,12.6,0.0,0.2,0.0,
40,,Liam Lawson,LAW,AlphaTauri,12.0,11.0,0.0,Finished,,,,0 days 00:01:10.638000,2023,14,Italian Grand Prix,1,0,0,13.0,19.0,0.0,0.0,0.1,
16,,Charles Leclerc,LEC,Ferrari,3.0,4.0,12.0,Finished,,,,0 days 00:00:11.377000,2023,14,Italian Grand Prix,1,0,0,8.0,4.4,8.2,0.2,6.4,3.0
20,,Kevin Magnussen,MAG,Haas F1 Team,19.0,18.0,0.0,Lapped,,,,0 days 00:00:12.624000,2023,14,Italian Grand Prix,1,0,0,17.0,14.6,0.0,0.2,0.0,16.0
4,,Lando Norris,NOR,McLaren,9.0,8.0,4.0,Finished,,,,0 days 00:00:45.449000,2023,14,Italian Grand Prix,1,0,0,4.4,3.6,12.0,0.0,8.4,4.5
31,,Esteban Ocon,OCO,Alpine F1 Team,18.0,19.0,0.0,Retired,,,,,2023,14,Italian Grand Prix,0,0,0,14.2,13.4,1.0,0.4,2.0,10.5
11,,Sergio Pérez,PER,Red Bull,5.0,2.0,18.0,Finished,,,,0 days 00:00:06.064000,2023,14,Italian Grand Prix,1,1,0,3.6,9.6,13.6,0.0,19.6,5.5
81,,Oscar Piastri,PIA,McLaren,7.0,12.0,0.0,Finished,,,,0 days 00:01:13.074000,2023,14,Italian Grand Prix,1,0,0,10.8,6.6,4.8,0.2,7.6,
63,,George Russell,RUS,Mercedes,4.0,5.0,10.0,Finished,,,,0 days 00:00:23.028000,2023,14,Italian Grand Prix,1,0,0,8.2,9.2,6.4,0.0,8.8,6.0
55,,Carlos Sainz,SAI,Ferrari,1.0,3.0,15.0,Finished,,,,0 days 00:00:11.193000,2023,14,Italian Grand Prix,1,1,0,9.6,5.8,4.6,0.2,5.8,5.0
2,,Logan Sargeant,SAR,Williams,15.0,13.0,0.0,Finished,,,,0 days 00:01:18.557000,2023,14,Italian Grand Prix,1,0,0,15.8,16.0,0.0,0.4,1.4,
18,,Lance Stroll,STR,Aston Martin,20.0,16.0,0.0,Finished,,,,0 days 00:01:27.266000,2023,14,Italian Grand Prix,1,0,0,10.6,10.6,1.0,0.0,4.4,12.5
22,,Yuki Tsunoda,TSU,AlphaTauri,11.0,20.0,0.0,Did not start,,,,,2023,14,Italian Grand Prix,0,0,0,15.0,15.4,0.2,0.0,0.1,17.0
1,,Max Verstappen,VER,Red Bull,2.0,1.0,25.0,Finished,,,,0 days 01:13:41.143000,2023,14,Italian Grand Prix,1,1,1,1.0,2.2,25.6,0.0,19.9,9.5
24,,Guanyu Zhou,ZHO,Alfa Romeo,16.0,14.0,0.0,Finished,,,,0 days 00:01:20.164000,2023,14,Italian Grand Prix,1,0,0,14.8,14.2,0.0,0.2,0.1,10.0
23,,Alexander Albon,ALB,Williams,14.0,11.0,0.0,Finished,,,,0 days 00:01:13.417000,2023,15,Singapore Grand Prix,1,0,0,9.6,9.8,2.8,0.0,1.4,17.0
14,,Fernando Alonso,ALO,Aston Martin,7.0,15.0,0.0,Finished,,,,0 days 00:01:27.603000,2023,15,Singapore Grand Prix,1,0,0,6.4,8.2,7.8,0.0,4.2,18.0
77,,Valtteri Bottas,BOT,Alfa Romeo,16.0,17.0,0.0,Retired,,,,,2023,15,Singapore Grand Prix,0,0,0,12.0,14.4,0.2,0.0,0.1,11.0
10,,Pierre Gasly,GAS,Alpine F1 Team,12.0,6.0,8.0,Finished,,,,0 days 00:00:38.441000,2023,15,Singapore Grand Prix,1,0,0,13.4,13.2,3.0,0.4,2.0,10.0
44,,Lewis Hamilton,HAM,Mercedes,5.0,3.0,16.0,Finished,,,,0 days 00:00:01.269000,2023,15,Singapore Grand Prix,1,1,0,4.6,6.4,11.2,0.0,9.2,9.0
27,,Nico Hülkenberg,HUL,Haas F1 Team,9.0,13.0,0.0,Finished,,,,0 days 00:01:26.201000,2023,15,Singapore Grand Prix,1,0,0,14.8,13.6,0.0,0.0,0.0,
40,,Liam Lawson,LAW,AlphaTauri,10.0,9.0,2.0,Finished,,,,0 days 00:01:05.918000,2023,15,Singapore Grand Prix,1,0,0,12.0,15.5,0.0,0.0,0.1,
16,,Charles Leclerc,LEC,Ferrari,3.0,4.0,12.0,Finished,,,,0 days 00:00:21.177000,2023,15,Singapore Grand Prix,1,0,0,8.4,4.6,7.0,0.2,6.5,2.0
20,,Kevin Magnussen,MAG,Haas F1 Team,6.0,10.0,1.0,Finished,,,,0 days 00:01:12.116000,2023,15,Singapore Grand Prix,1,0,0,17.0,14.6,0.0,0.2,0.0,12.0
4,,Lando Norris,NOR,McLaren,4.0,2.0,18.0,Finished,,,,0 days 00:00:00.812000,2023,15,Singapore Grand Prix,1,1,0,5.2,4.6,10.4,0.0,7.6,4.0
31,,Esteban Ocon,OCO,Alpine F1 Team,8.0,18.0,0.0,Retired,,,,,2023,15,Singapore Grand Prix,0,0,0,15.2,14.6,1.0,0.6,2.8,16.0
11,,Sergio Pérez,PER,Red Bull,13.0,8.0,4.0,Finished,,,,0 days 00:00:59.534000,2023,15,Singapore Grand Prix,1,0,0,3.4,7.6,14.2,0.0,19.8,1.0
81,,Oscar Piastri,PIA,McLaren,17.0,7.0,6.0,Finished,,,,0 days 00:00:41.479000,2023,15,Singapore Grand Prix,1,0,0,10.0,5.4,4.8,0.2,7.6,
63,,George Russell,RUS,Mercedes,2.0,16.0,0.0,Retired,,,,,2023,15,Singapore Grand Prix,0,0,0,7.8,7.8,7.2,0.0,9.3,14.0
55,,Carlos Sainz,SAI,Ferrari,1.0,1.0,25.0,Finished,,,,0 days 01:46:37.418000,2023,15,Singapore Grand Prix,1,1,1,9.0,5.4,6.0,0.2,7.5,3.0
2,,Logan Sargeant,SAR,Williams,18.0,14.0,0.0,Finished,,,,0 days 00:01:26.889000,2023,15,Singapore Grand Prix,1,0,0,15.8,15.4,0.0,0.4,1.0,
18,,Lance Stroll,STR,Aston Martin,0.0,20.0,0.0,Withdrew,,,,,2023,15,Singapore Grand Prix,0,0,0,12.0,13.4,0.6,0.0,3.6,6.0
22,,Yuki Tsunoda,TSU,AlphaTauri,15.0,19.0,0.0,Retired,,,,,2023,15,Singapore Grand Prix,0,0,0,15.2,14.4,0.2,0.2,0.3,15.0
1,,Max Verstappen,VER,Red Bull,11.0,5.0,10.0,Finished,,,,0 days 00:00:21.441000,2023,15,Singapore Grand Prix,1,0,0,1.0,2.4,25.4,0.0,19.4,7.0
24,,Guanyu Zhou,ZHO,Alfa Romeo,19.0,12.0,0.0,Finished,,,,0 days 00:01:23.649000,2023,15,Singapore Grand Prix,1,0,0,15.2,14.0,0.0,0.2,0.1,20.0
23,,Alexander Albon,ALB,Williams,13.0,16.0,0.0,Retired,,,,,2023,16,Japanese Grand Prix,0,0,0,10.2,11.0,2.0,0.0,1.0,20.0
14,,Fernando Alonso,ALO,Aston Martin,10.0,8.0,4.0,Finished,,,,0 days 00:01:14.725000,2023,16,Japanese Grand Prix,1,0,0,8.0,7.8,6.6,0.0,3.6,7.0
77,,Valtteri Bottas,BOT,Alfa Romeo,16.0,20.0,0.0,Retired,,,,,2023,16,Japanese Grand Prix,0,0,0,13.0,13.6,0.2,0.2,0.1,15.0
10,,Pierre Gasly,GAS,Alpine F1 Team,12.0,10.0,1.0,Finished,,,,0 days 00:01:23.155000,2023,16,Japanese Grand Prix,1,0,0,11.0,13.6,4.6,0.2,2.8,18.0
44,,Lewis Hamilton,HAM,Mercedes,7.0,5.0,10.0,Finished,,,,0 days 00:00:49.376000,2023,16,Japanese Grand Prix,1,0,0,4.6,6.0,11.4,0.0,8.3,5.0
27,,Nico Hülkenberg,HUL,Haas F1 Team,18.0,14.0,0.0,Lapped,,,,0 days 00:00:09.598000,2023,16,Japanese Grand Prix,1,0,0,14.8,13.2,0.0,0.0,0.1,
40,,Liam Lawson,LAW,AlphaTauri,11.0,11.0,0.0,Lapped,,,,0 days 00:00:03.089000,2023,16,Japanese Grand Prix,1,0,0,11.0,13.666666666666666,0.6666666666666666,0.0,0.3,
16,,Charles Leclerc,LEC,Ferrari,4.0,4.0,12.0,Finished,,,,0 days 00:00:43.998000,2023,16,Japanese Grand Prix,1,0,0,7.4,4.4,9.0,0.2,9.9,3.0
20,,Kevin Magnussen,MAG,Haas F1 Team,15.0,15.0,0.0,Lapped,,,,0 days 00:00:29.570000,2023,16,Japanese Grand Prix,1,0,0,15.2,12.0,0.2,0.0,0.1,14.0
4,,Lando Norris,NOR,McLaren,3.0,2.0,18.0,Finished,,,,0 days 00:00:19.387000,2023,16,Japanese Grand Prix,1,1,0,5.2,5.0,10.4,0.0,7.0,10.0
31,,Esteban Ocon,OCO,Alpine F1 Team,14.0,9.0,2.0,Finished,,,,0 days 00:01:19.678000,2023,16,Japanese Grand Prix,1,0,0,14.8,13.6,1.0,0.6,2.9,4.0
11,,Sergio Pérez,PER,Red Bull,5.0,19.0,0.0,Retired,,,,,2023,16,Japanese Grand Prix,0,0,0,3.8,7.2,13.4,0.0,17.8,2.0
81,,Oscar Piastri,PIA,McLaren,2.0,3.0,15.0,Finished,,,,0 days 00:00:36.494000,2023,16,Japanese Grand Prix,1,1,0,10.6,8.2,3.6,0.2,7.0,
63,,George Russell,RUS,Mercedes,8.0,7.0,6.0,Finished,,,,0 days 00:00:57.659000,2023,16,Japanese Grand Prix,1,0,0,10.0,7.0,5.2,0.2,8.1,8.0
55,,Carlos Sainz,SAI,Ferrari,6.0,6.0,8.0,Finished,,,,0 days 00:00:50.221000,2023,16,Japanese Grand Prix,1,0,0,7.2,4.6,10.8,0.2,10.5,19.0
2,,Logan Sargeant,SAR,Williams,20.0,17.0,0.0,Retired,,,,,2023,16,Japanese Grand Prix,0,0,0,16.4,16.2,0.0,0.4,1.0,
18,,Lance Stroll,STR,Aston Martin,17.0,18.0,0.0,Retired,,,,,2023,16,Japanese Grand Prix,0,0,0,13.2,11.0,0.6,0.2,3.8,12.0
22,,Yuki Tsunoda,TSU,AlphaTauri,9.0,12.0,0.0,Lapped,,,,0 days 00:00:03.974000,2023,16,Japanese Grand Prix,1,0,0,15.8,14.2,0.2,0.4,0.3,13.0
1,,Max Verstappen,VER,Red Bull,1.0,1.0,26.0,Finished,,,,0 days 01:30:58.421000,2023,16,Japanese Grand Prix,1,1,1,1.8,4.4,22.2,0.0,16.3,1.0
24,,Guanyu Zhou,ZHO,Alfa Romeo,19.0,13.0,0.0,Lapped,,,,0 days 00:00:06.340000,2023,16,Japanese Grand Prix,1,0,0,14.6,14.4,0.0,0.2,0.1,16.0
23,,Alexander Albon,ALB,Williams,13.0,13.0,0.0,Finished,,,,0 days 00:01:31.014000,2023,17,Qatar Grand Prix,1,0,0,11.2,10.4,2.0,0.2,1.0,
14,,Fernando Alonso,ALO,Aston Martin,4.0,6.0,8.0,Finished,,,,0 days 00:00:49.032000,2023,17,Qatar Grand Prix,1,0,0,7.8,8.2,7.0,0.0,3.7,3.0
77,,Valtteri Bottas,BOT,Alfa Romeo,9.0,8.0,4.0,Finished,,,,0 days 00:01:06.563000,2023,17,Qatar Grand Prix,1,0,0,14.6,15.4,0.2,0.4,0.1,20.0
10,,Pierre Gasly,GAS,Alpine F1 Team,7.0,12.0,0.0,Finished,,,,0 days 00:01:22.300000,2023,17,Qatar Grand Prix,1,0,0,9.0,13.0,4.8,0.0,3.1,11.0
44,,Lewis Hamilton,HAM,Mercedes,3.0,19.0,0.0,Retired,,,,,2023,17,Qatar Grand Prix,0,0,0,4.8,7.2,11.0,0.0,7.9,1.0
27,,Nico Hülkenberg,HUL,Haas F1 Team,14.0,16.0,0.0,Lapped,,,,0 days 00:00:15.085000,2023,17,Qatar Grand Prix,1,0,0,14.8,14.8,0.0,0.0,0.1,
40,,Liam Lawson,LAW,AlphaTauri,17.0,17.0,0.0,Lapped,,,,0 days 00:00:27.108000,2023,17,Qatar Grand Prix,1,0,0,11.0,13.0,0.5,0.0,0.3,
16,,Charles Leclerc,LEC,Ferrari,5.0,5.0,10.0,Finished,,,,0 days 00:00:38.976000,2023,17,Qatar Grand Prix,1,0,0,6.8,4.0,10.2,0.2,10.9,8.0
20,,Kevin Magnussen,MAG,Haas F1 Team,18.0,14.0,0.0,Lapped,,,,0 days 00:00:01.246000,2023,17,Qatar Grand Prix,1,0,0,14.8,11.2,0.2,0.0,0.1,
4,,Lando Norris,NOR,McLaren,10.0,3.0,15.0,Finished,,,,0 days 00:00:05.969000,2023,17,Qatar Grand Prix,1,1,0,5.2,5.0,10.4,0.0,7.5,9.0
31,,Esteban Ocon,OCO,Alpine F1 Team,8.0,7.0,6.0,Finished,,,,0 days 00:01:02.390000,2023,17,Qatar Grand Prix,1,0,0,12.8,14.0,1.4,0.4,3.1,5.0
11,,Sergio Pérez,PER,Red Bull,20.0,10.0,1.0,Finished,,,,0 days 00:01:20.181000,2023,17,Qatar Grand Prix,1,0,0,7.0,6.4,10.4,0.2,16.3,4.0
81,,Oscar Piastri,PIA,McLaren,6.0,2.0,18.0,Finished,,,,0 days 00:00:04.833000,2023,17,Qatar Grand Prix,1,1,0,10.2,7.8,4.6,0.2,8.4,
63,,George Russell,RUS,Mercedes,2.0,4.0,12.0,Finished,,,,0 days 00:00:34.119000,2023,17,Qatar Grand Prix,1,0,0,10.2,5.0,4.8,0.2,6.6,17.0
55,,Carlos Sainz,SAI,Ferrari,12.0,20.0,0.0,Did not start,,,,,2023,17,Qatar Grand Prix,0,0,0,6.8,3.6,11.6,0.2,10.4,7.0
2,,Logan Sargeant,SAR,Williams,15.0,18.0,0.0,Retired,,,,,2023,17,Qatar Grand Prix,0,0,0,16.2,16.2,0.0,0.4,1.0,
18,,Lance Stroll,STR,Aston Martin,16.0,11.0,0.0,Finished,,,,0 days 00:01:21.652000,2023,17,Qatar Grand Prix,1,0,0,14.8,11.6,0.4,0.4,3.5,6.0
22,,Yuki Tsunoda,TSU,AlphaTauri,11.0,15.0,0.0,Lapped,,,,0 days 00:00:08.958000,2023,17,Qatar Grand Prix,1,0,0,15.2,12.6,0.2,0.4,0.3,13.0
1,,Max Verstappen,VER,Red Bull,1.0,1.0,26.0,Finished,,,,0 days 01:27:39.168000,2023,17,Qatar Grand Prix,1,1,1,1.8,4.2,22.2,0.0,14.6,2.0
24,,Guanyu Zhou,ZHO,Alfa Romeo,19.0,9.0,2.0,Finished,,,,0 days 00:01:16.127000,2023,17,Qatar Grand Prix,1,0,0,14.0,17.2,0.0,0.2,0.5,
23,,Alexander Albon,ALB,Williams,15.0,9.0,2.0,Finished,,,,0 days 00:01:26.714000,2023,18,United States Grand Prix,1,0,0,11.0,10.0,2.0,0.2,1.0,13.0
14,,Fernando Alonso,ALO,Aston Martin,19.0,16.0,0.0,Retired,,,,,2023,18,United States Grand Prix,0,0,0,8.0,7.2,6.6,0.0,3.3,12.5
77,,Valtteri Bottas,BOT,Alfa Romeo,13.0,12.0,0.0,Finished,,,,0 days 00:01:38.601000,2023,18,United States Grand Prix,1,0,0,13.8,14.6,1.0,0.4,0.7,12.5
10,,Pierre Gasly,GAS,Alpine F1 Team,7.0,6.0,8.0,Finished,,,,0 days 00:00:47.996000,2023,18,United States Grand Prix,1,0,0,9.2,12.0,4.8,0.0,3.3,17.0
44,,Lewis Hamilton,HAM,Mercedes,3.0,19.0,0.0,Disqualified,,,,0 days 00:00:02.225000,2023,18,United States Grand Prix,0,0,0,7.8,7.2,8.4,0.2,7.0,2.0
27,,Nico Hülkenberg,HUL,Haas F1 Team,18.0,11.0,0.0,Finished,,,,0 days 00:01:29.904000,2023,18,United States Grand Prix,1,0,0,14.4,13.6,0.0,0.0,0.1,
16,,Charles Leclerc,LEC,Ferrari,1.0,20.0,0.0,Disqualified,,,,0 days 00:00:24.662000,2023,18,United States Grand Prix,0,0,0,7.2,4.8,9.2,0.2,10.4,3.5
20,,Kevin Magnussen,MAG,Haas F1 Team,17.0,14.0,0.0,Lapped,,,,0 days 00:00:08.072000,2023,18,United States Grand Prix,1,0,0,14.6,11.6,0.2,0.0,0.1,9.0
4,,Lando Norris,NOR,McLaren,2.0,2.0,18.0,Finished,,,,0 days 00:00:10.730000,2023,18,United States Grand Prix,1,1,0,4.4,5.6,12.2,0.0,10.2,7.0
31,,Esteban Ocon,OCO,Alpine F1 Team,8.0,18.0,0.0,Retired,,,,,2023,18,United States Grand Prix,0,0,0,12.6,12.8,1.8,0.4,2.6,15.0
11,,Sergio Pérez,PER,Red Bull,9.0,4.0,12.0,Finished,,,,0 days 00:00:18.460000,2023,18,United States Grand Prix,1,0,0,8.6,10.0,7.0,0.2,14.7,3.5
81,,Oscar Piastri,PIA,McLaren,10.0,17.0,0.0,Retired,,,,,2023,18,United States Grand Prix,0,0,0,6.6,8.0,8.2,0.0,11.4,
3,,Daniel Ricciardo,RIC,AlphaTauri,14.0,15.0,0.0,Lapped,,,,0 days 00:00:08.852000,2023,18,United States Grand Prix,1,0,0,13.0,13.4,1.6,0.2,0.2,10.5
63,,George Russell,RUS,Mercedes,5.0,5.0,10.0,Finished,,,,0 days 00:00:24.999000,2023,18,United States Grand Prix,1,0,0,9.8,3.8,5.6,0.2,6.2,9.5
55,,Carlos Sainz,SAI,Ferrari,4.0,3.0,15.0,Finished,,,,0 days 00:00:15.134000,2023,18,United States Grand Prix,1,1,0,7.0,5.2,11.6,0.2,10.4,13.5
2,,Logan Sargeant,SAR,Williams,16.0,10.0,1.0,Finished,,,,0 days 00:01:27.998000,2023,18,United States Grand Prix,1,0,0,16.4,15.6,0.0,0.6,0.8,
18,,Lance Stroll,STR,Aston Martin,20.0,7.0,6.0,Finished,,,,0 days 00:00:48.696000,2023,18,United States Grand Prix,1,0,0,15.2,12.8,0.0,0.4,1.4,15.0
22,,Yuki Tsunoda,TSU,AlphaTauri,11.0,8.0,5.0,Finished,,,,0 days 00:01:14.385000,2023,18,United States Grand Prix,1,0,0,16.2,12.6,0.0,0.4,0.2,9.5
1,,Max Verstappen,VER,Red Bull,6.0,1.0,25.0,Finished,,,,0 days 01:35:21.362000,2023,18,United States Grand Prix,1,1,1,1.8,3.2,22.4,0.0,14.7,1.0
24,,Guanyu Zhou,ZHO,Alfa Romeo,12.0,13.0,0.0,Lapped,,,,0 days 00:00:03.576000,2023,18,United States Grand Prix,1,0,0,13.2,17.6,0.4,0.2,0.7,12.0
23,,Alexander Albon,ALB,Williams,14.0,9.0,2.0,Finished,,,,0 days 00:00:48.573000,2023,19,Mexico City Grand Prix,1,0,0,11.2,12.2,1.6,0.2,0.9,12.0
14,,Fernando Alonso,ALO,Aston Martin,13.0,18.0,0.0,Withdrew,,,,,2023,19,Mexico City Grand Prix,0,0,0,10.8,10.0,2.8,0.2,2.0,14.0
77,,Valtteri Bottas,BOT,Alfa Romeo,9.0,15.0,0.0,Finished,,,,0 days 00:01:25.597000,2023,19,Mexico City Grand Prix,1,0,0,13.4,13.6,1.0,0.4,0.7,12.5
10,,Pierre Gasly,GAS,Alpine F1 Team,11.0,11.0,0.0,Finished,,,,0 days 00:01:06.208000,2023,19,Mexico City Grand Prix,1,0,0,9.8,11.0,3.4,0.0,2.5,7.5
44,,Lewis Hamilton,HAM,Mercedes,6.0,2.0,19.0,Finished,,,,0 days 00:00:13.875000,2023,19,Mexico City Grand Prix,1,1,0,10.4,5.2,6.8,0.4,7.2,2.0
27,,Nico Hülkenberg,HUL,Haas F1 Team,12.0,13.0,0.0,Finished,,,,0 days 00:01:20.309000,2023,19,Mexico City Grand Prix,1,0,0,14.2,14.4,0.0,0.0,0.1,
16,,Charles Leclerc,LEC,Ferrari,1.0,3.0,15.0,Finished,,,,0 days 00:00:23.124000,2023,19,Mexico City Grand Prix,1,1,0,7.4,3.2,9.2,0.2,10.9,5.5
20,,Kevin Magnussen,MAG,Haas F1 Team,16.0,19.0,0.0,Accident,,,,,2023,19,Mexico City Grand Prix,0,0,0,14.2,15.0,0.2,0.0,0.1,17.0
4,,Lando Norris,NOR,McLaren,17.0,5.0,10.0,Finished,,,,0 days 00:00:33.266000,2023,19,Mexico City Grand Prix,1,0,0,3.4,5.6,14.6,0.0,11.2,9.5
31,,Esteban Ocon,OCO,Alpine F1 Team,15.0,10.0,1.0,Finished,,,,0 days 00:01:02.879000,2023,19,Mexico City Grand Prix,1,0,0,14.2,11.2,1.6,0.6,2.5,10.5
11,,Sergio Pérez,PER,Red Bull,5.0,20.0,0.0,Collision damage,,,,,2023,19,Mexico City Grand Prix,0,0,0,8.6,10.4,7.0,0.2,14.7,3.0
81,,Oscar Piastri,PIA,McLaren,7.0,8.0,4.0,Finished,,,,0 days 00:00:43.104000,2023,19,Mexico City Grand Prix,1,0,0,8.2,8.4,7.8,0.2,11.8,
3,,Daniel Ricciardo,RIC,AlphaTauri,4.0,7.0,6.0,Finished,,,,0 days 00:00:41.570000,2023,19,Mexico City Grand Prix,1,0,0,14.6,14.0,0.4,0.2,0.7,9.5
63,,George Russell,RUS,Mercedes,8.0,6.0,8.0,Finished,,,,0 days 00:00:41.020000,2023,19,Mexico City Grand Prix,1,0,0,7.4,4.2,7.6,0.2,8.3,10.0
55,,Carlos Sainz,SAI,Ferrari,2.0,4.0,12.0,Finished,,,,0 days 00:00:27.154000,2023,19,Mexico City Grand Prix,1,0,0,6.6,4.8,12.6,0.2,11.2,5.5
2,,Logan Sargeant,SAR,Williams,19.0,16.0,0.0,Retired,,,,,2023,19,Mexico City Grand Prix,0,0,0,14.4,16.8,0.2,0.4,0.5,
18,,Lance Stroll,STR,Aston Martin,0.0,17.0,0.0,Collision damage,,,,,2023,19,Mexico City Grand Prix,0,0,0,14.4,14.6,1.2,0.4,1.8,14.5
22,,Yuki Tsunoda,TSU,AlphaTauri,18.0,12.0,0.0,Finished,,,,0 days 00:01:18.982000,2023,19,Mexico City Grand Prix,1,0,0,14.8,11.4,1.0,0.4,1.3,20.0
1,,Max Verstappen,VER,Red Bull,3.0,1.0,25.0,Finished,,,,0 days 02:02:30.814000,2023,19,Mexico City Grand Prix,1,1,1,1.8,4.2,22.4,0.0,12.9,1.0
24,,Guanyu Zhou,ZHO,Alfa Romeo,10.0,14.0,0.0,Finished,,,,0 days 00:01:21.676000,2023,19,Mexico City Grand Prix,1,0,0,12.2,17.0,0.4,0.0,0.6,13.0
23,,Alexander Albon,ALB,Williams,13.0,19.0,0.0,Retired,,,,,2023,20,São Paulo Grand Prix,0,0,0,11.6,13.8,0.8,0.2,0.5,15.0
14,,Fernando Alonso,ALO,Aston Martin,4.0,3.0,15.0,Finished,,,,0 days 00:00:34.155000,2023,20,São Paulo Grand Prix,1,1,0,12.6,10.6,2.4,0.4,1.8,7.0
77,,Valtteri Bottas,BOT,Alfa Romeo,18.0,16.0,0.0,Retired,,,,,2023,20,São Paulo Grand Prix,0,0,0,14.4,12.6,0.8,0.4,0.6,6.0
10,,Pierre Gasly,GAS,Alpine F1 Team,15.0,7.0,6.0,Finished,,,,0 days 00:00:56.093000,2023,20,São Paulo Grand Prix,1,0,0,9.0,9.8,3.4,0.0,2.6,10.5
44,,Lewis Hamilton,HAM,Mercedes,5.0,8.0,4.0,Finished,,,,0 days 00:01:02.859000,2023,20,São Paulo Grand Prix,1,0,0,9.6,4.8,9.0,0.4,8.1,1.5
27,,Nico Hülkenberg,HUL,Haas F1 Team,11.0,12.0,0.0,Lapped,,,,0 days 00:00:29.960000,2023,20,São Paulo Grand Prix,1,0,0,13.4,14.2,0.0,0.0,0.1,
16,,Charles Leclerc,LEC,Ferrari,2.0,20.0,0.0,Did not start,,,,,2023,20,São Paulo Grand Prix,0,0,0,7.2,2.8,9.8,0.2,10.9,4.5
20,,Kevin Magnussen,MAG,Haas F1 Team,12.0,18.0,0.0,Retired,,,,,2023,20,São Paulo Grand Prix,0,0,0,14.4,14.4,0.2,0.2,0.1,19.0
4,,Lando Norris,NOR,McLaren,6.0,2.0,19.0,Finished,,,,0 days 00:00:08.277000,2023,20,São Paulo Grand Prix,1,1,0,2.8,7.2,15.8,0.0,12.2,14.0
31,,Esteban Ocon,OCO,Alpine F1 Team,14.0,10.0,1.0,Lapped,,,,0 days 00:00:09.841000,2023,20,São Paulo Grand Prix,1,0,0,12.4,10.6,1.8,0.4,2.4,8.0
11,,Sergio Pérez,PER,Red Bull,9.0,4.0,12.0,Finished,,,,0 days 00:00:34.208000,2023,20,São Paulo Grand Prix,1,0,0,12.2,10.4,3.4,0.4,12.9,5.5
81,,Oscar Piastri,PIA,McLaren,10.0,14.0,0.0,Lapped,,,,0 days 00:00:03.636000,2023,20,São Paulo Grand Prix,1,0,0,7.4,8.4,8.6,0.2,12.3,
3,,Daniel Ricciardo,RIC,AlphaTauri,17.0,13.0,0.0,Lapped,,,,0 days 00:01:09.961000,2023,20,São Paulo Grand Prix,1,0,0,12.0,12.6,1.6,0.0,1.3,19.5
63,,George Russell,RUS,Mercedes,8.0,15.0,0.0,Retired,,,,,2023,20,São Paulo Grand Prix,0,0,0,7.6,5.0,7.2,0.2,6.9,7.0
55,,Carlos Sainz,SAI,Ferrari,7.0,6.0,8.0,Finished,,,,0 days 00:00:50.188000,2023,20,São Paulo Grand Prix,1,0,0,6.8,5.0,12.0,0.2,9.7,4.5
2,,Logan Sargeant,SAR,Williams,19.0,11.0,0.0,Lapped,,,,0 days 00:00:26.208000,2023,20,São Paulo Grand Prix,1,0,0,15.0,17.6,0.2,0.6,0.5,
18,,Lance Stroll,STR,Aston Martin,3.0,5.0,10.0,Finished,,,,0 days 00:00:40.845000,2023,20,São Paulo Grand Prix,1,0,0,14.6,10.6,1.2,0.6,3.3,15.0
22,,Yuki Tsunoda,TSU,AlphaTauri,16.0,9.0,2.0,Finished,,,,0 days 00:01:09.880000,2023,20,São Paulo Grand Prix,1,0,0,13.2,12.8,1.0,0.2,1.1,16.0
1,,Max Verstappen,VER,Red Bull,1.0,1.0,25.0,Finished,,,,0 days 01:56:48.894000,2023,20,São Paulo Grand Prix,1,1,1,1.8,4.4,22.4,0.0,13.7,4.0
24,,Guanyu Zhou,ZHO,Alfa Romeo,20.0,17.0,0.0,Retired,,,,,2023,20,São Paulo Grand Prix,0,0,0,12.2,15.8,0.4,0.0,0.6,12.0
23,,Alexander Albon,ALB,Williams,5.0,12.0,0.0,Finished,,,,0 days 00:00:43.398000,2023,21,Las Vegas Grand Prix,1,0,0,13.2,13.6,0.8,0.4,0.5,
14,,Fernando Alonso,ALO,Aston Martin,9.0,9.0,2.0,Finished,,,,0 days 00:00:25.964000,2023,21,Las Vegas Grand Prix,1,0,0,10.2,10.0,5.4,0.4,4.3,
77,,Valtteri Bottas,BOT,Alfa Romeo,7.0,17.0,0.0,Finished,,,,0 days 00:01:25.350000,2023,21,Las Vegas Grand Prix,1,0,0,14.2,13.0,0.8,0.4,0.6,
10,,Pierre Gasly,GAS,Alpine F1 Team,4.0,11.0,0.0,Finished,,,,0 days 00:00:34.270000,2023,21,Las Vegas Grand Prix,1,0,0,9.2,10.4,3.0,0.0,2.5,
44,,Lewis Hamilton,HAM,Mercedes,10.0,7.0,6.0,Finished,,,,0 days 00:00:21.755000,2023,21,Las Vegas Grand Prix,1,0,0,10.6,4.8,6.6,0.4,6.9,
27,,Nico Hülkenberg,HUL,Haas F1 Team,13.0,19.0,0.0,Retired,,,,,2023,21,Las Vegas Grand Prix,0,0,0,13.2,14.6,0.0,0.0,0.0,
16,,Charles Leclerc,LEC,Ferrari,1.0,2.0,18.0,Finished,,,,0 days 00:00:02.070000,2023,21,Las Vegas Grand Prix,1,1,0,10.4,2.6,7.4,0.4,8.0,
20,,Kevin Magnussen,MAG,Haas F1 Team,8.0,13.0,0.0,Finished,,,,0 days 00:00:44.825000,2023,21,Las Vegas Grand Prix,1,0,0,16.0,15.6,0.0,0.4,0.0,
4,,Lando Norris,NOR,McLaren,15.0,20.0,0.0,Retired,,,,,2023,21,Las Vegas Grand Prix,0,0,0,2.8,7.6,16.0,0.0,11.7,
31,,Esteban Ocon,OCO,Alpine F1 Team,16.0,4.0,12.0,Finished,,,,0 days 00:00:18.665000,2023,21,Las Vegas Grand Prix,1,0,0,10.8,11.8,2.0,0.2,2.4,
11,,Sergio Pérez,PER,Red Bull,11.0,3.0,15.0,Finished,,,,0 days 00:00:02.241000,2023,21,Las Vegas Grand Prix,1,1,0,11.4,9.6,5.0,0.4,15.2,
81,,Oscar Piastri,PIA,McLaren,18.0,10.0,2.0,Finished,,,,0 days 00:00:29.496000,2023,21,Las Vegas Grand Prix,1,0,0,8.8,7.0,7.4,0.2,9.9,
3,,Daniel Ricciardo,RIC,AlphaTauri,14.0,14.0,0.0,Finished,,,,0 days 00:00:48.525000,2023,21,Las Vegas Grand Prix,1,0,0,12.8,13.4,1.2,0.0,1.3,
63,,George Russell,RUS,Mercedes,3.0,8.0,4.0,Finished,,,,0 days 00:00:23.091000,2023,21,Las Vegas Grand Prix,1,0,0,7.4,6.2,7.2,0.2,6.5,
55,,Carlos Sainz,SAI,Ferrari,12.0,6.0,8.0,Finished,,,,0 days 00:00:20.834000,2023,21,Las Vegas Grand Prix,1,0,0,7.8,6.2,8.6,0.2,8.6,
2,,Logan Sargeant,SAR,Williams,6.0,16.0,0.0,Finished,,,,0 days 00:00:50.882000,2023,21,Las Vegas Grand Prix,1,0,0,14.4,17.8,0.2,0.6,0.5,
18,,Lance Stroll,STR,Aston Martin,19.0,5.0,10.0,Finished,,,,0 days 00:00:20.067000,2023,21,Las Vegas Grand Prix,1,0,0,11.6,11.2,3.2,0.4,4.1,
22,,Yuki Tsunoda,TSU,AlphaTauri,20.0,18.0,0.0,Retired,,,,,2023,21,Las Vegas Grand Prix,0,0,0,11.2,13.0,1.4,0.0,1.3,
1,,Max Verstappen,VER,Red Bull,2.0,1.0,25.0,Finished,,,,0 days 01:29:08.289000,2023,21,Las Vegas Grand Prix,1,1,1,1.0,2.4,25.4,0.0,16.7,
24,,Guanyu Zhou,ZHO,Alfa Romeo,17.0,15.0,0.0,Finished,,,,0 days 00:00:50.162000,2023,21,Las Vegas Grand Prix,1,0,0,13.2,16.0,0.4,0.2,0.6,
23,,Alexander Albon,ALB,Williams,14.0,14.0,0.0,Finished,,,,0 days 00:01:13.184000,2023,22,Abu Dhabi Grand Prix,1,0,0,12.4,12.0,0.8,0.2,0.5,13.0
14,,Fernando Alonso,ALO,Aston Martin,7.0,7.0,6.0,Finished,,,,0 days 00:00:39.512000,2023,22,Abu Dhabi Grand Prix,1,0,0,10.4,9.8,5.0,0.4,5.1,14.0
77,,Valtteri Bottas,BOT,Alfa Romeo,18.0,19.0,0.0,Lapped,,,,0 days 00:00:12.411000,2023,22,Abu Dhabi Grand Prix,1,0,0,13.6,11.2,0.8,0.2,0.6,10.5
10,,Pierre Gasly,GAS,Alpine F1 Team,10.0,13.0,0.0,Finished,,,,0 days 00:01:10.360000,2023,22,Abu Dhabi Grand Prix,1,0,0,9.4,8.8,2.8,0.0,3.4,9.5
44,,Lewis Hamilton,HAM,Mercedes,11.0,9.0,2.0,Finished,,,,0 days 00:00:44.424000,2023,22,Abu Dhabi Grand Prix,1,0,0,11.0,5.4,5.8,0.4,6.3,10.0
27,,Nico Hülkenberg,HUL,Haas F1 Team,8.0,15.0,0.0,Finished,,,,0 days 00:01:23.696000,2023,22,Abu Dhabi Grand Prix,1,0,0,14.2,13.6,0.0,0.2,0.0,
16,,Charles Leclerc,LEC,Ferrari,2.0,2.0,18.0,Finished,,,,0 days 00:00:17.993000,2023,22,Abu Dhabi Grand Prix,1,1,0,10.0,2.0,8.6,0.4,8.6,6.0
20,,Kevin Magnussen,MAG,Haas F1 Team,17.0,20.0,0.0,Lapped,,,,0 days 00:00:14.876000,2023,22,Abu Dhabi Grand Prix,1,0,0,15.6,14.2,0.0,0.4,0.0,17.0
4,,Lando Norris,NOR,McLaren,5.0,5.0,10.0,Finished,,,,0 days 00:00:24.284000,2023,22,Abu Dhabi Grand Prix,1,0,0,6.4,10.0,12.4,0.2,8.6,6.5
31,,Esteban Ocon,OCO,Alpine F1 Team,12.0,12.0,0.0,Finished,,,,0 days 00:01:06.373000,2023,22,Abu Dhabi Grand Prix,1,0,0,9.8,12.2,4.0,0.2,3.4,8.0
11,,Sergio Pérez,PER,Red Bull,9.0,4.0,12.0,Finished,,,,0 days 00:00:21.453000,2023,22,Abu Dhabi Grand Prix,1,0,0,8.2,10.8,8.0,0.2,16.6,9.0
81,,Oscar Piastri,PIA,McLaren,3.0,6.0,8.0,Finished,,,,0 days 00:00:31.487000,2023,22,Abu Dhabi Grand Prix,1,0,0,10.2,10.2,4.8,0.2,8.1,
3,,Daniel Ricciardo,RIC,AlphaTauri,15.0,11.0,0.0,Finished,,,,0 days 00:00:56.229000,2023,22,Abu Dhabi Grand Prix,1,0,0,13.0,13.6,1.2,0.0,1.3,10.5
63,,George Russell,RUS,Mercedes,4.0,3.0,15.0,Finished,,,,0 days 00:00:20.328000,2023,22,Abu Dhabi Grand Prix,1,1,0,7.6,5.2,6.8,0.2,6.5,11.5
55,,Carlos Sainz,SAI,Ferrari,16.0,18.0,0.0,Retired,,,,,2023,22,Abu Dhabi Grand Prix,0,0,0,7.8,7.4,8.6,0.2,9.4,3.5
2,,Logan Sargeant,SAR,Williams,20.0,16.0,0.0,Finished,,,,0 days 00:01:27.791000,2023,22,Abu Dhabi Grand Prix,1,0,0,14.2,15.0,0.2,0.4,0.5,
18,,Lance Stroll,STR,Aston Martin,13.0,10.0,1.0,Finished,,,,0 days 00:00:55.632000,2023,22,Abu Dhabi Grand Prix,1,0,0,9.0,11.6,5.2,0.2,4.9,10.5
22,,Yuki Tsunoda,TSU,AlphaTauri,6.0,8.0,4.0,Finished,,,,0 days 00:00:43.088000,2023,22,Abu Dhabi Grand Prix,1,0,0,12.4,15.2,1.4,0.2,1.3,7.5
1,,Max Verstappen,VER,Red Bull,1.0,1.0,26.0,Finished,,,,0 days 01:27:02.624000,2023,22,Abu Dhabi Grand Prix,1,1,1,1.0,2.6,25.2,0.0,17.7,1.0
24,,Guanyu Zhou,ZHO,Alfa Romeo,19.0,17.0,0.0,Finished,,,,0 days 00:01:29.422000,2023,22,Abu Dhabi Grand Prix,1,0,0,13.6,15.6,0.4,0.2,0.2,12.0
23,,Alexander Albon,ALB,Williams,13.0,15.0,0.0,Lapped,,,,0 days 00:00:11.886000,2024,1,Bahrain Grand Prix,1,0,0,12.6,12.2,0.8,0.2,0.5,11.5
14,,Fernando Alonso,ALO,Aston Martin,6.0,9.0,2.0,Finished,,,,0 days 00:01:14.887000,2024,1,Bahrain Grand Prix,1,0,0,10.6,10.4,4.6,0.4,5.0,10.333333333333334
77,,Valtteri Bottas,BOT,Sauber,16.0,19.0,0.0,Lapped,,,,0 days 00:01:23.230000,2024,1,Bahrain Grand Prix,1,0,0,15.8,13.0,0.0,0.2,,5.666666666666667
10,,Pierre Gasly,GAS,Alpine F1 Team,20.0,18.0,0.0,Lapped,,,,0 days 00:00:32.417000,2024,1,Bahrain Grand Prix,1,0,0,9.6,9.4,2.8,0.0,2.8,15.333333333333334
44,,Lewis Hamilton,HAM,Mercedes,9.0,7.0,6.0,Finished,,,,0 days 00:00:50.324000,2024,1,Bahrain Grand Prix,1,0,0,9.0,7.0,6.2,0.2,6.8,3.0
27,,Nico Hülkenberg,HUL,Haas F1 Team,10.0,16.0,0.0,Lapped,,,,0 days 00:00:17.632000,2024,1,Bahrain Grand Prix,1,0,0,14.0,12.4,0.0,0.2,0.0,16.0
16,,Charles Leclerc,LEC,Ferrari,2.0,4.0,12.0,Finished,,,,0 days 00:00:39.669000,2024,1,Bahrain Grand Prix,1,0,0,9.4,1.4,10.2,0.4,9.4,8.666666666666666
20,,Kevin Magnussen,MAG,Haas F1 Team,15.0,12.0,0.0,Lapped,,,,0 days 00:00:08.316000,2024,1,Bahrain Grand Prix,1,0,0,16.8,14.0,0.0,0.4,0.0,9.0
4,,Lando Norris,NOR,McLaren,7.0,6.0,8.0,Finished,,,,0 days 00:00:48.458000,2024,1,Bahrain Grand Prix,1,0,0,6.8,9.0,11.4,0.2,7.1,12.0
31,,Esteban Ocon,OCO,Alpine F1 Team,19.0,17.0,0.0,Lapped,,,,0 days 00:00:31.450000,2024,1,Bahrain Grand Prix,1,0,0,10.8,13.0,2.8,0.2,2.0,12.666666666666666
11,,Sergio Pérez,PER,Red Bull,5.0,2.0,18.0,Finished,,,,0 days 00:00:22.457000,2024,1,Bahrain Grand Prix,1,1,0,7.0,8.6,10.2,0.2,17.7,8.333333333333334
81,,Oscar Piastri,PIA,McLaren,8.0,8.0,4.0,Finished,,,,0 days 00:00:56.082000,2024,1,Bahrain Grand Prix,1,0,0,11.0,9.6,2.8,0.2,6.1,20.0
3,,Daniel Ricciardo,RIC,RB F1 Team,14.0,13.0,0.0,Lapped,,,,0 days 00:00:08.958000,2024,1,Bahrain Grand Prix,1,0,0,12.0,12.8,1.2,0.0,,10.5
63,,George Russell,RUS,Mercedes,3.0,5.0,10.0,Finished,,,,0 days 00:00:46.788000,2024,1,Bahrain Grand Prix,1,0,0,7.4,5.6,7.4,0.2,7.4,8.333333333333334
55,,Carlos Sainz,SAI,Ferrari,4.0,3.0,15.0,Finished,,,,0 days 00:00:25.110000,2024,1,Bahrain Grand Prix,1,1,0,7.4,8.2,8.6,0.2,10.6,4.666666666666667
2,,Logan Sargeant,SAR,Williams,18.0,20.0,0.0,Lapped,,,,0 days 00:00:20.795000,2024,1,Bahrain Grand Prix,1,0,0,13.8,16.0,0.2,0.2,0.3,12.0
18,,Lance Stroll,STR,Aston Martin,12.0,10.0,1.0,Finished,,,,0 days 00:01:33.216000,2024,1,Bahrain Grand Prix,1,0,0,8.8,11.0,5.4,0.2,5.2,9.333333333333334
22,,Yuki Tsunoda,TSU,RB F1 Team,11.0,14.0,0.0,Lapped,,,,0 days 00:00:09.482000,2024,1,Bahrain Grand Prix,1,0,0,11.0,14.2,2.2,0.2,0.0,9.333333333333334
1,,Max Verstappen,VER,Red Bull,1.0,1.0,26.0,Finished,,,,0 days 01:31:44.742000,2024,1,Bahrain Grand Prix,1,1,1,1.0,2.6,25.2,0.0,18.3,7.333333333333333
24,,Guanyu Zhou,ZHO,Sauber,17.0,11.0,0.0,Lapped,,,,0 days 00:00:06.759000,2024,1,Bahrain Grand Prix,1,0,0,15.2,15.6,0.0,0.2,0.0,13.0
23,,Alexander Albon,ALB,Williams,12.0,11.0,0.0,Finished,,,,0 days 00:01:28.354000,2024,2,Saudi Arabian Grand Prix,1,0,0,13.8,11.8,0.4,0.2,0.2,16.5
14,,Fernando Alonso,ALO,Aston Martin,4.0,5.0,10.0,Finished,,,,0 days 00:00:35.759000,2024,2,Saudi Arabian Grand Prix,1,0,0,9.2,7.8,5.0,0.2,4.7,10.666666666666666
38,,Oliver Bearman,BEA,Ferrari,11.0,7.0,6.0,Finished,,,,0 days 00:00:42.679000,2024,2,Saudi Arabian Grand Prix,1,0,0,,,,,10.6,
77,,Valtteri Bottas,BOT,Sauber,16.0,17.0,0.0,Lapped,,,,0 days 00:00:23.115000,2024,2,Saudi Arabian Grand Prix,1,0,0,17.2,13.6,0.0,0.2,0.0,12.0
10,,Pierre Gasly,GAS,Alpine F1 Team,18.0,20.0,0.0,Retired,,,,,2024,2,Saudi Arabian Grand Prix,0,0,0,12.0,12.0,1.2,0.0,2.0,7.666666666666667
44,,Lewis Hamilton,HAM,Mercedes,8.0,9.0,2.0,Finished,,,,0 days 00:00:47.391000,2024,2,Saudi Arabian Grand Prix,1,0,0,6.6,8.2,7.4,0.0,7.4,5.333333333333333
27,,Nico Hülkenberg,HUL,Haas F1 Team,15.0,10.0,1.0,Finished,,,,0 days 00:01:16.996000,2024,2,Saudi Arabian Grand Prix,1,0,0,15.0,10.8,0.0,0.2,0.0,12.0
16,,Charles Leclerc,LEC,Ferrari,2.0,3.0,16.0,Finished,,,,0 days 00:00:18.639000,2024,2,Saudi Arabian Grand Prix,1,1,0,6.2,1.6,12.6,0.2,9.7,5.333333333333333
20,,Kevin Magnussen,MAG,Haas F1 Team,13.0,12.0,0.0,Finished,,,,0 days 00:01:45.737000,2024,2,Saudi Arabian Grand Prix,1,0,0,16.4,13.6,0.0,0.4,0.1,9.5
4,,Lando Norris,NOR,McLaren,6.0,8.0,4.0,Finished,,,,0 days 00:00:45.708000,2024,2,Saudi Arabian Grand Prix,1,0,0,7.6,10.0,9.4,0.2,6.5,11.333333333333334
31,,Esteban Ocon,OCO,Alpine F1 Team,17.0,13.0,0.0,Lapped,,,,0 days 00:00:04.001000,2024,2,Saudi Arabian Grand Prix,1,0,0,10.6,15.2,2.8,0.0,2.0,6.0
11,,Sergio Pérez,PER,Red Bull,3.0,2.0,18.0,Finished,,,,0 days 00:00:13.643000,2024,2,Saudi Arabian Grand Prix,1,1,0,6.6,7.8,11.4,0.2,18.4,7.333333333333333
81,,Oscar Piastri,PIA,McLaren,5.0,4.0,12.0,Finished,,,,0 days 00:00:32.007000,2024,2,Saudi Arabian Grand Prix,1,0,0,9.2,9.2,3.6,0.0,5.9,15.0
3,,Daniel Ricciardo,RIC,RB F1 Team,14.0,16.0,0.0,Lapped,,,,0 days 00:00:20.715000,2024,2,Saudi Arabian Grand Prix,1,0,0,11.6,12.8,1.2,0.0,0.0,11.0
63,,George Russell,RUS,Mercedes,7.0,6.0,8.0,Finished,,,,0 days 00:00:39.936000,2024,2,Saudi Arabian Grand Prix,1,0,0,7.4,5.2,7.4,0.2,5.7,9.333333333333334
2,,Logan Sargeant,SAR,Williams,19.0,14.0,0.0,Lapped,,,,0 days 00:00:06.785000,2024,2,Saudi Arabian Grand Prix,1,0,0,15.8,16.4,0.0,0.2,0.0,16.0
18,,Lance Stroll,STR,Aston Martin,10.0,19.0,0.0,Retired,,,,,2024,2,Saudi Arabian Grand Prix,0,0,0,9.4,9.4,4.4,0.2,5.7,14.666666666666666
22,,Yuki Tsunoda,TSU,RB F1 Team,9.0,15.0,0.0,Lapped,,,,0 days 00:00:10.533000,2024,2,Saudi Arabian Grand Prix,1,0,0,12.2,14.2,1.2,0.2,0.0,14.666666666666666
1,,Max Verstappen,VER,Red Bull,1.0,1.0,25.0,Finished,,,,0 days 01:20:43.273000,2024,2,Saudi Arabian Grand Prix,1,1,1,1.0,1.6,25.4,0.0,20.2,1.6666666666666667
24,,Guanyu Zhou,ZHO,Sauber,20.0,18.0,0.0,Lapped,,,,0 days 00:00:29.553000,2024,2,Saudi Arabian Grand Prix,1,0,0,14.8,16.6,0.0,0.2,0.0,12.0
23,,Alexander Albon,ALB,Williams,12.0,11.0,0.0,Lapped,,,,0 days 00:00:05.009000,2024,3,Australian Grand Prix,1,0,0,14.2,11.4,0.0,0.2,0.0,14.5
14,,Fernando Alonso,ALO,Aston Martin,10.0,8.0,4.0,Finished,,,,0 days 00:01:40.992000,2024,3,Australian Grand Prix,1,0,0,6.6,6.0,7.0,0.0,5.7,10.0
77,,Valtteri Bottas,BOT,Sauber,13.0,14.0,0.0,Lapped,,,,0 days 00:00:42.326000,2024,3,Australian Grand Prix,1,0,0,17.6,15.0,0.0,0.2,0.0,9.5
10,,Pierre Gasly,GAS,Alpine F1 Team,17.0,13.0,0.0,Lapped,,,,0 days 00:00:40.953000,2024,3,Australian Grand Prix,1,0,0,13.8,13.4,1.2,0.2,1.9,11.0
44,,Lewis Hamilton,HAM,Mercedes,11.0,18.0,0.0,Retired,,,,,2024,3,Australian Grand Prix,0,0,0,8.0,8.6,4.0,0.0,5.7,3.0
27,,Nico Hülkenberg,HUL,Haas F1 Team,16.0,9.0,2.0,Finished,,,,0 days 00:01:44.553000,2024,3,Australian Grand Prix,1,0,0,14.4,11.4,0.2,0.2,0.1,7.0
16,,Charles Leclerc,LEC,Ferrari,4.0,2.0,19.0,Finished,,,,0 days 00:00:02.366000,2024,3,Australian Grand Prix,1,1,0,6.2,1.8,12.8,0.2,10.1,10.5
20,,Kevin Magnussen,MAG,Haas F1 Team,14.0,10.0,1.0,Lapped,,,,0 days 00:00:04.081000,2024,3,Australian Grand Prix,1,0,0,15.0,13.0,0.0,0.2,0.3,15.5
4,,Lando Norris,NOR,McLaren,3.0,3.0,15.0,Finished,,,,0 days 00:00:05.904000,2024,3,Australian Grand Prix,1,1,0,8.2,7.8,8.2,0.2,6.7,5.5
31,,Esteban Ocon,OCO,Alpine F1 Team,15.0,16.0,0.0,Lapped,,,,0 days 00:00:53.979000,2024,3,Australian Grand Prix,1,0,0,11.2,15.6,2.6,0.0,1.3,10.5
11,,Sergio Pérez,PER,Red Bull,6.0,5.0,10.0,Finished,,,,0 days 00:00:56.309000,2024,3,Australian Grand Prix,1,0,0,3.0,7.4,15.0,0.0,20.2,3.5
81,,Oscar Piastri,PIA,McLaren,5.0,4.0,12.0,Finished,,,,0 days 00:00:35.770000,2024,3,Australian Grand Prix,1,0,0,8.4,8.8,5.2,0.0,6.3,8.0
3,,Daniel Ricciardo,RIC,RB F1 Team,18.0,12.0,0.0,Lapped,,,,0 days 00:00:11.508000,2024,3,Australian Grand Prix,1,0,0,13.4,14.8,0.0,0.0,0.0,6.0
63,,George Russell,RUS,Mercedes,7.0,17.0,0.0,Retired,,,,,2024,3,Australian Grand Prix,0,0,0,7.4,5.0,7.4,0.2,5.3,10.5
55,,Carlos Sainz,SAI,Ferrari,2.0,1.0,25.0,Finished,,,,0 days 01:20:26.843000,2024,3,Australian Grand Prix,1,1,1,7.4,8.2,8.6,0.2,12.0,16.0
18,,Lance Stroll,STR,Aston Martin,9.0,6.0,8.0,Finished,,,,0 days 00:01:33.222000,2024,3,Australian Grand Prix,1,0,0,9.8,11.4,4.4,0.2,4.6,8.0
22,,Yuki Tsunoda,TSU,RB F1 Team,8.0,7.0,6.0,Finished,,,,0 days 00:01:35.601000,2024,3,Australian Grand Prix,1,0,0,12.8,12.4,1.2,0.2,0.0,12.5
1,,Max Verstappen,VER,Red Bull,1.0,19.0,0.0,Retired,,,,,2024,3,Australian Grand Prix,0,0,0,1.0,1.2,25.4,0.0,20.0,9.5
24,,Guanyu Zhou,ZHO,Sauber,19.0,15.0,0.0,Lapped,,,,0 days 00:00:44.293000,2024,3,Australian Grand Prix,1,0,0,15.6,18.6,0.0,0.2,0.0,10.0
23,,Alexander Albon,ALB,Williams,14.0,20.0,0.0,Retired,,,,,2024,4,Japanese Grand Prix,0,0,0,12.6,11.2,0.0,0.0,0.0,18.0
14,,Fernando Alonso,ALO,Aston Martin,5.0,6.0,8.0,Finished,,,,0 days 00:00:44.272000,2024,4,Japanese Grand Prix,1,0,0,7.6,7.2,4.8,0.0,4.4,7.5
77,,Valtteri Bottas,BOT,Sauber,13.0,14.0,0.0,Lapped,,,,0 days 00:00:18.893000,2024,4,Japanese Grand Prix,1,0,0,17.2,14.0,0.0,0.0,0.0,17.5
10,,Pierre Gasly,GAS,Alpine F1 Team,17.0,16.0,0.0,Lapped,,,,0 days 00:00:55.066000,2024,4,Japanese Grand Prix,1,0,0,15.0,13.8,0.0,0.2,1.2,14.0
44,,Lewis Hamilton,HAM,Mercedes,7.0,9.0,2.0,Finished,,,,0 days 00:00:48.626000,2024,4,Japanese Grand Prix,1,0,0,10.0,9.8,3.2,0.2,5.3,5.0
27,,Nico Hülkenberg,HUL,Haas F1 Team,12.0,11.0,0.0,Lapped,,,,0 days 00:00:07.168000,2024,4,Japanese Grand Prix,1,0,0,13.8,12.4,0.6,0.2,0.4,14.0
16,,Charles Leclerc,LEC,Ferrari,8.0,4.0,12.0,Finished,,,,0 days 00:00:26.522000,2024,4,Japanese Grand Prix,1,0,0,2.6,2.2,16.6,0.0,13.7,3.5
20,,Kevin Magnussen,MAG,Haas F1 Team,18.0,13.0,0.0,Lapped,,,,0 days 00:00:17.919000,2024,4,Japanese Grand Prix,1,0,0,13.4,13.4,0.2,0.0,0.4,14.5
4,,Lando Norris,NOR,McLaren,3.0,5.0,10.0,Finished,,,,0 days 00:00:29.700000,2024,4,Japanese Grand Prix,1,0,0,8.4,7.2,7.4,0.2,7.5,6.0
31,,Esteban Ocon,OCO,Alpine F1 Team,15.0,15.0,0.0,Lapped,,,,0 days 00:00:41.152000,2024,4,Japanese Grand Prix,1,0,0,12.4,15.8,2.4,0.0,1.2,6.5
11,,Sergio Pérez,PER,Red Bull,2.0,2.0,18.0,Finished,,,,0 days 00:00:12.535000,2024,4,Japanese Grand Prix,1,1,0,3.2,6.8,14.6,0.0,17.5,10.5
81,,Oscar Piastri,PIA,McLaren,6.0,8.0,4.0,Finished,,,,0 days 00:00:47.525000,2024,4,Japanese Grand Prix,1,0,0,6.4,7.8,7.6,0.0,8.5,3.0
3,,Daniel Ricciardo,RIC,RB F1 Team,11.0,19.0,0.0,Retired,,,,,2024,4,Japanese Grand Prix,0,0,0,13.2,15.0,0.0,0.0,1.0,11.0
63,,George Russell,RUS,Mercedes,9.0,7.0,6.0,Finished,,,,0 days 00:00:45.951000,2024,4,Japanese Grand Prix,1,0,0,7.8,4.8,7.4,0.2,4.9,7.5
55,,Carlos Sainz,SAI,Ferrari,4.0,3.0,15.0,Finished,,,,0 days 00:00:20.866000,2024,4,Japanese Grand Prix,1,1,0,6.8,8.2,11.2,0.2,13.1,12.5
2,,Logan Sargeant,SAR,Williams,19.0,17.0,0.0,Lapped,,,,0 days 00:01:12.765000,2024,4,Japanese Grand Prix,1,0,0,15.4,16.4,0.0,0.0,0.0,17.0
18,,Lance Stroll,STR,Aston Martin,16.0,12.0,0.0,Lapped,,,,0 days 00:00:11.233000,2024,4,Japanese Grand Prix,1,0,0,10.0,12.6,4.0,0.2,5.0,15.0
22,,Yuki Tsunoda,TSU,RB F1 Team,10.0,10.0,1.0,Lapped,,,,0 days 00:00:01.602000,2024,4,Japanese Grand Prix,1,0,0,12.4,10.8,2.0,0.2,0.8571428571428571,12.5
1,,Max Verstappen,VER,Red Bull,1.0,1.0,26.0,Finished,,,,0 days 01:54:23.566000,2024,4,Japanese Grand Prix,1,1,1,4.6,1.2,20.4,0.2,17.8,1.0
24,,Guanyu Zhou,ZHO,Sauber,20.0,18.0,0.0,Retired,,,,,2024,4,Japanese Grand Prix,0,0,0,15.2,18.4,0.0,0.0,0.0,14.5
23,,Alexander Albon,ALB,Williams,14.0,12.0,0.0,Finished,,,,0 days 00:01:05.506000,2024,5,Chinese Grand Prix,1,0,0,14.2,13.0,0.0,0.2,0.0,
14,,Fernando Alonso,ALO,Aston Martin,3.0,7.0,7.0,Finished,,,,0 days 00:00:43.414000,2024,5,Chinese Grand Prix,1,0,0,7.0,6.4,6.0,0.0,4.0,
77,,Valtteri Bottas,BOT,Sauber,10.0,20.0,0.0,Retired,,,,,2024,5,Chinese Grand Prix,0,0,0,16.6,15.2,0.0,0.0,0.0,
10,,Pierre Gasly,GAS,Alpine F1 Team,15.0,13.0,0.0,Finished,,,,0 days 00:01:09.223000,2024,5,Chinese Grand Prix,1,0,0,16.0,16.4,0.0,0.2,0.0,
44,,Lewis Hamilton,HAM,Mercedes,18.0,9.0,2.0,Finished,,,,0 days 00:00:57.986000,2024,5,Chinese Grand Prix,1,0,0,10.4,9.2,2.4,0.2,5.1,
27,,Nico Hülkenberg,HUL,Haas F1 Team,9.0,10.0,1.0,Finished,,,,0 days 00:01:00.476000,2024,5,Chinese Grand Prix,1,0,0,12.2,12.2,0.6,0.0,0.4,
16,,Charles Leclerc,LEC,Ferrari,6.0,4.0,12.0,Finished,,,,0 days 00:00:23.623000,2024,5,Chinese Grand Prix,1,0,0,3.0,3.6,15.4,0.0,13.8,
20,,Kevin Magnussen,MAG,Haas F1 Team,17.0,16.0,0.0,Finished,,,,0 days 00:01:27.533000,2024,5,Chinese Grand Prix,1,0,0,13.4,15.4,0.2,0.0,0.5,
4,,Lando Norris,NOR,McLaren,4.0,2.0,18.0,Finished,,,,0 days 00:00:13.773000,2024,5,Chinese Grand Prix,1,1,0,5.4,4.8,9.4,0.0,8.7,
31,,Esteban Ocon,OCO,Alpine F1 Team,13.0,11.0,0.0,Finished,,,,0 days 00:01:02.812000,2024,5,Chinese Grand Prix,1,0,0,14.6,15.6,0.0,0.0,0.0,
11,,Sergio Pérez,PER,Red Bull,2.0,3.0,15.0,Finished,,,,0 days 00:00:19.160000,2024,5,Chinese Grand Prix,1,1,0,3.0,5.0,15.2,0.0,17.9,
81,,Oscar Piastri,PIA,McLaren,5.0,8.0,4.0,Finished,,,,0 days 00:00:56.198000,2024,5,Chinese Grand Prix,1,0,0,6.0,5.4,8.0,0.0,9.5,
3,,Daniel Ricciardo,RIC,RB F1 Team,12.0,18.0,0.0,Retired,,,,,2024,5,Chinese Grand Prix,0,0,0,14.2,14.4,0.0,0.2,0.875,
63,,George Russell,RUS,Mercedes,8.0,6.0,8.0,Finished,,,,0 days 00:00:38.724000,2024,5,Chinese Grand Prix,1,0,0,7.6,6.0,7.8,0.2,5.1,
55,,Carlos Sainz,SAI,Ferrari,7.0,5.0,10.0,Finished,,,,0 days 00:00:33.983000,2024,5,Chinese Grand Prix,1,0,0,6.2,7.6,12.6,0.2,13.2,
2,,Logan Sargeant,SAR,Williams,20.0,17.0,0.0,Finished,,,,0 days 00:01:35.110000,2024,5,Chinese Grand Prix,1,0,0,16.6,16.4,0.0,0.0,0.0,
18,,Lance Stroll,STR,Aston Martin,11.0,15.0,0.0,Finished,,,,0 days 00:01:22.786000,2024,5,Chinese Grand Prix,1,0,0,11.4,12.0,2.0,0.2,4.1,
22,,Yuki Tsunoda,TSU,RB F1 Team,19.0,19.0,0.0,Retired,,,,,2024,5,Chinese Grand Prix,0,0,0,10.8,8.8,2.2,0.0,0.7777777777777778,
1,,Max Verstappen,VER,Red Bull,1.0,1.0,25.0,Finished,,,,0 days 01:40:52.554000,2024,5,Chinese Grand Prix,1,1,1,4.6,1.0,20.6,0.2,18.2,
24,,Guanyu Zhou,ZHO,Sauber,16.0,14.0,0.0,Finished,,,,0 days 00:01:11.689000,2024,5,Chinese Grand Prix,1,0,0,15.8,19.0,0.0,0.2,0.0,
23,,Alexander Albon,ALB,Williams,14.0,18.0,0.0,Finished,,,,0 days 00:01:16.091000,2024,6,Miami Grand Prix,1,0,0,13.8,13.0,0.0,0.2,0.0,11.5
14,,Fernando Alonso,ALO,Aston Martin,15.0,9.0,2.0,Finished,,,,0 days 00:00:37.107000,2024,6,Miami Grand Prix,1,0,0,7.0,5.6,6.2,0.0,4.0,7.0
77,,Valtteri Bottas,BOT,Sauber,16.0,16.0,0.0,Finished,,,,0 days 00:00:52.356000,2024,6,Miami Grand Prix,1,0,0,16.8,13.6,0.0,0.2,0.0,10.0
10,,Pierre Gasly,GAS,Alpine F1 Team,12.0,12.0,0.0,Finished,,,,0 days 00:00:44.958000,2024,6,Miami Grand Prix,1,0,0,16.0,17.4,0.0,0.2,0.0,13.0
44,,Lewis Hamilton,HAM,Mercedes,8.0,6.0,8.0,Finished,,,,0 days 00:00:16.585000,2024,6,Miami Grand Prix,1,0,0,10.4,10.6,2.4,0.2,4.4,6.0
27,,Nico Hülkenberg,HUL,Haas F1 Team,9.0,11.0,0.0,Finished,,,,0 days 00:00:40.789000,2024,6,Miami Grand Prix,1,0,0,11.2,12.4,0.8,0.0,0.5,15.0
16,,Charles Leclerc,LEC,Ferrari,2.0,3.0,15.0,Finished,,,,0 days 00:00:09.920000,2024,6,Miami Grand Prix,1,1,0,3.4,4.4,14.2,0.0,14.2,4.5
20,,Kevin Magnussen,MAG,Haas F1 Team,18.0,19.0,0.0,Finished,,,,0 days 00:01:24.683000,2024,6,Miami Grand Prix,1,0,0,12.6,15.4,0.2,0.0,0.5,13.0
4,,Lando Norris,NOR,McLaren,5.0,1.0,25.0,Finished,,,,0 days 01:30:49.876000,2024,6,Miami Grand Prix,1,1,1,4.8,4.6,11.0,0.0,9.1,18.0
31,,Esteban Ocon,OCO,Alpine F1 Team,13.0,10.0,1.0,Finished,,,,0 days 00:00:39.746000,2024,6,Miami Grand Prix,1,0,0,14.4,15.8,0.0,0.0,0.0,8.5
11,,Sergio Pérez,PER,Red Bull,4.0,4.0,12.0,Finished,,,,0 days 00:00:14.650000,2024,6,Miami Grand Prix,1,0,0,2.8,3.6,15.8,0.0,18.1,3.0
81,,Oscar Piastri,PIA,McLaren,6.0,13.0,0.0,Finished,,,,0 days 00:00:49.756000,2024,6,Miami Grand Prix,1,0,0,6.4,5.8,7.2,0.0,10.8,19.0
3,,Daniel Ricciardo,RIC,RB F1 Team,20.0,15.0,0.0,Finished,,,,0 days 00:00:50.956000,2024,6,Miami Grand Prix,1,0,0,15.6,13.8,0.0,0.4,0.7,13.0
63,,George Russell,RUS,Mercedes,7.0,8.0,4.0,Finished,,,,0 days 00:00:34.789000,2024,6,Miami Grand Prix,1,0,0,8.2,6.8,6.4,0.2,4.6,4.5
55,,Carlos Sainz,SAI,Ferrari,3.0,5.0,10.0,Finished,,,,0 days 00:00:16.407000,2024,6,Miami Grand Prix,1,0,0,6.0,6.6,13.0,0.2,14.5,4.0
2,,Logan Sargeant,SAR,Williams,17.0,20.0,0.0,Retired,,,,,2024,6,Miami Grand Prix,0,0,0,16.8,19.2,0.0,0.0,0.0,20.0
18,,Lance Stroll,STR,Aston Martin,11.0,17.0,0.0,Finished,,,,0 days 00:00:55.173000,2024,6,Miami Grand Prix,1,0,0,12.4,11.6,1.8,0.2,4.0,11.0
22,,Yuki Tsunoda,TSU,RB F1 Team,10.0,7.0,6.0,Finished,,,,0 days 00:00:26.185000,2024,6,Miami Grand Prix,1,0,0,13.0,11.4,1.4,0.2,0.7,11.5
1,,Max Verstappen,VER,Red Bull,1.0,2.0,18.0,Finished,,,,0 days 00:00:07.612000,2024,6,Miami Grand Prix,1,1,0,4.6,1.0,20.4,0.2,17.5,1.0
24,,Guanyu Zhou,ZHO,Sauber,19.0,14.0,0.0,Finished,,,,0 days 00:00:49.979000,2024,6,Miami Grand Prix,1,0,0,15.2,18.4,0.0,0.2,0.0,18.0
23,,Alexander Albon,ALB,Williams,14.0,20.0,0.0,Retired,,,,,2024,7,Emilia Romagna Grand Prix,0,0,0,14.4,13.2,0.0,0.2,0.0,11.0
14,,Fernando Alonso,ALO,Aston Martin,20.0,19.0,0.0,Lapped,,,,0 days 00:01:15.124000,2024,7,Emilia Romagna Grand Prix,1,0,0,7.0,7.4,6.2,0.0,3.9,14.5
77,,Valtteri Bottas,BOT,Sauber,16.0,18.0,0.0,Lapped,,,,0 days 00:00:56.343000,2024,7,Emilia Romagna Grand Prix,1,0,0,16.2,13.6,0.0,0.2,0.0,11.5
10,,Pierre Gasly,GAS,Alpine F1 Team,15.0,16.0,0.0,Lapped,,,,0 days 00:00:49.715000,2024,7,Emilia Romagna Grand Prix,1,0,0,14.8,15.8,0.0,0.2,0.1,9.5
44,,Lewis Hamilton,HAM,Mercedes,8.0,6.0,8.0,Finished,,,,0 days 00:00:35.104000,2024,7,Emilia Romagna Grand Prix,1,0,0,10.2,10.4,2.8,0.2,4.0,7.5
27,,Nico Hülkenberg,HUL,Haas F1 Team,10.0,11.0,0.0,Lapped,,,,0 days 00:00:25.277000,2024,7,Emilia Romagna Grand Prix,1,0,0,10.2,12.2,0.8,0.0,0.5,
16,,Charles Leclerc,LEC,Ferrari,3.0,3.0,15.0,Finished,,,,0 days 00:00:07.916000,2024,7,Emilia Romagna Grand Prix,1,1,0,3.2,4.4,14.8,0.0,14.0,5.0
20,,Kevin Magnussen,MAG,Haas F1 Team,18.0,12.0,0.0,Lapped,,,,0 days 00:00:26.434000,2024,7,Emilia Romagna Grand Prix,1,0,0,14.0,16.0,0.2,0.0,0.4,9.0
4,,Lando Norris,NOR,McLaren,2.0,2.0,18.0,Finished,,,,0 days 00:00:00.725000,2024,7,Emilia Romagna Grand Prix,1,1,0,3.8,4.2,14.4,0.0,10.4,3.0
31,,Esteban Ocon,OCO,Alpine F1 Team,12.0,14.0,0.0,Lapped,,,,0 days 00:00:43.907000,2024,7,Emilia Romagna Grand Prix,1,0,0,13.0,14.6,0.2,0.0,0.1,11.5
11,,Sergio Pérez,PER,Red Bull,11.0,8.0,4.0,Finished,,,,0 days 00:00:54.776000,2024,7,Emilia Romagna Grand Prix,1,0,0,3.2,3.4,14.6,0.0,16.7,6.5
81,,Oscar Piastri,PIA,McLaren,5.0,4.0,12.0,Finished,,,,0 days 00:00:14.132000,2024,7,Emilia Romagna Grand Prix,1,0,0,7.4,5.4,6.4,0.0,11.8,
3,,Daniel Ricciardo,RIC,RB F1 Team,9.0,13.0,0.0,Lapped,,,,0 days 00:00:27.661000,2024,7,Emilia Romagna Grand Prix,1,0,0,16.0,15.0,0.0,0.4,1.3,12.0
63,,George Russell,RUS,Mercedes,6.0,7.0,7.0,Finished,,,,0 days 00:00:47.154000,2024,7,Emilia Romagna Grand Prix,1,0,0,8.8,7.6,5.2,0.2,4.6,11.5
55,,Carlos Sainz,SAI,Ferrari,4.0,5.0,10.0,Finished,,,,0 days 00:00:22.325000,2024,7,Emilia Romagna Grand Prix,1,0,0,3.4,4.0,15.0,0.0,14.9,12.5
2,,Logan Sargeant,SAR,Williams,19.0,17.0,0.0,Lapped,,,,0 days 00:00:51.051000,2024,7,Emilia Romagna Grand Prix,1,0,0,17.6,18.6,0.0,0.2,0.0,
18,,Lance Stroll,STR,Aston Martin,13.0,9.0,2.0,Finished,,,,0 days 00:01:19.556000,2024,7,Emilia Romagna Grand Prix,1,0,0,13.8,11.4,1.6,0.2,2.9,9.0
22,,Yuki Tsunoda,TSU,RB F1 Team,7.0,10.0,1.0,Lapped,,,,0 days 00:00:17.856000,2024,7,Emilia Romagna Grand Prix,1,0,0,11.6,11.2,2.6,0.2,1.3,9.5
1,,Max Verstappen,VER,Red Bull,1.0,1.0,25.0,Finished,,,,0 days 01:25:25.252000,2024,7,Emilia Romagna Grand Prix,1,1,1,4.8,1.0,18.8,0.2,15.3,1.0
24,,Guanyu Zhou,ZHO,Sauber,17.0,15.0,0.0,Lapped,,,,0 days 00:00:44.933000,2024,7,Emilia Romagna Grand Prix,1,0,0,15.8,18.8,0.0,0.2,0.0,15.0
23,,Alexander Albon,ALB,Williams,9.0,9.0,2.0,Lapped,,,,0 days 00:00:54.052000,2024,8,Monaco Grand Prix,1,0,0,16.2,13.6,0.0,0.4,0.0,16.0
14,,Fernando Alonso,ALO,Aston Martin,14.0,11.0,0.0,Lapped,,,,0 days 00:00:03.854000,2024,8,Monaco Grand Prix,1,0,0,9.8,10.6,4.2,0.0,3.1,7.333333333333333
77,,Valtteri Bottas,BOT,Sauber,17.0,13.0,0.0,Lapped,,,,0 days 00:00:04.488000,2024,8,Monaco Grand Prix,1,0,0,16.4,13.6,0.0,0.2,0.0,13.0
10,,Pierre Gasly,GAS,Alpine F1 Team,10.0,10.0,1.0,Lapped,,,,0 days 00:01:00.241000,2024,8,Monaco Grand Prix,1,0,0,14.0,15.2,0.0,0.0,0.1,8.0
44,,Lewis Hamilton,HAM,Mercedes,7.0,7.0,7.0,Finished,,,,0 days 00:00:14.908000,2024,8,Monaco Grand Prix,1,0,0,9.6,10.4,4.0,0.2,4.5,6.333333333333333
27,,Nico Hülkenberg,HUL,Haas F1 Team,19.0,19.0,0.0,Retired,,,,,2024,8,Monaco Grand Prix,0,0,0,10.4,11.2,0.6,0.0,0.4,17.0
16,,Charles Leclerc,LEC,Ferrari,1.0,1.0,25.0,Finished,,,,0 days 02:23:15.554000,2024,8,Monaco Grand Prix,1,1,1,3.2,4.6,14.6,0.0,14.3,10.0
20,,Kevin Magnussen,MAG,Haas F1 Team,20.0,20.0,0.0,Retired,,,,,2024,8,Monaco Grand Prix,0,0,0,14.0,17.0,0.2,0.0,0.2,19.5
4,,Lando Norris,NOR,McLaren,4.0,4.0,12.0,Finished,,,,0 days 00:00:08.650000,2024,8,Monaco Grand Prix,1,0,0,2.6,3.4,17.2,0.0,11.8,6.0
31,,Esteban Ocon,OCO,Alpine F1 Team,11.0,17.0,0.0,Retired,,,,,2024,8,Monaco Grand Prix,0,0,0,13.2,13.6,0.2,0.0,0.2,8.0
11,,Sergio Pérez,PER,Red Bull,16.0,18.0,0.0,Retired,,,,,2024,8,Monaco Grand Prix,0,0,0,4.4,5.0,11.8,0.0,15.3,7.0
81,,Oscar Piastri,PIA,McLaren,2.0,2.0,18.0,Finished,,,,0 days 00:00:07.152000,2024,8,Monaco Grand Prix,1,1,0,7.4,5.4,6.4,0.0,11.5,10.0
3,,Daniel Ricciardo,RIC,RB F1 Team,12.0,12.0,0.0,Lapped,,,,0 days 00:00:04.264000,2024,8,Monaco Grand Prix,1,0,0,15.4,14.0,0.0,0.4,1.4,12.5
63,,George Russell,RUS,Mercedes,5.0,5.0,10.0,Finished,,,,0 days 00:00:13.309000,2024,8,Monaco Grand Prix,1,0,0,9.0,7.4,5.0,0.2,5.2,8.0
55,,Carlos Sainz,SAI,Ferrari,3.0,3.0,15.0,Finished,,,,0 days 00:00:07.585000,2024,8,Monaco Grand Prix,1,1,0,3.8,4.0,14.0,0.0,14.9,4.0
2,,Logan Sargeant,SAR,Williams,15.0,15.0,0.0,Lapped,,,,0 days 00:00:09.026000,2024,8,Monaco Grand Prix,1,0,0,17.0,18.8,0.0,0.2,0.2,18.0
18,,Lance Stroll,STR,Aston Martin,13.0,14.0,0.0,Lapped,,,,0 days 00:00:05.967000,2024,8,Monaco Grand Prix,1,0,0,11.8,12.0,2.0,0.0,2.7,14.0
22,,Yuki Tsunoda,TSU,RB F1 Team,8.0,8.0,4.0,Lapped,,,,0 days 00:00:39.487000,2024,8,Monaco Grand Prix,1,0,0,10.6,10.8,2.8,0.2,1.4,16.0
1,,Max Verstappen,VER,Red Bull,6.0,6.0,8.0,Finished,,,,0 days 00:00:13.853000,2024,8,Monaco Grand Prix,1,0,0,4.8,1.0,18.8,0.2,14.3,1.6666666666666667
24,,Guanyu Zhou,ZHO,Sauber,18.0,16.0,0.0,Lapped,,,,0 days 00:00:55.260000,2024,8,Monaco Grand Prix,1,0,0,15.2,18.2,0.0,0.2,0.0,14.5
23,,Alexander Albon,ALB,Williams,10.0,17.0,0.0,Retired,,,,,2024,9,Canadian Grand Prix,0,0,0,15.8,13.0,0.4,0.4,0.2,10.0
14,,Fernando Alonso,ALO,Aston Martin,6.0,6.0,8.0,Finished,,,,0 days 00:00:17.510000,2024,9,Canadian Grand Prix,1,0,0,10.4,11.4,3.4,0.0,1.9,5.5
77,,Valtteri Bottas,BOT,Sauber,19.0,13.0,0.0,Finished,,,,0 days 00:00:40.487000,2024,9,Canadian Grand Prix,1,0,0,16.2,14.4,0.0,0.2,0.0,8.5
10,,Pierre Gasly,GAS,Alpine F1 Team,15.0,9.0,2.0,Finished,,,,0 days 00:00:30.021000,2024,9,Canadian Grand Prix,1,0,0,13.4,13.8,0.2,0.0,0.2,13.0
44,,Lewis Hamilton,HAM,Mercedes,7.0,4.0,13.0,Finished,,,,0 days 00:00:04.915000,2024,9,Canadian Grand Prix,1,0,0,7.4,9.6,5.4,0.0,6.2,3.0
27,,Nico Hülkenberg,HUL,Haas F1 Team,17.0,11.0,0.0,Finished,,,,0 days 00:00:30.824000,2024,9,Canadian Grand Prix,1,0,0,12.4,11.8,0.2,0.2,0.1,15.0
16,,Charles Leclerc,LEC,Ferrari,11.0,19.0,0.0,Retired,,,,,2024,9,Canadian Grand Prix,0,0,0,3.0,4.0,15.8,0.0,13.9,4.5
20,,Kevin Magnussen,MAG,Haas F1 Team,14.0,12.0,0.0,Finished,,,,0 days 00:00:31.253000,2024,9,Canadian Grand Prix,1,0,0,16.0,18.2,0.0,0.2,0.1,17.0
4,,Lando Norris,NOR,McLaren,3.0,2.0,18.0,Finished,,,,0 days 00:00:03.879000,2024,9,Canadian Grand Prix,1,1,0,2.8,3.6,16.6,0.0,12.1,14.0
31,,Esteban Ocon,OCO,Alpine F1 Team,18.0,10.0,1.0,Finished,,,,0 days 00:00:30.313000,2024,9,Canadian Grand Prix,1,0,0,13.4,12.8,0.2,0.2,0.4,7.0
11,,Sergio Pérez,PER,Red Bull,16.0,18.0,0.0,Retired,,,,,2024,9,Canadian Grand Prix,0,0,0,7.0,7.0,9.8,0.2,15.1,13.0
81,,Oscar Piastri,PIA,McLaren,4.0,5.0,10.0,Finished,,,,0 days 00:00:10.199000,2024,9,Canadian Grand Prix,1,0,0,7.0,4.8,7.6,0.0,12.9,11.0
3,,Daniel Ricciardo,RIC,RB F1 Team,5.0,8.0,4.0,Finished,,,,0 days 00:00:28.672000,2024,9,Canadian Grand Prix,1,0,0,15.4,12.8,0.0,0.4,1.2,11.0
63,,George Russell,RUS,Mercedes,1.0,3.0,15.0,Finished,,,,0 days 00:00:04.317000,2024,9,Canadian Grand Prix,1,1,0,6.6,7.0,7.0,0.0,7.3,11.5
55,,Carlos Sainz,SAI,Ferrari,12.0,16.0,0.0,Retired,,,,,2024,9,Canadian Grand Prix,0,0,0,4.2,4.2,12.0,0.0,12.7,3.5
2,,Logan Sargeant,SAR,Williams,13.0,20.0,0.0,Retired,,,,,2024,9,Canadian Grand Prix,0,0,0,17.2,18.0,0.0,0.2,0.2,20.0
18,,Lance Stroll,STR,Aston Martin,9.0,7.0,6.0,Finished,,,,0 days 00:00:23.625000,2024,9,Canadian Grand Prix,1,0,0,13.4,12.8,0.4,0.0,1.9,9.5
22,,Yuki Tsunoda,TSU,RB F1 Team,8.0,14.0,0.0,Finished,,,,0 days 00:00:52.694000,2024,9,Canadian Grand Prix,1,0,0,10.8,10.8,2.4,0.2,1.6,16.0
1,,Max Verstappen,VER,Red Bull,2.0,1.0,25.0,Finished,,,,0 days 01:45:47.927000,2024,9,Canadian Grand Prix,1,1,1,2.2,2.0,20.4,0.0,13.3,1.0
24,,Guanyu Zhou,ZHO,Sauber,20.0,15.0,0.0,Lapped,,,,0 days 00:00:53.528000,2024,9,Canadian Grand Prix,1,0,0,15.4,18.0,0.0,0.2,0.0,12.0
23,,Alexander Albon,ALB,Williams,20.0,18.0,0.0,Lapped,,,,0 days 00:00:58.149000,2024,10,Spanish Grand Prix,1,0,0,15.2,12.2,0.4,0.4,0.2,17.0
14,,Fernando Alonso,ALO,Aston Martin,10.0,12.0,0.0,Lapped,,,,0 days 00:00:09.497000,2024,10,Spanish Grand Prix,1,0,0,10.4,11.6,3.4,0.0,2.5,11.0
77,,Valtteri Bottas,BOT,Sauber,12.0,16.0,0.0,Lapped,,,,0 days 00:00:53.313000,2024,10,Spanish Grand Prix,1,0,0,16.0,15.6,0.0,0.2,0.0,9.333333333333334
10,,Pierre Gasly,GAS,Alpine F1 Team,7.0,9.0,2.0,Finished,,,,0 days 00:01:02.025000,2024,10,Spanish Grand Prix,1,0,0,12.0,13.4,0.6,0.0,0.5,11.0
44,,Lewis Hamilton,HAM,Mercedes,3.0,3.0,15.0,Finished,,,,0 days 00:00:17.790000,2024,10,Spanish Grand Prix,1,1,0,6.4,9.6,7.6,0.0,8.2,2.6666666666666665
27,,Nico Hülkenberg,HUL,Haas F1 Team,13.0,11.0,0.0,Finished,,,,0 days 00:01:19.215000,2024,10,Spanish Grand Prix,1,0,0,12.4,12.8,0.2,0.2,0.1,15.0
16,,Charles Leclerc,LEC,Ferrari,5.0,5.0,10.0,Finished,,,,0 days 00:00:22.709000,2024,10,Spanish Grand Prix,1,0,0,6.0,4.6,13.4,0.2,11.2,11.666666666666666
20,,Kevin Magnussen,MAG,Haas F1 Team,16.0,17.0,0.0,Lapped,,,,0 days 00:00:54.788000,2024,10,Spanish Grand Prix,1,0,0,15.8,17.4,0.0,0.2,0.0,17.5
4,,Lando Norris,NOR,McLaren,1.0,2.0,19.0,Finished,,,,0 days 00:00:02.219000,2024,10,Spanish Grand Prix,1,1,0,2.2,3.6,18.2,0.0,13.5,11.0
31,,Esteban Ocon,OCO,Alpine F1 Team,8.0,10.0,1.0,Finished,,,,0 days 00:01:11.889000,2024,10,Spanish Grand Prix,1,0,0,12.4,13.4,0.4,0.2,0.7,8.0
11,,Sergio Pérez,PER,Red Bull,11.0,8.0,4.0,Finished,,,,0 days 00:00:59.524000,2024,10,Spanish Grand Prix,1,0,0,10.2,9.8,6.2,0.4,13.2,3.6666666666666665
81,,Oscar Piastri,PIA,McLaren,9.0,7.0,6.0,Finished,,,,0 days 00:00:33.760000,2024,10,Spanish Grand Prix,1,0,0,6.4,4.4,8.8,0.0,13.6,13.0
3,,Daniel Ricciardo,RIC,RB F1 Team,18.0,15.0,0.0,Lapped,,,,0 days 00:00:44.050000,2024,10,Spanish Grand Prix,1,0,0,13.2,11.6,0.8,0.2,1.5,9.0
63,,George Russell,RUS,Mercedes,4.0,4.0,12.0,Finished,,,,0 days 00:00:22.320000,2024,10,Spanish Grand Prix,1,0,0,5.8,5.4,8.8,0.0,9.5,6.666666666666667
55,,Carlos Sainz,SAI,Ferrari,6.0,6.0,8.0,Finished,,,,0 days 00:00:31.028000,2024,10,Spanish Grand Prix,1,0,0,6.8,5.8,9.0,0.2,11.0,5.333333333333333
2,,Logan Sargeant,SAR,Williams,19.0,20.0,0.0,Lapped,,,,0 days 00:00:04.866000,2024,10,Spanish Grand Prix,1,0,0,17.8,16.8,0.0,0.4,0.2,20.0
18,,Lance Stroll,STR,Aston Martin,14.0,14.0,0.0,Lapped,,,,0 days 00:00:25.252000,2024,10,Spanish Grand Prix,1,0,0,12.4,11.4,1.6,0.0,1.8,10.666666666666666
22,,Yuki Tsunoda,TSU,RB F1 Team,17.0,19.0,0.0,Lapped,,,,0 days 00:01:08.904000,2024,10,Spanish Grand Prix,1,0,0,11.6,10.4,2.2,0.2,1.5,14.0
1,,Max Verstappen,VER,Red Bull,2.0,1.0,25.0,Finished,,,,0 days 01:28:20.227000,2024,10,Spanish Grand Prix,1,1,1,2.2,2.2,20.2,0.0,12.1,1.3333333333333333
24,,Guanyu Zhou,ZHO,Sauber,15.0,13.0,0.0,Lapped,,,,0 days 00:00:15.476000,2024,10,Spanish Grand Prix,1,0,0,14.8,18.0,0.0,0.0,0.0,14.0
23,,Alexander Albon,ALB,Williams,16.0,15.0,0.0,Lapped,,,,0 days 00:00:15.866000,2024,11,Austrian Grand Prix,1,0,0,16.4,13.4,0.4,0.4,0.2,11.5
14,,Fernando Alonso,ALO,Aston Martin,15.0,18.0,0.0,Lapped,,,,0 days 00:00:47.660000,2024,11,Austrian Grand Prix,1,0,0,11.4,13.0,2.0,0.0,1.8,8.333333333333334
77,,Valtteri Bottas,BOT,Sauber,18.0,16.0,0.0,Lapped,,,,0 days 00:00:19.375000,2024,11,Austrian Grand Prix,1,0,0,15.2,16.0,0.0,0.0,0.0,9.333333333333334
10,,Pierre Gasly,GAS,Alpine F1 Team,13.0,10.0,1.0,Finished,,,,0 days 00:01:01.766000,2024,11,Austrian Grand Prix,1,0,0,11.2,11.8,1.0,0.0,0.8,11.333333333333334
44,,Lewis Hamilton,HAM,Mercedes,5.0,4.0,12.0,Finished,,,,0 days 00:00:23.142000,2024,11,Austrian Grand Prix,1,0,0,5.2,6.6,10.2,0.0,9.9,5.0
27,,Nico Hülkenberg,HUL,Haas F1 Team,9.0,6.0,8.0,Finished,,,,0 days 00:00:54.088000,2024,11,Austrian Grand Prix,1,0,0,12.6,13.6,0.0,0.2,0.0,20.0
16,,Charles Leclerc,LEC,Ferrari,6.0,11.0,0.0,Finished,,,,0 days 00:01:07.056000,2024,11,Austrian Grand Prix,1,0,0,6.2,4.4,13.0,0.2,10.8,3.6666666666666665
20,,Kevin Magnussen,MAG,Haas F1 Team,12.0,8.0,4.0,Finished,,,,0 days 00:01:00.355000,2024,11,Austrian Grand Prix,1,0,0,16.0,17.2,0.0,0.2,0.8,13.0
4,,Lando Norris,NOR,McLaren,2.0,20.0,0.0,Lapped,,,,,2024,11,Austrian Grand Prix,1,0,0,2.2,3.0,18.4,0.0,13.8,4.666666666666667
31,,Esteban Ocon,OCO,Alpine F1 Team,10.0,12.0,0.0,Finished,,,,0 days 00:01:08.325000,2024,11,Austrian Grand Prix,1,0,0,12.2,12.4,0.6,0.2,0.9,13.0
11,,Sergio Pérez,PER,Red Bull,8.0,7.0,6.0,Finished,,,,0 days 00:00:54.672000,2024,11,Austrian Grand Prix,1,0,0,11.2,11.6,4.0,0.4,12.1,9.666666666666666
81,,Oscar Piastri,PIA,McLaren,7.0,2.0,18.0,Finished,,,,0 days 00:00:01.906000,2024,11,Austrian Grand Prix,1,1,0,6.2,5.2,9.2,0.0,11.3,16.0
3,,Daniel Ricciardo,RIC,RB F1 Team,11.0,9.0,2.0,Finished,,,,0 days 00:01:01.169000,2024,11,Austrian Grand Prix,1,0,0,12.6,12.8,0.8,0.0,1.5,8.0
63,,George Russell,RUS,Mercedes,3.0,1.0,25.0,Finished,,,,0 days 01:24:22.798000,2024,11,Austrian Grand Prix,1,1,1,5.4,4.6,9.6,0.0,10.3,7.333333333333333
55,,Carlos Sainz,SAI,Ferrari,4.0,3.0,15.0,Finished,,,,0 days 00:00:04.533000,2024,11,Austrian Grand Prix,1,1,0,7.0,5.6,8.6,0.2,9.3,9.666666666666666
2,,Logan Sargeant,SAR,Williams,19.0,19.0,0.0,Lapped,,,,0 days 00:00:06.309000,2024,11,Austrian Grand Prix,1,0,0,18.4,16.6,0.0,0.4,0.2,13.0
18,,Lance Stroll,STR,Aston Martin,17.0,13.0,0.0,Lapped,,,,0 days 00:00:10.234000,2024,11,Austrian Grand Prix,1,0,0,12.2,12.0,1.6,0.0,1.6,11.666666666666666
22,,Yuki Tsunoda,TSU,RB F1 Team,14.0,14.0,0.0,Lapped,,,,0 days 00:00:13.145000,2024,11,Austrian Grand Prix,1,0,0,11.6,10.0,2.2,0.0,1.7,15.666666666666666
1,,Max Verstappen,VER,Red Bull,1.0,5.0,10.0,Finished,,,,0 days 00:00:37.253000,2024,11,Austrian Grand Prix,1,0,0,2.2,2.4,20.2,0.0,11.5,1.3333333333333333
24,,Guanyu Zhou,ZHO,Sauber,20.0,17.0,0.0,Lapped,,,,0 days 00:00:44.882000,2024,11,Austrian Grand Prix,1,0,0,14.6,17.8,0.0,0.0,0.0,13.0
23,,Alexander Albon,ALB,Williams,9.0,9.0,2.0,Finished,,,,0 days 00:01:08.387000,2024,12,British Grand Prix,1,0,0,15.8,13.8,0.4,0.4,0.2,14.0
14,,Fernando Alonso,ALO,Aston Martin,10.0,8.0,4.0,Finished,,,,0 days 00:01:03.577000,2024,12,British Grand Prix,1,0,0,13.2,13.0,1.6,0.0,1.6,6.333333333333333
77,,Valtteri Bottas,BOT,Sauber,16.0,15.0,0.0,Lapped,,,,0 days 00:00:41.821000,2024,12,British Grand Prix,1,0,0,15.2,16.4,0.0,0.0,0.0,10.666666666666666
10,,Pierre Gasly,GAS,Alpine F1 Team,19.0,20.0,0.0,Did not start,,,,,2024,12,British Grand Prix,0,0,0,10.8,12.0,1.2,0.0,0.8,15.0
44,,Lewis Hamilton,HAM,Mercedes,2.0,1.0,25.0,Finished,,,,0 days 01:22:27.059000,2024,12,British Grand Prix,1,1,1,4.8,6.0,11.0,0.0,12.4,2.3333333333333335
27,,Nico Hülkenberg,HUL,Haas F1 Team,6.0,6.0,8.0,Finished,,,,0 days 00:00:55.722000,2024,12,British Grand Prix,1,0,0,11.6,13.6,1.6,0.2,1.2,13.0
16,,Charles Leclerc,LEC,Ferrari,11.0,14.0,0.0,Lapped,,,,0 days 00:00:40.473000,2024,12,British Grand Prix,1,0,0,7.8,5.2,10.0,0.2,9.8,5.0
20,,Kevin Magnussen,MAG,Haas F1 Team,17.0,12.0,0.0,Finished,,,,0 days 00:01:30.153000,2024,12,British Grand Prix,1,0,0,13.8,16.0,0.8,0.2,2.0,14.5
4,,Lando Norris,NOR,McLaren,3.0,3.0,15.0,Finished,,,,0 days 00:00:07.547000,2024,12,British Grand Prix,1,1,0,6.0,2.4,13.4,0.0,13.1,4.0
31,,Esteban Ocon,OCO,Alpine F1 Team,18.0,16.0,0.0,Lapped,,,,0 days 00:00:10.682000,2024,12,British Grand Prix,1,0,0,12.6,11.8,0.4,0.2,0.8,14.666666666666666
11,,Sergio Pérez,PER,Red Bull,20.0,17.0,0.0,Lapped,,,,0 days 00:00:18.005000,2024,12,British Grand Prix,1,0,0,11.8,12.4,2.8,0.4,10.7,8.0
81,,Oscar Piastri,PIA,McLaren,5.0,4.0,12.0,Finished,,,,0 days 00:00:12.429000,2024,12,British Grand Prix,1,0,0,4.0,5.4,12.8,0.0,12.8,4.0
3,,Daniel Ricciardo,RIC,RB F1 Team,15.0,13.0,0.0,Lapped,,,,0 days 00:00:09.937000,2024,12,British Grand Prix,1,0,0,11.4,11.0,1.2,0.0,1.1,9.0
63,,George Russell,RUS,Mercedes,1.0,19.0,0.0,Retired,,,,,2024,12,British Grand Prix,0,0,0,4.0,3.8,13.8,0.0,14.1,11.666666666666666
55,,Carlos Sainz,SAI,Ferrari,7.0,5.0,11.0,Finished,,,,0 days 00:00:47.318000,2024,12,British Grand Prix,1,0,0,6.6,5.8,9.6,0.2,8.3,5.666666666666667
2,,Logan Sargeant,SAR,Williams,12.0,11.0,0.0,Finished,,,,0 days 00:01:28.960000,2024,12,British Grand Prix,1,0,0,18.2,17.0,0.0,0.2,0.4,11.0
18,,Lance Stroll,STR,Aston Martin,8.0,7.0,6.0,Finished,,,,0 days 00:00:56.569000,2024,12,British Grand Prix,1,0,0,11.4,13.2,1.6,0.0,2.0,11.0
22,,Yuki Tsunoda,TSU,RB F1 Team,13.0,10.0,1.0,Finished,,,,0 days 00:01:19.303000,2024,12,British Grand Prix,1,0,0,13.0,10.8,1.0,0.0,1.1,13.333333333333334
1,,Max Verstappen,VER,Red Bull,4.0,2.0,18.0,Finished,,,,0 days 00:00:01.465000,2024,12,British Grand Prix,1,1,0,2.8,2.4,18.6,0.0,10.3,9.333333333333334
24,,Guanyu Zhou,ZHO,Sauber,14.0,18.0,0.0,Lapped,,,,0 days 00:00:54.476000,2024,12,British Grand Prix,1,0,0,15.2,18.0,0.0,0.0,0.0,17.0
23,,Alexander Albon,ALB,Williams,13.0,14.0,0.0,Lapped,,,,0 days 00:00:36.769000,2024,13,Hungarian Grand Prix,1,0,0,13.6,12.8,0.8,0.2,0.4,14.0
14,,Fernando Alonso,ALO,Aston Martin,7.0,11.0,0.0,Finished,,,,0 days 00:01:22.460000,2024,13,Hungarian Grand Prix,1,0,0,11.0,11.0,2.4,0.0,2.4,7.0
77,,Valtteri Bottas,BOT,Sauber,12.0,16.0,0.0,Lapped,,,,0 days 00:00:45.409000,2024,13,Hungarian Grand Prix,1,0,0,14.6,16.4,0.0,0.0,0.0,16.0
10,,Pierre Gasly,GAS,Alpine F1 Team,20.0,20.0,0.0,Retired,,,,,2024,13,Hungarian Grand Prix,0,0,0,11.6,12.8,1.2,0.2,0.8,12.333333333333334
44,,Lewis Hamilton,HAM,Mercedes,5.0,3.0,15.0,Finished,,,,0 days 00:00:14.880000,2024,13,Hungarian Grand Prix,1,1,0,3.8,4.8,14.4,0.0,13.4,2.6666666666666665
27,,Nico Hülkenberg,HUL,Haas F1 Team,11.0,13.0,0.0,Lapped,,,,0 days 00:00:33.184000,2024,13,Hungarian Grand Prix,1,0,0,10.6,12.8,3.2,0.2,2.0,14.0
16,,Charles Leclerc,LEC,Ferrari,6.0,4.0,12.0,Finished,,,,0 days 00:00:19.686000,2024,13,Hungarian Grand Prix,1,0,0,10.0,6.8,7.0,0.2,8.4,10.333333333333334
20,,Kevin Magnussen,MAG,Haas F1 Team,15.0,15.0,0.0,Lapped,,,,0 days 00:00:45.302000,2024,13,Hungarian Grand Prix,1,0,0,13.8,15.8,0.8,0.2,2.0,16.5
4,,Lando Norris,NOR,McLaren,1.0,2.0,18.0,Finished,,,,0 days 00:00:02.141000,2024,13,Hungarian Grand Prix,1,1,0,6.2,2.6,12.8,0.0,12.8,8.0
31,,Esteban Ocon,OCO,Alpine F1 Team,19.0,18.0,0.0,Lapped,,,,0 days 00:01:00.929000,2024,13,Hungarian Grand Prix,1,0,0,13.0,13.0,0.4,0.2,0.7,9.666666666666666
11,,Sergio Pérez,PER,Red Bull,16.0,7.0,6.0,Finished,,,,0 days 00:00:39.792000,2024,13,Hungarian Grand Prix,1,0,0,13.6,14.2,2.0,0.4,9.6,8.333333333333334
81,,Oscar Piastri,PIA,McLaren,2.0,1.0,25.0,Finished,,,,0 days 01:38:01.989000,2024,13,Hungarian Grand Prix,1,1,1,4.0,5.4,12.8,0.0,13.4,5.0
3,,Daniel Ricciardo,RIC,RB F1 Team,9.0,12.0,0.0,Lapped,,,,0 days 00:00:17.924000,2024,13,Hungarian Grand Prix,1,0,0,11.4,12.2,1.2,0.0,1.1,13.0
63,,George Russell,RUS,Mercedes,17.0,8.0,5.0,Finished,,,,0 days 00:00:42.368000,2024,13,Hungarian Grand Prix,1,0,0,6.4,2.8,12.4,0.2,14.2,5.666666666666667
55,,Carlos Sainz,SAI,Ferrari,4.0,6.0,8.0,Finished,,,,0 days 00:00:23.073000,2024,13,Hungarian Grand Prix,1,0,0,6.6,6.4,9.8,0.2,7.1,5.0
2,,Logan Sargeant,SAR,Williams,14.0,17.0,0.0,Lapped,,,,0 days 00:00:52.591000,2024,13,Hungarian Grand Prix,1,0,0,17.0,15.6,0.0,0.2,0.2,18.0
18,,Lance Stroll,STR,Aston Martin,8.0,10.0,1.0,Finished,,,,0 days 00:01:17.976000,2024,13,Hungarian Grand Prix,1,0,0,11.0,12.2,2.4,0.0,2.4,13.333333333333334
22,,Yuki Tsunoda,TSU,RB F1 Team,10.0,9.0,2.0,Finished,,,,0 days 00:01:17.259000,2024,13,Hungarian Grand Prix,1,0,0,13.0,12.0,1.0,0.0,1.1,13.333333333333334
1,,Max Verstappen,VER,Red Bull,3.0,5.0,10.0,Finished,,,,0 days 00:00:21.349000,2024,13,Hungarian Grand Prix,1,0,0,3.0,3.0,17.2,0.0,10.2,3.6666666666666665
24,,Guanyu Zhou,ZHO,Sauber,18.0,19.0,0.0,Lapped,,,,0 days 00:01:03.598000,2024,13,Hungarian Grand Prix,1,0,0,15.8,17.4,0.0,0.0,0.0,14.5
23,,Alexander Albon,ALB,Williams,10.0,12.0,0.0,Finished,,,,0 days 00:01:03.125000,2024,14,Belgian Grand Prix,1,0,0,14.6,13.6,0.4,0.2,0.2,12.0
14,,Fernando Alonso,ALO,Aston Martin,8.0,8.0,4.0,Finished,,,,0 days 00:00:49.437000,2024,14,Belgian Grand Prix,1,0,0,11.0,9.6,2.4,0.0,2.5,7.0
77,,Valtteri Bottas,BOT,Sauber,14.0,15.0,0.0,Finished,,,,0 days 00:01:10.112000,2024,14,Belgian Grand Prix,1,0,0,15.2,15.4,0.0,0.0,0.0,14.333333333333334
10,,Pierre Gasly,GAS,Alpine F1 Team,12.0,13.0,0.0,Finished,,,,0 days 00:01:03.839000,2024,14,Belgian Grand Prix,1,0,0,13.6,14.8,1.0,0.4,0.7,8.666666666666666
44,,Lewis Hamilton,HAM,Mercedes,3.0,1.0,25.0,Finished,,,,0 days 01:19:57.566000,2024,14,Belgian Grand Prix,1,1,1,3.0,4.4,16.0,0.0,13.7,9.0
27,,Nico Hülkenberg,HUL,Haas F1 Team,16.0,18.0,0.0,Finished,,,,0 days 00:01:28.307000,2024,14,Belgian Grand Prix,1,0,0,9.4,11.2,3.2,0.0,2.0,18.0
16,,Charles Leclerc,LEC,Ferrari,1.0,3.0,15.0,Finished,,,,0 days 00:00:08.023000,2024,14,Belgian Grand Prix,1,1,0,10.6,7.8,4.4,0.2,6.4,5.666666666666667
20,,Kevin Magnussen,MAG,Haas F1 Team,17.0,14.0,0.0,Finished,,,,0 days 00:01:06.105000,2024,14,Belgian Grand Prix,1,0,0,12.8,14.8,0.8,0.0,2.0,15.5
4,,Lando Norris,NOR,McLaren,4.0,5.0,10.0,Finished,,,,0 days 00:00:09.324000,2024,14,Belgian Grand Prix,1,0,0,5.8,2.0,14.0,0.0,14.1,11.0
31,,Esteban Ocon,OCO,Alpine F1 Team,9.0,9.0,2.0,Finished,,,,0 days 00:00:52.026000,2024,14,Belgian Grand Prix,1,0,0,13.2,14.6,0.4,0.0,0.5,7.333333333333333
11,,Sergio Pérez,PER,Red Bull,2.0,7.0,7.0,Finished,,,,0 days 00:00:42.669000,2024,14,Belgian Grand Prix,1,0,0,11.4,14.2,3.2,0.2,10.4,7.666666666666667
81,,Oscar Piastri,PIA,McLaren,5.0,2.0,18.0,Finished,,,,0 days 00:00:00.647000,2024,14,Belgian Grand Prix,1,1,0,3.8,5.4,14.2,0.0,13.3,20.0
3,,Daniel Ricciardo,RIC,RB F1 Team,13.0,10.0,1.0,Finished,,,,0 days 00:00:54.400000,2024,14,Belgian Grand Prix,1,0,0,11.4,11.6,1.2,0.0,0.9,11.666666666666666
63,,George Russell,RUS,Mercedes,6.0,20.0,0.0,Disqualified,,,,,2024,14,Belgian Grand Prix,0,0,0,7.0,5.2,11.4,0.2,14.9,4.0
55,,Carlos Sainz,SAI,Ferrari,7.0,6.0,8.0,Finished,,,,0 days 00:00:19.269000,2024,14,Belgian Grand Prix,1,0,0,7.2,6.6,8.4,0.2,7.9,10.666666666666666
2,,Logan Sargeant,SAR,Williams,18.0,17.0,0.0,Finished,,,,0 days 00:01:25.531000,2024,14,Belgian Grand Prix,1,0,0,17.4,15.4,0.0,0.2,0.2,17.0
18,,Lance Stroll,STR,Aston Martin,15.0,11.0,0.0,Finished,,,,0 days 00:01:02.485000,2024,14,Belgian Grand Prix,1,0,0,10.2,11.2,2.6,0.0,2.1,13.333333333333334
22,,Yuki Tsunoda,TSU,RB F1 Team,20.0,16.0,0.0,Finished,,,,0 days 00:01:16.211000,2024,14,Belgian Grand Prix,1,0,0,13.2,12.4,0.6,0.0,0.6,12.666666666666666
1,,Max Verstappen,VER,Red Bull,11.0,4.0,12.0,Finished,,,,0 days 00:00:08.700000,2024,14,Belgian Grand Prix,1,0,0,2.8,2.4,17.6,0.0,11.1,1.0
24,,Guanyu Zhou,ZHO,Sauber,19.0,19.0,0.0,Retired,,,,,2024,14,Belgian Grand Prix,0,0,0,16.4,17.4,0.0,0.0,0.0,13.5
23,,Alexander Albon,ALB,Williams,19.0,14.0,0.0,Lapped,,,,0 days 00:00:40.711000,2024,15,Dutch Grand Prix,1,0,0,13.6,13.6,0.4,0.0,0.2,10.0
14,,Fernando Alonso,ALO,Aston Martin,7.0,10.0,1.0,Lapped,,,,0 days 00:00:13.533000,2024,15,Dutch Grand Prix,1,0,0,11.4,10.0,1.6,0.0,1.5,4.666666666666667
77,,Valtteri Bottas,BOT,Sauber,16.0,19.0,0.0,Lapped,,,,0 days 00:00:03.248000,2024,15,Dutch Grand Prix,1,0,0,15.6,14.4,0.0,0.0,0.0,12.0
10,,Pierre Gasly,GAS,Alpine F1 Team,9.0,9.0,2.0,Lapped,,,,0 days 00:00:08.604000,2024,15,Dutch Grand Prix,1,0,0,14.4,14.2,0.6,0.4,0.6,6.0
44,,Lewis Hamilton,HAM,Mercedes,14.0,8.0,4.0,Finished,,,,0 days 00:00:49.599000,2024,15,Dutch Grand Prix,1,0,0,2.4,3.6,18.4,0.0,13.4,4.0
27,,Nico Hülkenberg,HUL,Haas F1 Team,12.0,11.0,0.0,Lapped,,,,0 days 00:00:19.214000,2024,15,Dutch Grand Prix,1,0,0,10.8,11.0,3.2,0.0,2.0,12.0
16,,Charles Leclerc,LEC,Ferrari,6.0,3.0,15.0,Finished,,,,0 days 00:00:25.439000,2024,15,Dutch Grand Prix,1,1,0,7.4,5.8,7.4,0.0,8.7,9.0
20,,Kevin Magnussen,MAG,Haas F1 Team,20.0,18.0,0.0,Lapped,,,,0 days 00:01:05.707000,2024,15,Dutch Grand Prix,1,0,0,13.2,15.4,0.8,0.0,2.0,15.5
4,,Lando Norris,NOR,McLaren,1.0,1.0,26.0,Finished,,,,0 days 01:30:45.519000,2024,15,Dutch Grand Prix,1,1,1,6.4,2.2,12.4,0.0,14.1,8.0
31,,Esteban Ocon,OCO,Alpine F1 Team,15.0,15.0,0.0,Lapped,,,,0 days 00:00:46.878000,2024,15,Dutch Grand Prix,1,0,0,13.0,12.8,0.6,0.0,0.6,9.333333333333334
11,,Sergio Pérez,PER,Red Bull,5.0,6.0,8.0,Finished,,,,0 days 00:00:39.542000,2024,15,Dutch Grand Prix,1,0,0,9.2,11.4,4.6,0.0,9.8,5.666666666666667
81,,Oscar Piastri,PIA,McLaren,3.0,4.0,12.0,Finished,,,,0 days 00:00:27.337000,2024,15,Dutch Grand Prix,1,0,0,3.2,5.6,15.8,0.0,14.8,9.0
3,,Daniel Ricciardo,RIC,RB F1 Team,13.0,12.0,0.0,Lapped,,,,0 days 00:00:21.067000,2024,15,Dutch Grand Prix,1,0,0,11.8,13.2,0.6,0.0,0.6,14.0
63,,George Russell,RUS,Mercedes,4.0,7.0,6.0,Finished,,,,0 days 00:00:44.617000,2024,15,Dutch Grand Prix,1,0,0,10.4,6.2,8.4,0.4,12.3,12.0
55,,Carlos Sainz,SAI,Ferrari,10.0,5.0,10.0,Finished,,,,0 days 00:00:32.137000,2024,15,Dutch Grand Prix,1,0,0,5.2,5.6,10.0,0.0,9.2,6.666666666666667
2,,Logan Sargeant,SAR,Williams,18.0,16.0,0.0,Lapped,,,,0 days 00:01:04.539000,2024,15,Dutch Grand Prix,1,0,0,16.8,16.4,0.0,0.0,0.2,20.0
18,,Lance Stroll,STR,Aston Martin,8.0,13.0,0.0,Lapped,,,,0 days 00:00:25.712000,2024,15,Dutch Grand Prix,1,0,0,11.0,12.4,1.4,0.0,1.6,11.0
22,,Yuki Tsunoda,TSU,RB F1 Team,11.0,17.0,0.0,Lapped,,,,0 days 00:01:05.146000,2024,15,Dutch Grand Prix,1,0,0,13.6,14.8,0.6,0.0,0.6,18.0
1,,Max Verstappen,VER,Red Bull,2.0,2.0,18.0,Finished,,,,0 days 00:00:22.896000,2024,15,Dutch Grand Prix,1,1,0,3.4,4.2,15.0,0.0,10.2,1.0
24,,Guanyu Zhou,ZHO,Sauber,17.0,20.0,0.0,Lapped,,,,0 days 00:00:36.019000,2024,15,Dutch Grand Prix,1,0,0,17.2,17.2,0.0,0.2,0.0,17.0
23,,Alexander Albon,ALB,Williams,9.0,9.0,2.0,Finished,,,,0 days 00:01:07.456000,2024,16,Italian Grand Prix,1,0,0,12.8,13.4,0.4,0.0,0.2,7.0
14,,Fernando Alonso,ALO,Aston Martin,11.0,11.0,0.0,Finished,,,,0 days 00:01:08.495000,2024,16,Italian Grand Prix,1,0,0,11.0,9.4,1.8,0.0,1.6,12.0
77,,Valtteri Bottas,BOT,Sauber,19.0,16.0,0.0,Lapped,,,,0 days 00:00:27.211000,2024,16,Italian Grand Prix,1,0,0,16.2,15.2,0.0,0.0,0.0,8.666666666666666
43,,Franco Colapinto,COL,Williams,18.0,12.0,0.0,Finished,,,,0 days 00:01:21.308000,2024,16,Italian Grand Prix,1,0,0,,,,,0.4,
10,,Pierre Gasly,GAS,Alpine F1 Team,14.0,15.0,0.0,Lapped,,,,0 days 00:00:18.344000,2024,16,Italian Grand Prix,1,0,0,14.4,14.6,0.6,0.4,0.5,14.0
44,,Lewis Hamilton,HAM,Mercedes,6.0,5.0,10.0,Finished,,,,0 days 00:00:22.820000,2024,16,Italian Grand Prix,1,0,0,3.4,5.8,16.2,0.0,11.7,9.333333333333334
27,,Nico Hülkenberg,HUL,Haas F1 Team,10.0,17.0,0.0,Lapped,,,,0 days 00:00:30.870000,2024,16,Italian Grand Prix,1,0,0,10.8,10.8,3.2,0.0,2.0,17.0
16,,Charles Leclerc,LEC,Ferrari,4.0,1.0,25.0,Finished,,,,0 days 01:14:40.727000,2024,16,Italian Grand Prix,1,1,1,7.0,6.0,8.4,0.0,9.4,3.3333333333333335
20,,Kevin Magnussen,MAG,Haas F1 Team,13.0,10.0,1.0,Finished,,,,0 days 00:01:08.302000,2024,16,Italian Grand Prix,1,0,0,13.4,16.2,0.8,0.0,1.2,17.0
4,,Lando Norris,NOR,McLaren,1.0,3.0,16.0,Finished,,,,0 days 00:00:06.153000,2024,16,Italian Grand Prix,1,1,0,6.2,2.2,13.8,0.0,15.4,5.666666666666667
31,,Esteban Ocon,OCO,Alpine F1 Team,15.0,14.0,0.0,Lapped,,,,0 days 00:00:12.659000,2024,16,Italian Grand Prix,1,0,0,14.0,14.2,0.4,0.0,0.4,13.333333333333334
11,,Sergio Pérez,PER,Red Bull,8.0,8.0,4.0,Finished,,,,0 days 00:00:54.148000,2024,16,Italian Grand Prix,1,0,0,8.8,10.2,5.4,0.0,9.5,4.333333333333333
81,,Oscar Piastri,PIA,McLaren,2.0,2.0,18.0,Finished,,,,0 days 00:00:02.664000,2024,16,Italian Grand Prix,1,1,0,2.6,4.4,17.0,0.0,17.0,12.0
3,,Daniel Ricciardo,RIC,RB F1 Team,12.0,13.0,0.0,Finished,,,,0 days 00:01:33.452000,2024,16,Italian Grand Prix,1,0,0,11.2,12.2,0.6,0.0,0.6,9.0
63,,George Russell,RUS,Mercedes,3.0,7.0,6.0,Finished,,,,0 days 00:00:39.715000,2024,16,Italian Grand Prix,1,0,0,11.0,6.2,7.2,0.4,11.5,5.666666666666667
55,,Carlos Sainz,SAI,Ferrari,5.0,4.0,12.0,Finished,,,,0 days 00:00:15.621000,2024,16,Italian Grand Prix,1,0,0,5.0,6.4,10.4,0.0,11.9,4.333333333333333
18,,Lance Stroll,STR,Aston Martin,17.0,19.0,0.0,Lapped,,,,0 days 00:00:43.508000,2024,16,Italian Grand Prix,1,0,0,10.8,11.2,1.4,0.0,1.6,13.666666666666666
22,,Yuki Tsunoda,TSU,RB F1 Team,16.0,20.0,0.0,Retired,,,,,2024,16,Italian Grand Prix,0,0,0,13.2,13.6,0.6,0.0,0.4,18.0
1,,Max Verstappen,VER,Red Bull,7.0,6.0,8.0,Finished,,,,0 days 00:00:37.932000,2024,16,Italian Grand Prix,1,0,0,3.6,4.2,13.6,0.0,9.3,6.666666666666667
24,,Guanyu Zhou,ZHO,Sauber,20.0,18.0,0.0,Lapped,,,,0 days 00:00:40.055000,2024,16,Italian Grand Prix,1,0,0,18.6,17.6,0.0,0.2,0.0,12.0
23,,Alexander Albon,ALB,Williams,9.0,7.0,6.0,Finished,,,,0 days 00:01:27.396000,2024,17,Azerbaijan Grand Prix,1,0,0,11.6,12.0,0.8,0.0,0.4,12.0
14,,Fernando Alonso,ALO,Aston Martin,7.0,6.0,8.0,Finished,,,,0 days 00:01:25.468000,2024,17,Azerbaijan Grand Prix,1,0,0,9.6,8.6,1.8,0.0,1.6,5.666666666666667
50,,Oliver Bearman,BEA,Haas F1 Team,10.0,10.0,1.0,Finished,,,,0 days 00:01:33.127000,2024,17,Azerbaijan Grand Prix,1,0,0,7.0,11.0,6.0,0.0,0.9,
77,,Valtteri Bottas,BOT,Sauber,16.0,16.0,0.0,Lapped,,,,0 days 00:00:25.395000,2024,17,Azerbaijan Grand Prix,1,0,0,16.2,15.4,0.0,0.0,0.0,13.666666666666666
43,,Franco Colapinto,COL,Williams,8.0,8.0,4.0,Finished,,,,0 days 00:01:29.541000,2024,17,Azerbaijan Grand Prix,1,0,0,12.0,18.0,0.0,0.0,0.8,
10,,Pierre Gasly,GAS,Alpine F1 Team,18.0,12.0,0.0,Finished,,,,0 days 00:01:57.189000,2024,17,Azerbaijan Grand Prix,1,0,0,15.4,14.8,0.4,0.4,0.4,7.333333333333333
44,,Lewis Hamilton,HAM,Mercedes,19.0,9.0,2.0,Finished,,,,0 days 00:01:32.401000,2024,17,Azerbaijan Grand Prix,1,0,0,3.6,6.0,15.8,0.0,9.6,8.333333333333334
27,,Nico Hülkenberg,HUL,Haas F1 Team,12.0,11.0,0.0,Finished,,,,0 days 00:01:33.465000,2024,17,Azerbaijan Grand Prix,1,0,0,13.0,11.0,1.6,0.0,0.2,17.0
16,,Charles Leclerc,LEC,Ferrari,1.0,2.0,18.0,Finished,,,,0 days 00:00:10.910000,2024,17,Azerbaijan Grand Prix,1,1,0,5.0,5.6,13.4,0.0,11.6,8.666666666666666
4,,Lando Norris,NOR,McLaren,15.0,4.0,13.0,Finished,,,,0 days 00:00:36.143000,2024,17,Azerbaijan Grand Prix,1,0,0,2.8,2.0,17.0,0.0,17.0,7.666666666666667
31,,Esteban Ocon,OCO,Alpine F1 Team,20.0,15.0,0.0,Lapped,,,,0 days 00:00:21.344000,2024,17,Azerbaijan Grand Prix,1,0,0,14.4,15.2,0.4,0.0,0.4,15.0
11,,Sergio Pérez,PER,Red Bull,4.0,17.0,0.0,Retired,,,,,2024,17,Azerbaijan Grand Prix,0,0,0,9.0,10.2,5.0,0.0,9.1,1.3333333333333333
81,,Oscar Piastri,PIA,McLaren,2.0,1.0,25.0,Finished,,,,0 days 01:32:58.007000,2024,17,Azerbaijan Grand Prix,1,1,1,2.6,3.4,17.0,0.0,16.8,11.0
3,,Daniel Ricciardo,RIC,RB F1 Team,14.0,13.0,0.0,Finished,,,,0 days 00:02:26.907000,2024,17,Azerbaijan Grand Prix,1,0,0,12.0,12.4,0.2,0.0,0.4,8.5
63,,George Russell,RUS,Mercedes,5.0,3.0,15.0,Finished,,,,0 days 00:00:31.328000,2024,17,Azerbaijan Grand Prix,1,1,0,12.2,6.2,3.4,0.4,7.3,9.333333333333334
55,,Carlos Sainz,SAI,Ferrari,3.0,18.0,0.0,Retired,,,,,2024,17,Azerbaijan Grand Prix,0,0,0,5.2,6.6,9.8,0.0,13.4,11.0
18,,Lance Stroll,STR,Aston Martin,13.0,19.0,0.0,Retired,,,,,2024,17,Azerbaijan Grand Prix,0,0,0,12.0,11.2,1.4,0.0,2.0,14.0
22,,Yuki Tsunoda,TSU,RB F1 Team,11.0,20.0,0.0,Retired,,,,,2024,17,Azerbaijan Grand Prix,0,0,0,14.4,14.0,0.6,0.2,0.4,10.0
1,,Max Verstappen,VER,Red Bull,6.0,5.0,10.0,Finished,,,,0 days 00:01:17.098000,2024,17,Azerbaijan Grand Prix,1,0,0,3.8,5.4,13.2,0.0,9.1,7.0
24,,Guanyu Zhou,ZHO,Sauber,17.0,14.0,0.0,Finished,,,,0 days 00:02:28.841000,2024,17,Azerbaijan Grand Prix,1,0,0,18.8,17.6,0.0,0.2,0.0,18.5
23,,Alexander Albon,ALB,Williams,11.0,20.0,0.0,Retired,,,,,2024,18,Singapore Grand Prix,0,0,0,11.2,12.0,1.6,0.0,1.2,14.0
14,,Fernando Alonso,ALO,Aston Martin,7.0,8.0,4.0,Lapped,,,,0 days 00:00:00.873000,2024,18,Singapore Grand Prix,1,0,0,9.2,8.0,2.6,0.0,1.4,16.5
77,,Valtteri Bottas,BOT,Sauber,19.0,16.0,0.0,Lapped,,,,0 days 00:00:57.829000,2024,18,Singapore Grand Prix,1,0,0,16.4,15.4,0.0,0.0,0.0,14.0
43,,Franco Colapinto,COL,Williams,12.0,11.0,0.0,Lapped,,,,0 days 00:00:06.284000,2024,18,Singapore Grand Prix,1,0,0,10.0,13.0,2.0,0.0,1.2,
10,,Pierre Gasly,GAS,Alpine F1 Team,18.0,17.0,0.0,Lapped,,,,0 days 00:00:59.059000,2024,18,Singapore Grand Prix,1,0,0,13.8,14.6,0.4,0.2,0.4,8.0
44,,Lewis Hamilton,HAM,Mercedes,3.0,6.0,8.0,Finished,,,,0 days 00:01:25.248000,2024,18,Singapore Grand Prix,1,0,0,5.2,9.4,11.2,0.0,8.8,6.0
27,,Nico Hülkenberg,HUL,Haas F1 Team,6.0,9.0,2.0,Lapped,,,,0 days 00:00:03.140000,2024,18,Singapore Grand Prix,1,0,0,14.0,12.2,0.0,0.0,0.2,13.0
16,,Charles Leclerc,LEC,Ferrari,9.0,5.0,10.0,Finished,,,,0 days 00:01:02.430000,2024,18,Singapore Grand Prix,1,0,0,2.6,3.6,17.0,0.0,12.3,3.0
20,,Kevin Magnussen,MAG,Haas F1 Team,14.0,19.0,0.0,Retired,,,,,2024,18,Singapore Grand Prix,0,0,0,13.8,16.4,0.2,0.0,0.4,11.0
4,,Lando Norris,NOR,McLaren,1.0,1.0,25.0,Finished,,,,0 days 01:40:52.571000,2024,18,Singapore Grand Prix,1,1,1,3.0,4.4,16.6,0.0,18.1,3.0
31,,Esteban Ocon,OCO,Alpine F1 Team,15.0,13.0,0.0,Lapped,,,,0 days 00:00:44.005000,2024,18,Singapore Grand Prix,1,0,0,14.2,15.6,0.4,0.0,0.4,17.0
11,,Sergio Pérez,PER,Red Bull,13.0,10.0,1.0,Lapped,,,,0 days 00:00:04.624000,2024,18,Singapore Grand Prix,1,0,0,9.0,7.0,5.0,0.2,8.3,4.5
81,,Oscar Piastri,PIA,McLaren,5.0,3.0,15.0,Finished,,,,0 days 00:00:41.823000,2024,18,Singapore Grand Prix,1,1,0,2.0,2.8,19.6,0.0,18.8,7.0
3,,Daniel Ricciardo,RIC,RB F1 Team,16.0,18.0,0.0,Lapped,,,,0 days 00:01:29.796000,2024,18,Singapore Grand Prix,1,0,0,12.0,12.2,0.2,0.0,0.3,5.0
63,,George Russell,RUS,Mercedes,4.0,4.0,12.0,Finished,,,,0 days 00:01:01.040000,2024,18,Singapore Grand Prix,1,0,0,9.0,7.0,6.4,0.2,8.1,15.0
55,,Carlos Sainz,SAI,Ferrari,10.0,7.0,6.0,Finished,,,,0 days 00:01:36.039000,2024,18,Singapore Grand Prix,1,0,0,7.8,5.8,7.6,0.2,12.1,2.0
18,,Lance Stroll,STR,Aston Martin,17.0,14.0,0.0,Lapped,,,,0 days 00:00:47.571000,2024,18,Singapore Grand Prix,1,0,0,14.4,12.2,0.2,0.2,1.8,13.0
22,,Yuki Tsunoda,TSU,RB F1 Team,8.0,12.0,0.0,Lapped,,,,0 days 00:00:08.792000,2024,18,Singapore Grand Prix,1,0,0,16.4,13.6,0.4,0.4,0.3,17.0
1,,Max Verstappen,VER,Red Bull,2.0,2.0,18.0,Finished,,,,0 days 00:00:20.945000,2024,18,Singapore Grand Prix,1,1,0,4.4,5.8,11.6,0.0,7.8,6.0
24,,Guanyu Zhou,ZHO,Sauber,20.0,15.0,0.0,Lapped,,,,0 days 00:00:57.220000,2024,18,Singapore Grand Prix,1,0,0,18.0,18.2,0.0,0.2,0.0,16.0
23,,Alexander Albon,ALB,Williams,14.0,16.0,0.0,Lapped,,,,0 days 00:00:18.092000,2024,19,United States Grand Prix,1,0,0,12.4,11.6,1.6,0.2,1.2,11.0
14,,Fernando Alonso,ALO,Aston Martin,7.0,13.0,0.0,Lapped,,,,0 days 00:00:01.726000,2024,19,United States Grand Prix,1,0,0,8.6,8.0,3.4,0.0,1.7,13.666666666666666
77,,Valtteri Bottas,BOT,Sauber,16.0,17.0,0.0,Lapped,,,,0 days 00:00:34.333000,2024,19,United States Grand Prix,1,0,0,16.4,16.8,0.0,0.0,0.0,12.333333333333334
43,,Franco Colapinto,COL,Williams,15.0,10.0,1.0,Finished,,,,0 days 00:01:11.979000,2024,19,United States Grand Prix,1,0,0,10.333333333333334,12.666666666666666,1.3333333333333333,0.0,1.2,
10,,Pierre Gasly,GAS,Alpine F1 Team,6.0,12.0,0.0,Finished,,,,0 days 00:01:30.558000,2024,19,United States Grand Prix,1,0,0,13.2,14.2,0.4,0.0,0.4,13.333333333333334
44,,Lewis Hamilton,HAM,Mercedes,17.0,20.0,0.0,Retired,,,,,2024,19,United States Grand Prix,0,0,0,5.8,9.0,9.8,0.0,8.8,7.666666666666667
27,,Nico Hülkenberg,HUL,Haas F1 Team,11.0,8.0,4.0,Finished,,,,0 days 00:01:02.957000,2024,19,United States Grand Prix,1,0,0,13.2,11.2,0.4,0.0,0.4,11.0
30,,Liam Lawson,LAW,RB F1 Team,19.0,9.0,2.0,Finished,,,,0 days 00:01:10.563000,2024,19,United States Grand Prix,1,0,0,12.2,13.8,0.4,0.0,0.1,
16,,Charles Leclerc,LEC,Ferrari,4.0,1.0,25.0,Finished,,,,0 days 01:35:09.639000,2024,19,United States Grand Prix,1,1,1,2.8,4.2,16.6,0.0,11.9,9.0
20,,Kevin Magnussen,MAG,Haas F1 Team,8.0,11.0,0.0,Finished,,,,0 days 00:01:19.782000,2024,19,United States Grand Prix,1,0,0,15.2,15.8,0.2,0.2,0.8,11.5
4,,Lando Norris,NOR,McLaren,1.0,4.0,12.0,Finished,,,,0 days 00:00:20.354000,2024,19,United States Grand Prix,1,0,0,2.8,4.4,18.0,0.0,17.8,5.333333333333333
31,,Esteban Ocon,OCO,Alpine F1 Team,12.0,18.0,0.0,Lapped,,,,0 days 00:00:42.112000,2024,19,United States Grand Prix,1,0,0,13.2,14.8,0.4,0.0,0.4,16.0
11,,Sergio Pérez,PER,Red Bull,9.0,7.0,6.0,Finished,,,,0 days 00:00:59.072000,2024,19,United States Grand Prix,1,0,0,9.6,6.4,4.0,0.2,8.6,3.6666666666666665
81,,Oscar Piastri,PIA,McLaren,5.0,5.0,10.0,Finished,,,,0 days 00:00:21.921000,2024,19,United States Grand Prix,1,0,0,2.4,3.4,17.6,0.0,18.0,17.0
63,,George Russell,RUS,Mercedes,20.0,6.0,8.0,Finished,,,,0 days 00:00:56.295000,2024,19,United States Grand Prix,1,0,0,8.2,4.4,7.8,0.2,6.3,8.0
55,,Carlos Sainz,SAI,Ferrari,3.0,2.0,18.0,Finished,,,,0 days 00:00:08.562000,2024,19,United States Grand Prix,1,1,0,8.0,7.0,7.2,0.2,12.9,10.0
18,,Lance Stroll,STR,Aston Martin,13.0,15.0,0.0,Lapped,,,,0 days 00:00:16.983000,2024,19,United States Grand Prix,1,0,0,15.2,14.0,0.0,0.2,1.3,12.333333333333334
22,,Yuki Tsunoda,TSU,RB F1 Team,10.0,14.0,0.0,Lapped,,,,0 days 00:00:08.212000,2024,19,United States Grand Prix,1,0,0,17.0,13.2,0.0,0.4,0.2,9.0
1,,Max Verstappen,VER,Red Bull,2.0,3.0,15.0,Finished,,,,0 days 00:00:19.412000,2024,19,United States Grand Prix,1,1,0,3.8,5.6,13.2,0.0,8.5,1.0
24,,Guanyu Zhou,ZHO,Sauber,18.0,19.0,0.0,Lapped,,,,0 days 00:00:49.240000,2024,19,United States Grand Prix,1,0,0,17.2,18.6,0.0,0.2,0.0,12.5
23,,Alexander Albon,ALB,Williams,9.0,19.0,0.0,Retired,,,,,2024,20,Mexico City Grand Prix,0,0,0,13.2,12.4,1.6,0.2,1.3,10.5
14,,Fernando Alonso,ALO,Aston Martin,13.0,18.0,0.0,Retired,,,,,2024,20,Mexico City Grand Prix,0,0,0,9.6,7.8,2.6,0.0,1.3,15.333333333333334
77,,Valtteri Bottas,BOT,Sauber,15.0,14.0,0.0,Lapped,,,,0 days 00:00:42.227000,2024,20,Mexico City Grand Prix,1,0,0,16.8,17.2,0.0,0.0,0.0,13.333333333333334
43,,Franco Colapinto,COL,Williams,16.0,12.0,0.0,Lapped,,,,0 days 00:00:37.497000,2024,20,Mexico City Grand Prix,1,0,0,10.25,13.25,1.25,0.0,1.3,
10,,Pierre Gasly,GAS,Alpine F1 Team,8.0,10.0,1.0,Lapped,,,,0 days 00:00:18.587000,2024,20,Mexico City Grand Prix,1,0,0,13.0,13.0,0.4,0.0,0.2,8.666666666666666
44,,Lewis Hamilton,HAM,Mercedes,6.0,4.0,12.0,Finished,,,,0 days 00:00:44.780000,2024,20,Mexico City Grand Prix,1,0,0,9.6,11.8,4.8,0.2,7.1,2.0
27,,Nico Hülkenberg,HUL,Haas F1 Team,10.0,9.0,2.0,Lapped,,,,0 days 00:00:02.720000,2024,20,Mexico City Grand Prix,1,0,0,11.2,10.2,1.2,0.0,0.8,13.0
30,,Liam Lawson,LAW,RB F1 Team,12.0,16.0,0.0,Lapped,,,,0 days 00:01:04.466000,2024,20,Mexico City Grand Prix,1,0,0,11.4,13.8,0.8,0.0,0.2,
16,,Charles Leclerc,LEC,Ferrari,4.0,3.0,16.0,Finished,,,,0 days 00:00:34.387000,2024,20,Mexico City Grand Prix,1,1,0,2.4,4.8,18.6,0.0,13.9,4.666666666666667
20,,Kevin Magnussen,MAG,Haas F1 Team,7.0,7.0,6.0,Finished,,,,0 days 00:01:03.642000,2024,20,Mexico City Grand Prix,1,0,0,14.4,14.4,0.2,0.2,1.0,18.0
4,,Lando Norris,NOR,McLaren,3.0,2.0,18.0,Finished,,,,0 days 00:00:04.705000,2024,20,Mexico City Grand Prix,1,1,0,2.6,3.8,18.4,0.0,17.2,8.0
31,,Esteban Ocon,OCO,Alpine F1 Team,0.0,13.0,0.0,Lapped,,,,0 days 00:00:39.663000,2024,20,Mexico City Grand Prix,1,0,0,15.0,15.4,0.0,0.0,0.1,10.333333333333334
11,,Sergio Pérez,PER,Red Bull,18.0,17.0,0.0,Lapped,,,,0 days 00:01:13.284000,2024,20,Mexico City Grand Prix,1,0,0,9.6,7.8,3.8,0.2,8.8,8.666666666666666
81,,Oscar Piastri,PIA,McLaren,17.0,8.0,4.0,Finished,,,,0 days 00:01:04.928000,2024,20,Mexico City Grand Prix,1,0,0,3.0,3.4,16.0,0.0,16.4,8.0
63,,George Russell,RUS,Mercedes,5.0,5.0,10.0,Finished,,,,0 days 00:00:48.536000,2024,20,Mexico City Grand Prix,1,0,0,5.4,7.2,9.4,0.0,7.9,8.666666666666666
55,,Carlos Sainz,SAI,Ferrari,1.0,1.0,25.0,Finished,,,,0 days 01:40:55.800000,2024,20,Mexico City Grand Prix,1,1,1,7.2,6.2,9.2,0.2,14.0,5.0
18,,Lance Stroll,STR,Aston Martin,14.0,11.0,0.0,Lapped,,,,0 days 00:00:25.072000,2024,20,Mexico City Grand Prix,1,0,0,16.0,13.6,0.0,0.2,1.2,15.333333333333334
22,,Yuki Tsunoda,TSU,RB F1 Team,11.0,20.0,0.0,Retired,,,,,2024,20,Mexico City Grand Prix,0,0,0,16.6,11.2,0.0,0.4,0.2,17.333333333333332
1,,Max Verstappen,VER,Red Bull,2.0,6.0,8.0,Finished,,,,0 days 00:00:59.558000,2024,20,Mexico City Grand Prix,1,0,0,3.6,3.8,13.8,0.0,8.0,1.0
24,,Guanyu Zhou,ZHO,Sauber,19.0,15.0,0.0,Lapped,,,,0 days 00:01:01.722000,2024,20,Mexico City Grand Prix,1,0,0,17.2,18.4,0.0,0.0,0.0,13.5
23,,Alexander Albon,ALB,Williams,7.0,18.0,0.0,Did not start,,,,,2024,21,São Paulo Grand Prix,0,0,0,14.2,10.4,1.6,0.4,1.3,17.0
14,,Fernando Alonso,ALO,Aston Martin,9.0,14.0,0.0,Finished,,,,0 days 00:01:18.049000,2024,21,São Paulo Grand Prix,1,0,0,11.2,9.0,2.4,0.2,1.2,5.666666666666667
50,,Oliver Bearman,BEA,Haas F1 Team,15.0,12.0,0.0,Finished,,,,0 days 00:00:57.085000,2024,21,São Paulo Grand Prix,1,0,0,8.5,10.5,3.5,0.0,1.6,
77,,Valtteri Bottas,BOT,Sauber,11.0,13.0,0.0,Finished,,,,0 days 00:01:03.588000,2024,21,São Paulo Grand Prix,1,0,0,15.8,17.0,0.0,0.0,0.0,9.333333333333334
43,,Franco Colapinto,COL,Williams,16.0,17.0,0.0,Retired,,,,,2024,21,São Paulo Grand Prix,0,0,0,10.6,13.8,1.0,0.0,1.1,
10,,Pierre Gasly,GAS,Alpine F1 Team,13.0,3.0,15.0,Finished,,,,0 days 00:00:22.532000,2024,21,São Paulo Grand Prix,1,1,0,13.2,12.8,0.2,0.0,0.1,9.333333333333334
44,,Lewis Hamilton,HAM,Mercedes,14.0,10.0,1.0,Finished,,,,0 days 00:00:50.753000,2024,21,São Paulo Grand Prix,1,0,0,8.8,10.2,6.4,0.2,8.3,3.6666666666666665
27,,Nico Hülkenberg,HUL,Haas F1 Team,18.0,20.0,0.0,Disqualified,,,,,2024,21,São Paulo Grand Prix,0,0,0,10.8,9.8,1.6,0.0,1.6,12.0
30,,Liam Lawson,LAW,RB F1 Team,5.0,9.0,2.0,Finished,,,,0 days 00:00:50.452000,2024,21,São Paulo Grand Prix,1,0,0,12.4,13.8,0.8,0.0,0.2,
16,,Charles Leclerc,LEC,Ferrari,6.0,5.0,10.0,Finished,,,,0 days 00:00:30.177000,2024,21,São Paulo Grand Prix,1,0,0,2.4,4.4,18.8,0.0,15.5,9.666666666666666
4,,Lando Norris,NOR,McLaren,1.0,6.0,8.0,Finished,,,,0 days 00:00:31.372000,2024,21,São Paulo Grand Prix,1,0,0,2.8,4.2,16.8,0.0,15.6,10.0
31,,Esteban Ocon,OCO,Alpine F1 Team,4.0,2.0,18.0,Finished,,,,0 days 00:00:19.477000,2024,21,São Paulo Grand Prix,1,1,0,14.6,12.4,0.0,0.0,1.6,8.666666666666666
11,,Sergio Pérez,PER,Red Bull,12.0,11.0,0.0,Finished,,,,0 days 00:00:51.531000,2024,21,São Paulo Grand Prix,1,0,0,11.8,10.4,2.2,0.2,7.0,5.0
81,,Oscar Piastri,PIA,McLaren,8.0,8.0,4.0,Finished,,,,0 days 00:00:44.943000,2024,21,São Paulo Grand Prix,1,0,0,3.8,6.2,14.4,0.0,14.8,14.0
63,,George Russell,RUS,Mercedes,2.0,4.0,12.0,Finished,,,,0 days 00:00:23.265000,2024,21,São Paulo Grand Prix,1,0,0,5.0,7.4,10.2,0.0,7.4,9.666666666666666
55,,Carlos Sainz,SAI,Ferrari,20.0,16.0,0.0,Retired,,,,,2024,21,São Paulo Grand Prix,0,0,0,6.4,4.4,12.2,0.2,14.0,5.0
18,,Lance Stroll,STR,Aston Martin,10.0,19.0,0.0,Did not start,,,,,2024,21,São Paulo Grand Prix,0,0,0,15.6,14.8,0.0,0.2,1.2,11.666666666666666
22,,Yuki Tsunoda,TSU,RB F1 Team,3.0,7.0,6.0,Finished,,,,0 days 00:00:42.056000,2024,21,São Paulo Grand Prix,1,0,0,17.2,11.2,0.0,0.6,0.4,13.666666666666666
1,,Max Verstappen,VER,Red Bull,17.0,1.0,26.0,Finished,,,,0 days 02:06:54.430000,2024,21,São Paulo Grand Prix,1,1,1,4.4,3.8,11.8,0.0,6.6,3.0
24,,Guanyu Zhou,ZHO,Sauber,19.0,15.0,0.0,Finished,,,,0 days 00:01:19.649000,2024,21,São Paulo Grand Prix,1,0,0,16.2,18.8,0.0,0.0,0.0,14.5
23,,Alexander Albon,ALB,Williams,17.0,19.0,0.0,Retired,,,,,2024,22,Las Vegas Grand Prix,0,0,0,16.0,10.0,1.2,0.6,1.1,12.0
14,,Fernando Alonso,ALO,Aston Martin,16.0,11.0,0.0,Finished,,,,0 days 00:01:09.195000,2024,22,Las Vegas Grand Prix,1,0,0,11.8,8.6,2.4,0.2,1.2,9.0
77,,Valtteri Bottas,BOT,Sauber,19.0,18.0,0.0,Lapped,,,,0 days 00:00:11.285000,2024,22,Las Vegas Grand Prix,1,0,0,15.2,15.4,0.0,0.0,0.0,17.0
43,,Franco Colapinto,COL,Williams,20.0,14.0,0.0,Finished,,,,0 days 00:01:15.172000,2024,22,Las Vegas Grand Prix,1,0,0,11.6,13.4,1.0,0.2,0.5,
10,,Pierre Gasly,GAS,Alpine F1 Team,3.0,20.0,0.0,Retired,,,,,2024,22,Las Vegas Grand Prix,0,0,0,10.8,12.6,3.2,0.0,3.4,11.0
44,,Lewis Hamilton,HAM,Mercedes,10.0,2.0,18.0,Finished,,,,0 days 00:00:07.313000,2024,22,Las Vegas Grand Prix,1,1,0,9.8,11.8,4.6,0.2,8.0,7.0
27,,Nico Hülkenberg,HUL,Haas F1 Team,9.0,8.0,4.0,Finished,,,,0 days 00:00:59.808000,2024,22,Las Vegas Grand Prix,1,0,0,11.4,11.4,1.6,0.2,1.5,19.0
30,,Liam Lawson,LAW,RB F1 Team,14.0,16.0,0.0,Finished,,,,0 days 00:01:31.005000,2024,22,Las Vegas Grand Prix,1,0,0,12.4,12.8,0.8,0.0,1.0,
16,,Charles Leclerc,LEC,Ferrari,4.0,4.0,12.0,Finished,,,,0 days 00:00:14.283000,2024,22,Las Vegas Grand Prix,1,0,0,3.2,4.8,15.8,0.0,12.8,2.0
20,,Kevin Magnussen,MAG,Haas F1 Team,12.0,12.0,0.0,Finished,,,,0 days 00:01:09.803000,2024,22,Las Vegas Grand Prix,1,0,0,13.0,12.4,1.4,0.2,1.8,13.0
4,,Lando Norris,NOR,McLaren,6.0,6.0,9.0,Finished,,,,0 days 00:00:43.385000,2024,22,Las Vegas Grand Prix,1,0,0,3.4,4.2,15.2,0.0,13.4,20.0
31,,Esteban Ocon,OCO,Alpine F1 Team,11.0,17.0,0.0,Lapped,,,,0 days 00:00:02.060000,2024,22,Las Vegas Grand Prix,1,0,0,12.2,10.2,3.6,0.0,3.4,4.0
11,,Sergio Pérez,PER,Red Bull,15.0,10.0,1.0,Finished,,,,0 days 00:01:03.114000,2024,22,Las Vegas Grand Prix,1,0,0,12.4,11.2,1.4,0.2,8.4,3.0
81,,Oscar Piastri,PIA,McLaren,8.0,7.0,6.0,Finished,,,,0 days 00:00:51.365000,2024,22,Las Vegas Grand Prix,1,0,0,5.0,7.4,11.6,0.0,13.0,10.0
63,,George Russell,RUS,Mercedes,1.0,1.0,25.0,Finished,,,,0 days 01:22:05.969000,2024,22,Las Vegas Grand Prix,1,1,1,4.4,7.2,11.4,0.0,9.6,8.0
55,,Carlos Sainz,SAI,Ferrari,2.0,3.0,15.0,Finished,,,,0 days 00:00:11.906000,2024,22,Las Vegas Grand Prix,1,1,0,8.8,7.4,9.8,0.4,12.2,6.0
18,,Lance Stroll,STR,Aston Martin,18.0,15.0,0.0,Finished,,,,0 days 00:01:24.102000,2024,22,Las Vegas Grand Prix,1,0,0,15.6,13.4,0.0,0.4,0.4,5.0
22,,Yuki Tsunoda,TSU,RB F1 Team,7.0,9.0,2.0,Finished,,,,0 days 00:01:02.808000,2024,22,Las Vegas Grand Prix,1,0,0,14.6,8.6,1.2,0.4,1.0,18.0
1,,Max Verstappen,VER,Red Bull,5.0,5.0,10.0,Finished,,,,0 days 00:00:16.582000,2024,22,Las Vegas Grand Prix,1,0,0,3.4,5.8,15.4,0.0,8.5,1.0
24,,Guanyu Zhou,ZHO,Sauber,13.0,13.0,0.0,Finished,,,,0 days 00:01:14.085000,2024,22,Las Vegas Grand Prix,1,0,0,15.6,18.6,0.0,0.0,0.0,15.0
23,,Alexander Albon,ALB,Williams,16.0,15.0,0.0,Lapped,,,,0 days 00:00:12.969000,2024,23,Qatar Grand Prix,1,0,0,18.4,11.6,0.0,0.8,0.1,13.0
14,,Fernando Alonso,ALO,Aston Martin,8.0,7.0,6.0,Finished,,,,0 days 00:00:19.867000,2024,23,Qatar Grand Prix,1,0,0,12.8,10.4,0.8,0.2,0.4,4.5
77,,Valtteri Bottas,BOT,Sauber,13.0,11.0,0.0,Finished,,,,0 days 00:00:50.243000,2024,23,Qatar Grand Prix,1,0,0,15.6,16.0,0.0,0.0,0.0,14.0
43,,Franco Colapinto,COL,Williams,19.0,19.0,0.0,Retired,,,,,2024,23,Qatar Grand Prix,0,0,0,12.8,15.8,0.2,0.2,0.1,
10,,Pierre Gasly,GAS,Alpine F1 Team,11.0,5.0,10.0,Finished,,,,0 days 00:00:16.782000,2024,23,Qatar Grand Prix,1,0,0,12.4,9.6,3.2,0.2,3.4,11.5
44,,Lewis Hamilton,HAM,Mercedes,6.0,12.0,0.0,Finished,,,,0 days 00:00:56.122000,2024,23,Qatar Grand Prix,1,0,0,8.4,10.0,7.8,0.2,10.6,10.0
27,,Nico Hülkenberg,HUL,Haas F1 Team,18.0,16.0,0.0,Retired,,,,,2024,23,Qatar Grand Prix,0,0,0,10.8,10.8,2.4,0.2,1.8,16.0
30,,Liam Lawson,LAW,RB F1 Team,17.0,14.0,0.0,Finished,,,,0 days 00:01:02.656000,2024,23,Qatar Grand Prix,1,0,0,13.4,13.4,0.8,0.0,1.2,17.0
16,,Charles Leclerc,LEC,Ferrari,5.0,2.0,18.0,Finished,,,,0 days 00:00:06.031000,2024,23,Qatar Grand Prix,1,1,0,3.6,5.4,14.6,0.0,13.7,6.5
20,,Kevin Magnussen,MAG,Haas F1 Team,10.0,9.0,2.0,Finished,,,,0 days 00:00:32.177000,2024,23,Qatar Grand Prix,1,0,0,11.8,10.8,1.4,0.2,1.6,14.0
4,,Lando Norris,NOR,McLaren,3.0,10.0,2.0,Finished,,,,0 days 00:00:35.762000,2024,23,Qatar Grand Prix,1,0,0,3.8,2.4,14.4,0.0,11.1,6.0
31,,Esteban Ocon,OCO,Alpine F1 Team,20.0,20.0,0.0,Retired,,,,,2024,23,Qatar Grand Prix,0,0,0,12.6,8.4,3.6,0.0,4.4,6.0
11,,Sergio Pérez,PER,Red Bull,9.0,17.0,0.0,Retired,,,,,2024,23,Qatar Grand Prix,0,0,0,11.0,13.4,1.6,0.0,8.5,7.0
81,,Oscar Piastri,PIA,McLaren,4.0,3.0,15.0,Finished,,,,0 days 00:00:06.819000,2024,23,Qatar Grand Prix,1,1,0,6.2,8.6,7.8,0.0,8.8,2.0
63,,George Russell,RUS,Mercedes,1.0,4.0,12.0,Finished,,,,0 days 00:00:14.104000,2024,23,Qatar Grand Prix,1,0,0,4.0,6.4,13.4,0.0,9.8,10.5
55,,Carlos Sainz,SAI,Ferrari,7.0,6.0,8.0,Finished,,,,0 days 00:00:17.476000,2024,23,Qatar Grand Prix,1,0,0,5.8,7.2,12.8,0.2,14.5,13.5
18,,Lance Stroll,STR,Aston Martin,15.0,18.0,0.0,Retired,,,,,2024,23,Qatar Grand Prix,0,0,0,14.8,14.4,0.0,0.2,0.6,8.5
22,,Yuki Tsunoda,TSU,RB F1 Team,14.0,13.0,0.0,Finished,,,,0 days 00:01:01.100000,2024,23,Qatar Grand Prix,1,0,0,12.4,7.8,1.6,0.2,1.2,14.0
1,,Max Verstappen,VER,Red Bull,2.0,1.0,25.0,Finished,,,,0 days 01:31:05.323000,2024,23,Qatar Grand Prix,1,1,1,3.4,5.6,15.4,0.0,8.4,1.5
24,,Guanyu Zhou,ZHO,Sauber,12.0,8.0,4.0,Finished,,,,0 days 00:00:25.360000,2024,23,Qatar Grand Prix,1,0,0,15.4,17.8,0.0,0.0,0.0,9.0
23,,Alexander Albon,ALB,Williams,18.0,11.0,0.0,Lapped,,,,0 days 00:00:11.251000,2024,24,Abu Dhabi Grand Prix,1,0,0,17.4,12.6,0.0,0.6,0.1,13.5
14,,Fernando Alonso,ALO,Aston Martin,8.0,9.0,2.0,Finished,,,,0 days 00:01:22.373000,2024,24,Abu Dhabi Grand Prix,1,0,0,12.6,10.6,1.2,0.2,0.6,11.666666666666666
77,,Valtteri Bottas,BOT,Sauber,9.0,18.0,0.0,Retired,,,,,2024,24,Abu Dhabi Grand Prix,0,0,0,14.6,14.8,0.0,0.0,0.4,13.333333333333334
43,,Franco Colapinto,COL,Williams,20.0,19.0,0.0,Retired,,,,,2024,24,Abu Dhabi Grand Prix,0,0,0,14.4,17.2,0.2,0.4,0.1,
61,,Jack Doohan,DOO,Alpine F1 Team,17.0,15.0,0.0,Lapped,,,,0 days 00:00:26.555000,2024,24,Abu Dhabi Grand Prix,1,0,0,,,,,4.4,
10,,Pierre Gasly,GAS,Alpine F1 Team,5.0,7.0,6.0,Finished,,,,0 days 00:01:12.560000,2024,24,Abu Dhabi Grand Prix,1,0,0,10.0,8.2,5.2,0.2,4.4,10.666666666666666
44,,Lewis Hamilton,HAM,Mercedes,16.0,4.0,12.0,Finished,,,,0 days 00:00:36.483000,2024,24,Abu Dhabi Grand Prix,1,0,0,9.6,10.6,6.2,0.2,9.8,9.666666666666666
27,,Nico Hülkenberg,HUL,Haas F1 Team,7.0,8.0,4.0,Finished,,,,0 days 00:01:15.554000,2024,24,Abu Dhabi Grand Prix,1,0,0,12.2,13.2,2.0,0.4,1.8,15.0
30,,Liam Lawson,LAW,RB F1 Team,12.0,17.0,0.0,Retired,,,,,2024,24,Abu Dhabi Grand Prix,0,0,0,12.8,13.4,0.8,0.0,1.2,
16,,Charles Leclerc,LEC,Ferrari,19.0,3.0,15.0,Finished,,,,0 days 00:00:31.928000,2024,24,Abu Dhabi Grand Prix,1,1,0,3.0,4.6,16.2,0.0,14.7,4.666666666666667
20,,Kevin Magnussen,MAG,Haas F1 Team,14.0,16.0,0.0,Lapped,,,,0 days 00:01:17.597000,2024,24,Abu Dhabi Grand Prix,1,0,0,11.6,10.2,1.6,0.2,1.8,18.5
4,,Lando Norris,NOR,McLaren,1.0,1.0,25.0,Finished,,,,0 days 01:26:33.291000,2024,24,Abu Dhabi Grand Prix,1,1,1,5.6,2.8,9.8,0.0,8.8,6.0
11,,Sergio Pérez,PER,Red Bull,10.0,20.0,0.0,Retired,,,,,2024,24,Abu Dhabi Grand Prix,0,0,0,12.4,12.6,1.4,0.2,9.1,7.333333333333333
81,,Oscar Piastri,PIA,McLaren,2.0,10.0,1.0,Finished,,,,0 days 00:01:23.821000,2024,24,Abu Dhabi Grand Prix,1,0,0,6.2,8.4,7.8,0.0,10.1,6.0
63,,George Russell,RUS,Mercedes,6.0,5.0,10.0,Finished,,,,0 days 00:00:37.538000,2024,24,Abu Dhabi Grand Prix,1,0,0,4.0,5.8,13.4,0.0,11.0,8.666666666666666
55,,Carlos Sainz,SAI,Ferrari,3.0,2.0,18.0,Finished,,,,0 days 00:00:05.832000,2024,24,Abu Dhabi Grand Prix,1,1,0,5.6,6.6,13.2,0.2,13.7,8.333333333333334
18,,Lance Stroll,STR,Aston Martin,13.0,14.0,0.0,Lapped,,,,0 days 00:00:18.473000,2024,24,Abu Dhabi Grand Prix,1,0,0,15.6,14.0,0.0,0.4,0.8,10.333333333333334
22,,Yuki Tsunoda,TSU,RB F1 Team,11.0,12.0,0.0,Lapped,,,,0 days 00:00:14.738000,2024,24,Abu Dhabi Grand Prix,1,0,0,12.6,9.0,1.6,0.2,1.0,7.666666666666667
1,,Max Verstappen,VER,Red Bull,4.0,6.0,8.0,Finished,,,,0 days 00:00:49.847000,2024,24,Abu Dhabi Grand Prix,1,0,0,3.2,5.6,16.8,0.0,8.5,1.0
24,,Guanyu Zhou,ZHO,Sauber,15.0,13.0,0.0,Lapped,,,,0 days 00:00:17.304000,2024,24,Abu Dhabi Grand Prix,1,0,0,14.0,16.2,0.8,0.0,0.4,14.5
23,,Alexander Albon,ALB,Williams,6.0,5.0,10.0,Finished,,,,0 days 00:00:12.773000,2025,1,Australian Grand Prix,1,0,0,16.4,13.4,0.0,0.6,0.0,13.333333333333334
14,,Fernando Alonso,ALO,Aston Martin,12.0,17.0,0.0,Retired,,,,,2025,1,Australian Grand Prix,0,0,0,11.8,10.8,1.6,0.2,0.8,9.333333333333334
12,,Andrea Kimi Antonelli,ANT,Mercedes,16.0,4.0,12.0,Finished,,,,0 days 00:00:10.135000,2025,1,Australian Grand Prix,1,0,0,,,,,11.2,
87,,Oliver Bearman,BEA,Haas F1 Team,20.0,14.0,0.0,Finished,,,,0 days 00:00:40.351000,2025,1,Australian Grand Prix,1,0,0,9.666666666666666,12.0,2.3333333333333335,0.0,1.8,
5,,Gabriel Bortoleto,BOR,Sauber,15.0,16.0,0.0,Retired,,,,,2025,1,Australian Grand Prix,0,0,0,,,,,0.4,
7,,Jack Doohan,DOO,Alpine F1 Team,14.0,19.0,0.0,Retired,,,,,2025,1,Australian Grand Prix,0,0,0,15.0,17.0,0.0,0.0,5.0,
10,,Pierre Gasly,GAS,Alpine F1 Team,9.0,11.0,0.0,Finished,,,,0 days 00:00:26.502000,2025,1,Australian Grand Prix,1,0,0,9.0,8.0,6.4,0.2,4.9,11.666666666666666
6,,Isack Hadjar,HAD,RB F1 Team,11.0,20.0,0.0,Retired,,,,,2025,1,Australian Grand Prix,0,0,0,,,,,1.0,
44,,Lewis Hamilton,HAM,Ferrari,8.0,10.0,1.0,Finished,,,,0 days 00:00:22.473000,2025,1,Australian Grand Prix,1,0,0,6.4,10.4,8.6,0.0,13.7,8.0
27,,Nico Hülkenberg,HUL,Sauber,17.0,7.0,6.0,Finished,,,,0 days 00:00:18.423000,2025,1,Australian Grand Prix,1,0,0,12.2,12.4,2.0,0.4,0.4,8.0
30,,Liam Lawson,LAW,Red Bull,18.0,15.0,0.0,Retired,,,,,2025,1,Australian Grand Prix,0,0,0,14.4,12.0,0.4,0.2,7.8,
16,,Charles Leclerc,LEC,Ferrari,7.0,8.0,4.0,Finished,,,,0 days 00:00:19.826000,2025,1,Australian Grand Prix,1,0,0,3.4,7.6,14.2,0.0,12.2,7.666666666666667
4,,Lando Norris,NOR,McLaren,1.0,1.0,25.0,Finished,,,,0 days 01:42:06.304000,2025,1,Australian Grand Prix,1,1,1,5.0,2.8,12.4,0.0,9.2,4.666666666666667
31,,Esteban Ocon,OCO,Haas F1 Team,19.0,13.0,0.0,Finished,,,,0 days 00:00:33.161000,2025,1,Australian Grand Prix,1,0,0,14.0,9.4,3.6,0.2,1.6,12.333333333333334
81,,Oscar Piastri,PIA,McLaren,2.0,9.0,2.0,Finished,,,,0 days 00:00:20.448000,2025,1,Australian Grand Prix,1,0,0,7.2,7.8,6.0,0.0,9.9,6.0
63,,George Russell,RUS,Mercedes,4.0,3.0,15.0,Finished,,,,0 days 00:00:08.481000,2025,1,Australian Grand Prix,1,1,0,3.8,3.0,13.8,0.0,11.2,12.666666666666666
55,,Carlos Sainz,SAI,Williams,10.0,18.0,0.0,Retired,,,,,2025,1,Australian Grand Prix,0,0,0,5.6,6.6,13.2,0.2,1.0,11.0
18,,Lance Stroll,STR,Aston Martin,13.0,6.0,8.0,Finished,,,,0 days 00:00:17.413000,2025,1,Australian Grand Prix,1,0,0,15.4,14.0,0.0,0.4,0.8,7.333333333333333
22,,Yuki Tsunoda,TSU,RB F1 Team,5.0,12.0,0.0,Finished,,,,0 days 00:00:29.884000,2025,1,Australian Grand Prix,1,0,0,12.2,9.2,1.6,0.2,1.0,10.666666666666666
1,,Max Verstappen,VER,Red Bull,3.0,2.0,18.0,Finished,,,,0 days 00:00:00.895000,2025,1,Australian Grand Prix,1,1,0,3.8,6.0,15.4,0.0,7.8,12.666666666666666
23,,Alexander Albon,ALB,Williams,10.0,7.0,6.0,Finished,,,,0 days 00:00:56.321000,2025,2,Chinese Grand Prix,1,0,0,13.6,12.8,2.0,0.4,1.0,12.0
14,,Fernando Alonso,ALO,Aston Martin,13.0,17.0,0.0,Retired,,,,,2025,2,Chinese Grand Prix,0,0,0,11.6,10.6,1.6,0.2,1.6,7.0
12,,Andrea Kimi Antonelli,ANT,Mercedes,8.0,6.0,8.0,Finished,,,,0 days 00:00:53.748000,2025,2,Chinese Grand Prix,1,0,0,4.0,16.0,12.0,0.0,11.7,
87,,Oliver Bearman,BEA,Haas F1 Team,17.0,8.0,4.0,Finished,,,,0 days 00:01:01.303000,2025,2,Chinese Grand Prix,1,0,0,10.75,14.0,1.75,0.0,1.0,
5,,Gabriel Bortoleto,BOR,Sauber,19.0,14.0,0.0,Lapped,,,,0 days 00:00:10.756000,2025,2,Chinese Grand Prix,1,0,0,16.0,15.0,0.0,1.0,1.0,
7,,Jack Doohan,DOO,Alpine F1 Team,18.0,13.0,0.0,Finished,,,,0 days 00:01:28.401000,2025,2,Chinese Grand Prix,1,0,0,17.0,15.5,0.0,0.5,4.9,
10,,Pierre Gasly,GAS,Alpine F1 Team,16.0,20.0,0.0,Disqualified,,,,,2025,2,Chinese Grand Prix,0,0,0,9.2,8.2,6.2,0.2,3.4,13.0
6,,Isack Hadjar,HAD,RB F1 Team,7.0,11.0,0.0,Finished,,,,0 days 00:01:18.875000,2025,2,Chinese Grand Prix,1,0,0,20.0,11.0,0.0,1.0,1.0,
44,,Lewis Hamilton,HAM,Ferrari,5.0,19.0,0.0,Disqualified,,,,,2025,2,Chinese Grand Prix,0,0,0,7.6,10.8,6.4,0.0,10.1,9.0
27,,Nico Hülkenberg,HUL,Sauber,12.0,15.0,0.0,Lapped,,,,0 days 00:00:20.226000,2025,2,Chinese Grand Prix,1,0,0,11.8,13.8,2.8,0.4,1.0,10.0
30,,Liam Lawson,LAW,Red Bull,20.0,12.0,0.0,Finished,,,,0 days 00:01:21.147000,2025,2,Chinese Grand Prix,1,0,0,14.2,13.2,0.4,0.4,8.8,
16,,Charles Leclerc,LEC,Ferrari,6.0,18.0,0.0,Disqualified,,,,,2025,2,Chinese Grand Prix,0,0,0,4.4,8.2,11.8,0.0,9.1,4.0
4,,Lando Norris,NOR,McLaren,3.0,2.0,18.0,Finished,,,,0 days 00:00:09.748000,2025,2,Chinese Grand Prix,1,1,0,4.8,2.4,13.8,0.0,9.7,2.0
31,,Esteban Ocon,OCO,Haas F1 Team,11.0,5.0,10.0,Finished,,,,0 days 00:00:49.969000,2025,2,Chinese Grand Prix,1,0,0,13.0,10.8,3.6,0.2,1.4,11.0
81,,Oscar Piastri,PIA,McLaren,1.0,1.0,25.0,Finished,,,,0 days 01:30:55.026000,2025,2,Chinese Grand Prix,1,1,1,7.4,4.8,5.6,0.0,10.7,8.0
63,,George Russell,RUS,Mercedes,2.0,3.0,15.0,Finished,,,,0 days 00:00:11.097000,2025,2,Chinese Grand Prix,1,1,0,3.4,2.8,14.8,0.0,12.4,6.0
55,,Carlos Sainz,SAI,Williams,15.0,10.0,1.0,Finished,,,,0 days 00:01:16.387000,2025,2,Chinese Grand Prix,1,0,0,9.0,8.4,8.2,0.4,1.6,5.0
18,,Lance Stroll,STR,Aston Martin,14.0,9.0,2.0,Finished,,,,0 days 00:01:10.204000,2025,2,Chinese Grand Prix,1,0,0,14.4,13.8,1.6,0.4,1.6,15.0
22,,Yuki Tsunoda,TSU,RB F1 Team,9.0,16.0,0.0,Lapped,,,,0 days 00:00:23.511000,2025,2,Chinese Grand Prix,1,0,0,10.6,8.0,1.6,0.0,0.8,19.0
1,,Max Verstappen,VER,Red Bull,4.0,4.0,12.0,Finished,,,,0 days 00:00:16.656000,2025,2,Chinese Grand Prix,1,0,0,3.0,6.2,17.4,0.0,8.8,1.0
23,,Alexander Albon,ALB,Williams,9.0,9.0,2.0,Finished,,,,0 days 00:00:40.367000,2025,3,Japanese Grand Prix,1,0,0,11.4,13.4,3.2,0.2,1.7,18.666666666666668
14,,Fernando Alonso,ALO,Aston Martin,12.0,11.0,0.0,Finished,,,,0 days 00:00:57.333000,2025,3,Japanese Grand Prix,1,0,0,12.2,11.4,1.6,0.4,1.8,7.0
12,,Andrea Kimi Antonelli,ANT,Mercedes,6.0,6.0,8.0,Finished,,,,0 days 00:00:18.671000,2025,3,Japanese Grand Prix,1,0,0,5.0,12.0,10.0,0.0,12.7,
87,,Oliver Bearman,BEA,Haas F1 Team,10.0,10.0,1.0,Finished,,,,0 days 00:00:54.529000,2025,3,Japanese Grand Prix,1,0,0,10.2,14.6,2.2,0.0,2.4,
5,,Gabriel Bortoleto,BOR,Sauber,17.0,19.0,0.0,Finished,,,,0 days 00:01:23.897000,2025,3,Japanese Grand Prix,1,0,0,15.0,17.0,0.0,0.5,1.0,
7,,Jack Doohan,DOO,Alpine F1 Team,19.0,15.0,0.0,Finished,,,,0 days 00:01:21.314000,2025,3,Japanese Grand Prix,1,0,0,15.666666666666666,16.333333333333332,0.0,0.3333333333333333,1.6,
10,,Pierre Gasly,GAS,Alpine F1 Team,11.0,13.0,0.0,Finished,,,,0 days 00:01:02.122000,2025,3,Japanese Grand Prix,1,0,0,12.6,8.8,3.2,0.4,1.6,14.666666666666666
6,,Isack Hadjar,HAD,RB F1 Team,7.0,8.0,4.0,Finished,,,,0 days 00:00:37.134000,2025,3,Japanese Grand Prix,1,0,0,15.5,9.0,0.0,0.5,0.2,
44,,Lewis Hamilton,HAM,Ferrari,8.0,7.0,6.0,Finished,,,,0 days 00:00:29.182000,2025,3,Japanese Grand Prix,1,0,0,9.4,9.0,6.2,0.2,9.1,6.333333333333333
27,,Nico Hülkenberg,HUL,Sauber,16.0,16.0,0.0,Finished,,,,0 days 00:01:21.957000,2025,3,Japanese Grand Prix,1,0,0,10.8,12.6,2.8,0.2,1.0,12.5
30,,Liam Lawson,LAW,RB F1 Team,13.0,17.0,0.0,Finished,,,,0 days 00:01:22.734000,2025,3,Japanese Grand Prix,1,0,0,14.8,16.2,0.0,0.4,0.6,11.0
16,,Charles Leclerc,LEC,Ferrari,4.0,4.0,12.0,Finished,,,,0 days 00:00:16.097000,2025,3,Japanese Grand Prix,1,0,0,7.0,8.2,9.8,0.2,8.5,3.6666666666666665
4,,Lando Norris,NOR,McLaren,2.0,2.0,18.0,Finished,,,,0 days 00:00:01.423000,2025,3,Japanese Grand Prix,1,1,0,4.0,2.8,15.8,0.0,12.8,5.666666666666667
31,,Esteban Ocon,OCO,Haas F1 Team,18.0,18.0,0.0,Finished,,,,0 days 00:01:23.438000,2025,3,Japanese Grand Prix,1,0,0,11.4,13.0,5.6,0.2,2.1,9.333333333333334
81,,Oscar Piastri,PIA,McLaren,3.0,3.0,15.0,Finished,,,,0 days 00:00:02.129000,2025,3,Japanese Grand Prix,1,1,0,6.0,3.4,9.8,0.0,13.7,5.5
63,,George Russell,RUS,Mercedes,5.0,5.0,10.0,Finished,,,,0 days 00:00:17.362000,2025,3,Japanese Grand Prix,1,0,0,3.2,2.8,15.4,0.0,11.7,7.333333333333333
55,,Carlos Sainz,SAI,Williams,15.0,14.0,0.0,Finished,,,,0 days 00:01:14.129000,2025,3,Japanese Grand Prix,1,0,0,7.8,7.4,8.4,0.2,1.9,9.333333333333334
18,,Lance Stroll,STR,Aston Martin,20.0,20.0,0.0,Lapped,,,,0 days 00:00:12.929000,2025,3,Japanese Grand Prix,1,0,0,12.4,14.6,2.0,0.2,1.8,14.0
22,,Yuki Tsunoda,TSU,Red Bull,14.0,12.0,0.0,Finished,,,,0 days 00:00:58.401000,2025,3,Japanese Grand Prix,1,0,0,12.4,9.2,0.4,0.0,7.4,11.666666666666666
1,,Max Verstappen,VER,Red Bull,1.0,1.0,25.0,Finished,,,,0 days 01:22:06.983000,2025,3,Japanese Grand Prix,1,1,1,3.6,3.6,14.6,0.0,7.3,1.0
23,,Alexander Albon,ALB,Williams,15.0,12.0,0.0,Finished,,,,0 days 00:00:48.839000,2025,4,Bahrain Grand Prix,1,0,0,9.4,11.8,3.6,0.0,1.9,12.666666666666666
14,,Fernando Alonso,ALO,Aston Martin,13.0,15.0,0.0,Finished,,,,0 days 00:01:00.340000,2025,4,Bahrain Grand Prix,1,0,0,12.2,10.6,1.6,0.4,1.8,10.0
12,,Andrea Kimi Antonelli,ANT,Mercedes,5.0,11.0,0.0,Finished,,,,0 days 00:00:48.016000,2025,4,Bahrain Grand Prix,1,0,0,5.333333333333333,10.0,9.333333333333334,0.0,10.2,
87,,Oliver Bearman,BEA,Haas F1 Team,20.0,10.0,1.0,Finished,,,,0 days 00:00:47.594000,2025,4,Bahrain Grand Prix,1,0,0,10.8,14.4,1.2,0.0,2.1,
5,,Gabriel Bortoleto,BOR,Sauber,18.0,18.0,0.0,Finished,,,,0 days 00:01:06.872000,2025,4,Bahrain Grand Prix,1,0,0,16.333333333333332,17.0,0.0,0.3333333333333333,1.0,
7,,Jack Doohan,DOO,Alpine F1 Team,11.0,14.0,0.0,Finished,,,,0 days 00:00:57.806000,2025,4,Bahrain Grand Prix,1,0,0,15.5,17.0,0.0,0.25,1.6,
10,,Pierre Gasly,GAS,Alpine F1 Team,4.0,7.0,6.0,Finished,,,,0 days 00:00:36.002000,2025,4,Bahrain Grand Prix,1,0,0,11.2,10.4,3.2,0.2,0.6,16.0
6,,Isack Hadjar,HAD,RB F1 Team,12.0,13.0,0.0,Finished,,,,0 days 00:00:56.314000,2025,4,Bahrain Grand Prix,1,0,0,13.0,8.333333333333334,1.3333333333333333,0.3333333333333333,0.4,
44,,Lewis Hamilton,HAM,Ferrari,9.0,5.0,10.0,Finished,,,,0 days 00:00:27.993000,2025,4,Bahrain Grand Prix,1,0,0,10.4,8.6,3.8,0.2,8.2,4.0
27,,Nico Hülkenberg,HUL,Sauber,16.0,20.0,0.0,Disqualified,,,,,2025,4,Bahrain Grand Prix,0,0,0,12.4,14.0,2.0,0.2,1.0,16.0
30,,Liam Lawson,LAW,RB F1 Team,17.0,16.0,0.0,Finished,,,,0 days 00:01:04.435000,2025,4,Bahrain Grand Prix,1,0,0,15.0,16.0,0.0,0.4,0.4,
16,,Charles Leclerc,LEC,Ferrari,2.0,4.0,12.0,Finished,,,,0 days 00:00:19.679000,2025,4,Bahrain Grand Prix,1,0,0,7.0,8.2,9.8,0.2,7.4,7.5
4,,Lando Norris,NOR,McLaren,6.0,3.0,15.0,Finished,,,,0 days 00:00:16.273000,2025,4,Bahrain Grand Prix,1,1,0,3.2,2.0,17.6,0.0,14.6,10.5
31,,Esteban Ocon,OCO,Haas F1 Team,14.0,8.0,4.0,Finished,,,,0 days 00:00:44.244000,2025,4,Bahrain Grand Prix,1,0,0,14.6,15.8,2.0,0.2,2.2,13.75
81,,Oscar Piastri,PIA,McLaren,1.0,1.0,25.0,Finished,,,,0 days 01:35:39.435000,2025,4,Bahrain Grand Prix,1,1,1,5.2,2.4,11.6,0.0,15.9,14.0
63,,George Russell,RUS,Mercedes,3.0,2.0,18.0,Finished,,,,0 days 00:00:15.499000,2025,4,Bahrain Grand Prix,1,1,0,4.0,3.6,12.4,0.0,10.2,7.5
55,,Carlos Sainz,SAI,Williams,8.0,19.0,0.0,Retired,,,,,2025,4,Bahrain Grand Prix,0,0,0,10.0,10.0,5.4,0.2,1.9,4.25
18,,Lance Stroll,STR,Aston Martin,19.0,17.0,0.0,Finished,,,,0 days 00:01:05.489000,2025,4,Bahrain Grand Prix,1,0,0,13.4,15.0,2.0,0.2,1.2,9.5
22,,Yuki Tsunoda,TSU,Red Bull,10.0,9.0,2.0,Finished,,,,0 days 00:00:45.061000,2025,4,Bahrain Grand Prix,1,0,0,13.0,10.6,0.0,0.0,8.8,10.5
1,,Max Verstappen,VER,Red Bull,7.0,6.0,8.0,Finished,,,,0 days 00:00:34.395000,2025,4,Bahrain Grand Prix,1,0,0,2.8,2.8,17.6,0.0,9.0,5.75
23,,Alexander Albon,ALB,Williams,11.0,9.0,2.0,Finished,,,,0 days 00:01:06.515000,2025,5,Saudi Arabian Grand Prix,1,0,0,8.8,11.6,3.6,0.0,1.9,14.666666666666666
14,,Fernando Alonso,ALO,Aston Martin,13.0,11.0,0.0,Finished,,,,0 days 00:01:15.917000,2025,5,Saudi Arabian Grand Prix,1,0,0,13.8,11.6,0.4,0.4,1.2,9.25
12,,Andrea Kimi Antonelli,ANT,Mercedes,5.0,6.0,8.0,Finished,,,,0 days 00:00:34.688000,2025,5,Saudi Arabian Grand Prix,1,0,0,6.75,8.75,7.0,0.0,10.8,
87,,Oliver Bearman,BEA,Haas F1 Team,15.0,13.0,0.0,Finished,,,,0 days 00:01:19.194000,2025,5,Saudi Arabian Grand Prix,1,0,0,10.8,16.4,1.2,0.0,2.4,7.0
5,,Gabriel Bortoleto,BOR,Sauber,20.0,18.0,0.0,Lapped,,,,0 days 00:00:19.306000,2025,5,Saudi Arabian Grand Prix,1,0,0,16.75,17.25,0.0,0.25,0.6,
7,,Jack Doohan,DOO,Alpine F1 Team,17.0,17.0,0.0,Lapped,,,,0 days 00:00:19.264000,2025,5,Saudi Arabian Grand Prix,1,0,0,15.2,15.8,0.0,0.2,1.2,
10,,Pierre Gasly,GAS,Alpine F1 Team,9.0,20.0,0.0,Retired,,,,,2025,5,Saudi Arabian Grand Prix,0,0,0,11.6,9.0,2.4,0.2,1.2,10.75
6,,Isack Hadjar,HAD,RB F1 Team,14.0,10.0,1.0,Finished,,,,0 days 00:01:07.091000,2025,5,Saudi Arabian Grand Prix,1,0,0,13.0,9.25,1.0,0.25,0.4,
44,,Lewis Hamilton,HAM,Ferrari,7.0,7.0,6.0,Finished,,,,0 days 00:00:39.073000,2025,5,Saudi Arabian Grand Prix,1,0,0,9.0,9.2,5.8,0.2,7.8,6.25
27,,Nico Hülkenberg,HUL,Sauber,18.0,15.0,0.0,Lapped,,,,0 days 00:00:04.609000,2025,5,Saudi Arabian Grand Prix,1,0,0,13.2,13.6,2.0,0.2,0.6,11.333333333333334
30,,Liam Lawson,LAW,RB F1 Team,12.0,12.0,0.0,Finished,,,,0 days 00:01:18.451000,2025,5,Saudi Arabian Grand Prix,1,0,0,15.4,16.0,0.0,0.4,0.5,
16,,Charles Leclerc,LEC,Ferrari,4.0,3.0,15.0,Finished,,,,0 days 00:00:08.104000,2025,5,Saudi Arabian Grand Prix,1,1,0,7.4,7.6,8.6,0.2,6.9,4.75
4,,Lando Norris,NOR,McLaren,10.0,4.0,12.0,Finished,,,,0 days 00:00:09.196000,2025,5,Saudi Arabian Grand Prix,1,0,0,1.8,2.6,20.2,0.0,16.9,10.5
31,,Esteban Ocon,OCO,Haas F1 Team,19.0,14.0,0.0,Finished,,,,0 days 00:01:39.723000,2025,5,Saudi Arabian Grand Prix,1,0,0,12.8,16.4,2.8,0.2,2.0,7.75
81,,Oscar Piastri,PIA,McLaren,2.0,1.0,25.0,Finished,,,,0 days 01:21:06.758000,2025,5,Saudi Arabian Grand Prix,1,1,1,4.8,1.8,13.6,0.0,15.6,9.5
63,,George Russell,RUS,Mercedes,3.0,5.0,10.0,Finished,,,,0 days 00:00:27.236000,2025,5,Saudi Arabian Grand Prix,1,0,0,3.6,4.0,13.6,0.0,10.4,8.5
55,,Carlos Sainz,SAI,Williams,6.0,8.0,4.0,Finished,,,,0 days 00:01:04.630000,2025,5,Saudi Arabian Grand Prix,1,0,0,12.6,10.2,3.8,0.4,2.1,5.666666666666667
18,,Lance Stroll,STR,Aston Martin,16.0,16.0,0.0,Lapped,,,,0 days 00:00:05.527000,2025,5,Saudi Arabian Grand Prix,1,0,0,13.2,15.8,2.0,0.0,1.0,15.75
22,,Yuki Tsunoda,TSU,Red Bull,8.0,19.0,0.0,Retired,,,,,2025,5,Saudi Arabian Grand Prix,0,0,0,12.2,9.8,0.4,0.0,7.3,14.75
1,,Max Verstappen,VER,Red Bull,1.0,2.0,18.0,Finished,,,,0 days 00:00:02.843000,2025,5,Saudi Arabian Grand Prix,1,1,0,3.8,3.8,14.2,0.0,7.3,1.5
23,,Alexander Albon,ALB,Williams,7.0,5.0,10.0,Finished,,,,0 days 00:00:48.067000,2025,6,Miami Grand Prix,1,0,0,8.4,10.2,4.0,0.0,2.5,13.666666666666666
14,,Fernando Alonso,ALO,Aston Martin,17.0,15.0,0.0,Lapped,,,,0 days 00:00:20.979000,2025,6,Miami Grand Prix,1,0,0,14.2,12.6,0.0,0.4,1.0,7.666666666666667
12,,Andrea Kimi Antonelli,ANT,Mercedes,3.0,6.0,8.0,Finished,,,,0 days 00:00:55.502000,2025,6,Miami Grand Prix,1,0,0,6.6,8.0,7.2,0.0,10.4,
87,,Oliver Bearman,BEA,Haas F1 Team,19.0,19.0,0.0,Retired,,,,,2025,6,Miami Grand Prix,0,0,0,11.0,16.4,1.2,0.0,2.0,
5,,Gabriel Bortoleto,BOR,Sauber,13.0,18.0,0.0,Retired,,,,,2025,6,Miami Grand Prix,0,0,0,17.0,17.8,0.0,0.2,0.6,
7,,Jack Doohan,DOO,Alpine F1 Team,14.0,20.0,0.0,Retired,,,,,2025,6,Miami Grand Prix,0,0,0,15.6,15.8,0.0,0.2,0.6,
10,,Pierre Gasly,GAS,Alpine F1 Team,20.0,13.0,0.0,Finished,,,,0 days 00:01:30.445000,2025,6,Miami Grand Prix,1,0,0,14.2,9.8,1.2,0.4,0.6,12.666666666666666
6,,Isack Hadjar,HAD,RB F1 Team,11.0,11.0,0.0,Finished,,,,0 days 00:01:14.602000,2025,6,Miami Grand Prix,1,0,0,12.4,10.2,1.0,0.2,0.5,
44,,Lewis Hamilton,HAM,Ferrari,12.0,8.0,4.0,Finished,,,,0 days 00:01:00.186000,2025,6,Miami Grand Prix,1,0,0,9.6,7.4,4.6,0.2,6.6,6.0
27,,Nico Hülkenberg,HUL,Sauber,16.0,14.0,0.0,Lapped,,,,0 days 00:00:01.155000,2025,6,Miami Grand Prix,1,0,0,14.6,15.8,1.2,0.2,0.6,13.0
30,,Liam Lawson,LAW,RB F1 Team,15.0,17.0,0.0,Retired,,,,,2025,6,Miami Grand Prix,0,0,0,14.4,16.0,0.0,0.2,0.5,
16,,Charles Leclerc,LEC,Ferrari,8.0,7.0,6.0,Finished,,,,0 days 00:00:57.036000,2025,6,Miami Grand Prix,1,0,0,7.4,4.6,8.6,0.2,6.9,4.0
4,,Lando Norris,NOR,McLaren,2.0,2.0,18.0,Finished,,,,0 days 00:00:04.630000,2025,6,Miami Grand Prix,1,1,0,2.4,4.4,17.6,0.0,18.0,12.333333333333334
31,,Esteban Ocon,OCO,Haas F1 Team,9.0,12.0,0.0,Finished,,,,0 days 00:01:22.006000,2025,6,Miami Grand Prix,1,0,0,11.6,16.2,2.8,0.0,2.0,9.0
81,,Oscar Piastri,PIA,McLaren,4.0,1.0,25.0,Finished,,,,0 days 01:28:51.587000,2025,6,Miami Grand Prix,1,1,1,3.0,1.8,18.4,0.0,17.3,16.0
63,,George Russell,RUS,Mercedes,5.0,3.0,15.0,Finished,,,,0 days 00:00:37.644000,2025,6,Miami Grand Prix,1,1,0,3.6,3.4,13.6,0.0,10.0,5.666666666666667
55,,Carlos Sainz,SAI,Williams,6.0,9.0,2.0,Finished,,,,0 days 00:01:00.577000,2025,6,Miami Grand Prix,1,0,0,13.8,10.8,1.0,0.4,2.5,4.333333333333333
18,,Lance Stroll,STR,Aston Martin,18.0,16.0,0.0,Lapped,,,,0 days 00:00:25.162000,2025,6,Miami Grand Prix,1,0,0,13.6,16.4,2.0,0.0,1.0,13.0
22,,Yuki Tsunoda,TSU,Red Bull,10.0,10.0,1.0,Finished,,,,0 days 00:01:14.434000,2025,6,Miami Grand Prix,1,0,0,13.6,9.2,0.4,0.2,8.3,10.0
1,,Max Verstappen,VER,Red Bull,1.0,4.0,12.0,Finished,,,,0 days 00:00:39.956000,2025,6,Miami Grand Prix,1,0,0,3.0,3.2,16.2,0.0,8.4,1.3333333333333333
23,,Alexander Albon,ALB,Williams,7.0,5.0,10.0,Finished,,,,0 days 00:00:17.945000,2025,7,Emilia Romagna Grand Prix,1,0,0,8.4,10.4,4.0,0.0,2.7,15.5
14,,Fernando Alonso,ALO,Aston Martin,5.0,11.0,0.0,Finished,,,,0 days 00:00:27.250000,2025,7,Emilia Romagna Grand Prix,1,0,0,13.8,13.6,0.0,0.2,0.2,16.0
12,,Andrea Kimi Antonelli,ANT,Mercedes,13.0,19.0,0.0,Retired,,,,,2025,7,Emilia Romagna Grand Prix,0,0,0,7.0,5.4,6.4,0.0,10.0,
87,,Oliver Bearman,BEA,Haas F1 Team,19.0,17.0,0.0,Finished,,,,0 days 00:00:33.808000,2025,7,Emilia Romagna Grand Prix,1,0,0,12.0,16.2,1.2,0.2,2.0,
5,,Gabriel Bortoleto,BOR,Sauber,14.0,18.0,0.0,Finished,,,,0 days 00:00:38.572000,2025,7,Emilia Romagna Grand Prix,1,0,0,17.4,17.4,0.0,0.2,0.0,
43,,Franco Colapinto,COL,Alpine F1 Team,16.0,16.0,0.0,Finished,,,,0 days 00:00:33.411000,2025,7,Emilia Romagna Grand Prix,1,0,0,16.2,18.2,0.0,0.6,0.6,
10,,Pierre Gasly,GAS,Alpine F1 Team,10.0,13.0,0.0,Finished,,,,0 days 00:00:31.424000,2025,7,Emilia Romagna Grand Prix,1,0,0,14.6,12.0,1.2,0.4,0.6,11.666666666666666
6,,Isack Hadjar,HAD,RB F1 Team,9.0,9.0,2.0,Finished,,,,0 days 00:00:23.586000,2025,7,Emilia Romagna Grand Prix,1,0,0,10.6,10.2,1.0,0.0,0.5,
44,,Lewis Hamilton,HAM,Ferrari,12.0,4.0,12.0,Finished,,,,0 days 00:00:14.356000,2025,7,Emilia Romagna Grand Prix,1,0,0,9.2,8.2,5.2,0.2,7.1,7.0
27,,Nico Hülkenberg,HUL,Sauber,17.0,12.0,0.0,Finished,,,,0 days 00:00:30.296000,2025,7,Emilia Romagna Grand Prix,1,0,0,16.0,15.6,0.0,0.2,0.0,11.0
30,,Liam Lawson,LAW,RB F1 Team,15.0,14.0,0.0,Finished,,,,0 days 00:00:32.511000,2025,7,Emilia Romagna Grand Prix,1,0,0,14.8,15.4,0.0,0.2,0.7,
16,,Charles Leclerc,LEC,Ferrari,11.0,6.0,8.0,Finished,,,,0 days 00:00:20.774000,2025,7,Emilia Romagna Grand Prix,1,0,0,7.2,4.8,9.0,0.2,8.3,4.333333333333333
4,,Lando Norris,NOR,McLaren,4.0,2.0,18.0,Finished,,,,0 days 00:00:06.109000,2025,7,Emilia Romagna Grand Prix,1,1,0,2.6,4.6,16.2,0.0,19.6,2.6666666666666665
31,,Esteban Ocon,OCO,Haas F1 Team,18.0,20.0,0.0,Retired,,,,,2025,7,Emilia Romagna Grand Prix,0,0,0,11.4,14.2,2.8,0.0,1.6,12.333333333333334
81,,Oscar Piastri,PIA,McLaren,1.0,3.0,15.0,Finished,,,,0 days 00:00:12.956000,2025,7,Emilia Romagna Grand Prix,1,1,0,1.4,2.2,23.0,0.0,19.6,4.0
63,,George Russell,RUS,Mercedes,3.0,7.0,6.0,Finished,,,,0 days 00:00:22.034000,2025,7,Emilia Romagna Grand Prix,1,0,0,3.6,3.6,13.6,0.0,9.2,10.0
55,,Carlos Sainz,SAI,Williams,6.0,8.0,4.0,Finished,,,,0 days 00:00:22.898000,2025,7,Emilia Romagna Grand Prix,1,0,0,12.0,10.0,1.4,0.2,3.1,10.0
18,,Lance Stroll,STR,Aston Martin,8.0,15.0,0.0,Finished,,,,0 days 00:00:32.993000,2025,7,Emilia Romagna Grand Prix,1,0,0,15.6,17.4,0.4,0.0,0.2,9.0
22,,Yuki Tsunoda,TSU,Red Bull,20.0,10.0,1.0,Finished,,,,0 days 00:00:26.446000,2025,7,Emilia Romagna Grand Prix,1,0,0,13.2,10.2,0.6,0.2,7.8,9.666666666666666
1,,Max Verstappen,VER,Red Bull,2.0,1.0,25.0,Finished,,,,0 days 01:31:33.199000,2025,7,Emilia Romagna Grand Prix,1,1,1,3.4,2.8,15.0,0.0,7.9,1.0
23,,Alexander Albon,ALB,Williams,10.0,9.0,2.0,Lapped,,,,0 days 00:00:11.869000,2025,8,Monaco Grand Prix,1,0,0,8.0,9.8,4.8,0.0,3.4,13.666666666666666
14,,Fernando Alonso,ALO,Aston Martin,6.0,19.0,0.0,Retired,,,,,2025,8,Monaco Grand Prix,0,0,0,12.6,12.0,0.0,0.0,0.0,8.25
12,,Andrea Kimi Antonelli,ANT,Mercedes,15.0,18.0,0.0,Lapped,,,,0 days 00:00:08.409000,2025,8,Monaco Grand Prix,1,0,0,9.6,6.4,4.8,0.2,8.3,
87,,Oliver Bearman,BEA,Haas F1 Team,20.0,12.0,0.0,Lapped,,,,0 days 00:00:54.693000,2025,8,Monaco Grand Prix,1,0,0,13.8,16.6,0.4,0.2,0.6,
5,,Gabriel Bortoleto,BOR,Sauber,16.0,14.0,0.0,Lapped,,,,0 days 00:01:08.424000,2025,8,Monaco Grand Prix,1,0,0,18.2,16.4,0.0,0.2,0.0,
43,,Franco Colapinto,COL,Alpine F1 Team,18.0,13.0,0.0,Lapped,,,,0 days 00:00:57.114000,2025,8,Monaco Grand Prix,1,0,0,17.0,18.2,0.0,0.6,0.6,
10,,Pierre Gasly,GAS,Alpine F1 Team,17.0,20.0,0.0,Retired,,,,,2025,8,Monaco Grand Prix,0,0,0,13.2,10.8,1.2,0.2,0.6,8.5
6,,Isack Hadjar,HAD,RB F1 Team,5.0,6.0,8.0,Lapped,,,,0 days 00:01:05.082000,2025,8,Monaco Grand Prix,1,0,0,10.2,10.6,1.4,0.0,0.7,
44,,Lewis Hamilton,HAM,Ferrari,7.0,5.0,10.0,Finished,,,,0 days 00:00:51.387000,2025,8,Monaco Grand Prix,1,0,0,6.2,9.6,7.6,0.0,9.1,6.5
27,,Nico Hülkenberg,HUL,Sauber,13.0,16.0,0.0,Lapped,,,,0 days 00:01:11.544000,2025,8,Monaco Grand Prix,1,0,0,15.4,16.6,0.0,0.2,0.0,18.0
30,,Liam Lawson,LAW,RB F1 Team,9.0,8.0,4.0,Lapped,,,,0 days 00:01:06.746000,2025,8,Monaco Grand Prix,1,0,0,15.2,14.4,0.0,0.2,1.1,
16,,Charles Leclerc,LEC,Ferrari,2.0,2.0,18.0,Finished,,,,0 days 00:00:03.131000,2025,8,Monaco Grand Prix,1,1,0,4.8,5.8,10.6,0.0,9.5,7.75
4,,Lando Norris,NOR,McLaren,1.0,1.0,25.0,Finished,,,,0 days 01:40:33.843000,2025,8,Monaco Grand Prix,1,1,1,2.6,4.8,16.2,0.0,18.6,5.5
31,,Esteban Ocon,OCO,Haas F1 Team,8.0,7.0,6.0,Lapped,,,,0 days 00:01:06.029000,2025,8,Monaco Grand Prix,1,0,0,14.4,15.6,0.8,0.2,0.5,10.25
81,,Oscar Piastri,PIA,McLaren,3.0,3.0,15.0,Finished,,,,0 days 00:00:03.658000,2025,8,Monaco Grand Prix,1,1,0,1.8,2.2,21.0,0.0,19.3,6.0
63,,George Russell,RUS,Mercedes,14.0,11.0,0.0,Lapped,,,,0 days 00:00:33.844000,2025,8,Monaco Grand Prix,1,0,0,4.4,3.8,11.8,0.0,7.5,7.25
55,,Carlos Sainz,SAI,Williams,11.0,10.0,1.0,Lapped,,,,0 days 00:00:15.232000,2025,8,Monaco Grand Prix,1,0,0,11.6,8.2,2.0,0.2,3.4,3.75
18,,Lance Stroll,STR,Aston Martin,19.0,15.0,0.0,Lapped,,,,0 days 00:01:10.395000,2025,8,Monaco Grand Prix,1,0,0,16.8,16.2,0.0,0.0,0.0,14.0
22,,Yuki Tsunoda,TSU,Red Bull,12.0,17.0,0.0,Lapped,,,,0 days 00:01:11.849000,2025,8,Monaco Grand Prix,1,0,0,12.0,12.4,0.8,0.2,9.2,14.0
1,,Max Verstappen,VER,Red Bull,4.0,4.0,12.0,Finished,,,,0 days 00:00:20.572000,2025,8,Monaco Grand Prix,1,0,0,2.8,2.4,17.6,0.0,9.2,2.75
23,,Alexander Albon,ALB,Williams,9.0,20.0,0.0,Retired,,,,,2025,10,Canadian Grand Prix,0,0,0,8.0,10.0,4.8,0.0,3.5,12.333333333333334
14,,Fernando Alonso,ALO,Aston Martin,6.0,7.0,6.0,Finished,,,,0 days 00:00:10.972000,2025,10,Canadian Grand Prix,1,0,0,14.2,10.8,0.0,0.2,0.0,5.666666666666667
12,,Andrea Kimi Antonelli,ANT,Mercedes,4.0,3.0,15.0,Finished,,,,0 days 00:00:01.014000,2025,10,Canadian Grand Prix,1,1,0,12.0,8.2,3.2,0.2,6.5,
87,,Oliver Bearman,BEA,Haas F1 Team,13.0,11.0,0.0,Lapped,,,,0 days 00:00:03.717000,2025,10,Canadian Grand Prix,1,0,0,14.2,18.6,0.2,0.2,1.1,
5,,Gabriel Bortoleto,BOR,Sauber,15.0,14.0,0.0,Lapped,,,,0 days 00:00:07.879000,2025,10,Canadian Grand Prix,1,0,0,17.2,16.2,0.0,0.2,0.0,
43,,Franco Colapinto,COL,Alpine F1 Team,10.0,13.0,0.0,Lapped,,,,0 days 00:00:07.018000,2025,10,Canadian Grand Prix,1,0,0,16.2,18.6,0.0,0.4,0.6,
10,,Pierre Gasly,GAS,Alpine F1 Team,20.0,15.0,0.0,Lapped,,,,0 days 00:00:07.950000,2025,10,Canadian Grand Prix,1,0,0,14.6,12.0,1.2,0.4,0.6,11.666666666666666
6,,Isack Hadjar,HAD,RB F1 Team,12.0,16.0,0.0,Lapped,,,,0 days 00:00:08.737000,2025,10,Canadian Grand Prix,1,0,0,9.8,10.2,2.2,0.0,1.5,
44,,Lewis Hamilton,HAM,Ferrari,5.0,6.0,8.0,Finished,,,,0 days 00:00:10.713000,2025,10,Canadian Grand Prix,1,0,0,5.8,9.4,8.4,0.0,10.1,3.3333333333333335
27,,Nico Hülkenberg,HUL,Sauber,11.0,8.0,4.0,Finished,,,,0 days 00:00:15.364000,2025,10,Canadian Grand Prix,1,0,0,15.4,16.0,0.0,0.2,0.0,13.0
30,,Liam Lawson,LAW,RB F1 Team,19.0,19.0,0.0,Retired,,,,,2025,10,Canadian Grand Prix,0,0,0,13.4,13.6,0.8,0.2,1.5,
16,,Charles Leclerc,LEC,Ferrari,8.0,5.0,10.0,Finished,,,,0 days 00:00:03.442000,2025,10,Canadian Grand Prix,1,0,0,4.4,5.4,11.8,0.0,9.9,9.333333333333334
4,,Lando Norris,NOR,McLaren,7.0,18.0,0.0,Retired,,,,,2025,10,Canadian Grand Prix,0,0,0,2.4,4.6,17.6,0.0,19.3,10.0
31,,Esteban Ocon,OCO,Haas F1 Team,14.0,9.0,2.0,Lapped,,,,0 days 00:00:01.473000,2025,10,Canadian Grand Prix,1,0,0,12.2,13.6,2.0,0.2,1.0,8.0
81,,Oscar Piastri,PIA,McLaren,3.0,4.0,12.0,Finished,,,,0 days 00:00:02.109000,2025,10,Canadian Grand Prix,1,0,0,1.8,2.2,21.0,0.0,17.8,8.0
63,,George Russell,RUS,Mercedes,1.0,1.0,25.0,Finished,,,,0 days 01:31:52.688000,2025,10,Canadian Grand Prix,1,1,1,5.6,5.6,9.8,0.0,8.0,8.666666666666666
55,,Carlos Sainz,SAI,Williams,16.0,10.0,1.0,Lapped,,,,0 days 00:00:01.886000,2025,10,Canadian Grand Prix,1,0,0,10.8,7.4,2.2,0.2,3.5,7.666666666666667
18,,Lance Stroll,STR,Aston Martin,17.0,17.0,0.0,Lapped,,,,0 days 00:00:09.063000,2025,10,Canadian Grand Prix,1,0,0,15.8,16.0,0.0,0.0,0.6,8.666666666666666
22,,Yuki Tsunoda,TSU,Red Bull,18.0,12.0,0.0,Lapped,,,,0 days 00:00:05.456000,2025,10,Canadian Grand Prix,1,0,0,13.0,12.0,0.8,0.2,7.9,15.333333333333334
1,,Max Verstappen,VER,Red Bull,2.0,2.0,18.0,Finished,,,,0 days 00:00:00.228000,2025,10,Canadian Grand Prix,1,1,0,3.4,3.0,15.0,0.0,7.7,1.0
23,,Alexander Albon,ALB,Williams,13.0,8.0,4.0,Finished,,,,0 days 00:01:04.135000,2025,12,British Grand Prix,1,0,0,9.6,8.8,4.8,0.2,3.6,12.333333333333334
14,,Fernando Alonso,ALO,Aston Martin,7.0,9.0,2.0,Finished,,,,0 days 00:01:05.858000,2025,12,British Grand Prix,1,0,0,12.6,9.4,1.2,0.2,0.6,6.75
12,,Andrea Kimi Antonelli,ANT,Mercedes,10.0,16.0,0.0,Retired,,,,,2025,12,British Grand Prix,0,0,0,10.4,8.0,6.2,0.2,8.7,
87,,Oliver Bearman,BEA,Haas F1 Team,18.0,11.0,0.0,Finished,,,,0 days 00:01:12.095000,2025,12,British Grand Prix,1,0,0,14.4,17.2,0.0,0.2,0.8,
5,,Gabriel Bortoleto,BOR,Sauber,16.0,18.0,0.0,Retired,,,,,2025,12,British Grand Prix,0,0,0,16.4,15.6,0.0,0.2,0.4,
43,,Franco Colapinto,COL,Alpine F1 Team,20.0,20.0,0.0,Did not start,,,,,2025,12,British Grand Prix,0,0,0,16.0,16.6,0.0,0.4,0.0,
10,,Pierre Gasly,GAS,Alpine F1 Team,8.0,6.0,8.0,Finished,,,,0 days 00:00:59.857000,2025,12,British Grand Prix,1,0,0,16.2,15.2,0.0,0.4,0.0,16.25
6,,Isack Hadjar,HAD,RB F1 Team,12.0,17.0,0.0,Retired,,,,,2025,12,British Grand Prix,0,0,0,10.4,10.2,2.2,0.0,1.5,
44,,Lewis Hamilton,HAM,Ferrari,5.0,4.0,12.0,Finished,,,,0 days 00:00:39.812000,2025,12,British Grand Prix,1,0,0,6.0,8.6,8.0,0.0,9.7,2.0
27,,Nico Hülkenberg,HUL,Sauber,19.0,3.0,15.0,Finished,,,,0 days 00:00:34.742000,2025,12,British Grand Prix,1,1,0,13.0,15.0,0.8,0.0,0.4,9.5
30,,Liam Lawson,LAW,RB F1 Team,15.0,19.0,0.0,Retired,,,,,2025,12,British Grand Prix,0,0,0,14.0,14.0,0.8,0.4,1.4,
16,,Charles Leclerc,LEC,Ferrari,6.0,14.0,0.0,Finished,,,,0 days 00:01:24.477000,2025,12,British Grand Prix,1,0,0,4.6,6.6,11.4,0.0,10.3,7.25
4,,Lando Norris,NOR,McLaren,3.0,1.0,25.0,Finished,,,,0 days 01:37:15.735000,2025,12,British Grand Prix,1,1,1,5.4,4.8,14.6,0.2,16.5,3.75
31,,Esteban Ocon,OCO,Haas F1 Team,14.0,13.0,0.0,Finished,,,,0 days 00:01:17.301000,2025,12,British Grand Prix,1,0,0,12.4,13.6,1.6,0.2,0.8,15.0
81,,Oscar Piastri,PIA,McLaren,2.0,2.0,18.0,Finished,,,,0 days 00:00:06.812000,2025,12,British Grand Prix,1,1,0,2.4,2.6,18.4,0.0,17.8,4.0
63,,George Russell,RUS,Mercedes,4.0,10.0,1.0,Finished,,,,0 days 00:01:10.674000,2025,12,British Grand Prix,1,0,0,5.4,5.2,11.2,0.0,7.9,13.5
55,,Carlos Sainz,SAI,Williams,9.0,12.0,0.0,Finished,,,,0 days 00:01:16.592000,2025,12,British Grand Prix,1,0,0,9.0,9.0,2.4,0.0,3.8,5.5
18,,Lance Stroll,STR,Aston Martin,17.0,7.0,6.0,Finished,,,,0 days 00:01:00.603000,2025,12,British Grand Prix,1,0,0,15.8,15.6,0.0,0.0,0.8,10.0
22,,Yuki Tsunoda,TSU,Red Bull,11.0,15.0,0.0,Lapped,,,,0 days 00:00:32.250000,2025,12,British Grand Prix,1,0,0,13.6,13.6,0.4,0.2,8.7,12.5
1,,Max Verstappen,VER,Red Bull,1.0,5.0,10.0,Finished,,,,0 days 00:00:56.781000,2025,12,British Grand Prix,1,0,0,2.6,2.0,17.0,0.0,8.7,7.5
23,,Alexander Albon,ALB,Williams,19.0,15.0,0.0,Lapped,,,,0 days 00:00:38.111000,2025,14,Hungarian Grand Prix,1,0,0,9.4,9.2,5.2,0.2,3.4,14.0
14,,Fernando Alonso,ALO,Aston Martin,5.0,5.0,10.0,Finished,,,,0 days 00:00:59.040000,2025,14,Hungarian Grand Prix,1,0,0,12.2,8.2,1.6,0.2,1.4,8.0
12,,Andrea Kimi Antonelli,ANT,Mercedes,15.0,10.0,1.0,Lapped,,,,0 days 00:00:07.649000,2025,14,Hungarian Grand Prix,1,0,0,12.4,9.0,4.6,0.4,7.0,
87,,Oliver Bearman,BEA,Haas F1 Team,11.0,20.0,0.0,Retired,,,,,2025,14,Hungarian Grand Prix,0,0,0,14.0,17.8,0.0,0.2,0.8,
5,,Gabriel Bortoleto,BOR,Sauber,7.0,6.0,8.0,Finished,,,,0 days 00:01:06.169000,2025,14,Hungarian Grand Prix,1,0,0,16.4,14.8,0.0,0.4,1.9,
43,,Franco Colapinto,COL,Alpine F1 Team,14.0,18.0,0.0,Lapped,,,,0 days 00:00:47.370000,2025,14,Hungarian Grand Prix,1,0,0,16.2,16.8,0.0,0.4,0.8,
10,,Pierre Gasly,GAS,Alpine F1 Team,16.0,19.0,0.0,Lapped,,,,0 days 00:00:56.344000,2025,14,Hungarian Grand Prix,1,0,0,13.4,15.0,1.6,0.2,0.8,14.25
6,,Isack Hadjar,HAD,RB F1 Team,10.0,11.0,0.0,Lapped,,,,0 days 00:00:08.500000,2025,14,Hungarian Grand Prix,1,0,0,11.8,9.8,2.0,0.2,1.4,
44,,Lewis Hamilton,HAM,Ferrari,12.0,12.0,0.0,Lapped,,,,0 days 00:00:09.861000,2025,14,Hungarian Grand Prix,1,0,0,5.4,8.2,9.2,0.0,8.8,2.75
27,,Nico Hülkenberg,HUL,Sauber,18.0,13.0,0.0,Lapped,,,,0 days 00:00:31.268000,2025,14,Hungarian Grand Prix,1,0,0,10.6,15.2,3.8,0.0,2.7,13.5
30,,Liam Lawson,LAW,RB F1 Team,9.0,8.0,4.0,Finished,,,,0 days 00:01:09.451000,2025,14,Hungarian Grand Prix,1,0,0,15.4,14.6,0.8,0.6,1.4,
16,,Charles Leclerc,LEC,Ferrari,1.0,4.0,12.0,Finished,,,,0 days 00:00:42.560000,2025,14,Hungarian Grand Prix,1,0,0,6.8,7.0,8.4,0.0,8.4,8.75
4,,Lando Norris,NOR,McLaren,3.0,1.0,25.0,Finished,,,,0 days 01:35:21.231000,2025,14,Hungarian Grand Prix,1,1,1,4.8,3.4,17.2,0.2,17.1,6.5
31,,Esteban Ocon,OCO,Haas F1 Team,17.0,16.0,0.0,Lapped,,,,0 days 00:00:45.258000,2025,14,Hungarian Grand Prix,1,0,0,12.2,12.6,1.6,0.2,0.8,11.75
81,,Oscar Piastri,PIA,McLaren,2.0,2.0,18.0,Finished,,,,0 days 00:00:00.698000,2025,14,Hungarian Grand Prix,1,1,0,2.6,2.6,17.0,0.0,17.8,3.0
63,,George Russell,RUS,Mercedes,4.0,3.0,15.0,Finished,,,,0 days 00:00:21.916000,2025,14,Hungarian Grand Prix,1,1,0,6.4,5.4,9.4,0.0,6.3,6.25
55,,Carlos Sainz,SAI,Williams,13.0,14.0,0.0,Lapped,,,,0 days 00:00:33.326000,2025,14,Hungarian Grand Prix,1,0,0,9.8,9.6,1.6,0.0,2.4,5.25
18,,Lance Stroll,STR,Aston Martin,6.0,7.0,6.0,Finished,,,,0 days 00:01:08.174000,2025,14,Hungarian Grand Prix,1,0,0,14.0,15.8,1.2,0.0,2.4,12.5
22,,Yuki Tsunoda,TSU,Red Bull,20.0,17.0,0.0,Lapped,,,,0 days 00:00:46.943000,2025,14,Hungarian Grand Prix,1,0,0,12.8,14.2,0.4,0.0,7.9,12.25
1,,Max Verstappen,VER,Red Bull,8.0,9.0,2.0,Finished,,,,0 days 00:01:12.645000,2025,14,Hungarian Grand Prix,1,0,0,3.2,2.0,15.4,0.0,7.8,4.0
23,,Alexander Albon,ALB,Williams,19.0,13.0,0.0,Finished,,,,0 days 00:01:12.870000,2025,17,Azerbaijan Grand Prix,1,0,0,11.4,11.6,3.2,0.2,2.2,10.333333333333334
14,,Fernando Alonso,ALO,Aston Martin,11.0,15.0,0.0,Finished,,,,0 days 00:01:18.707000,2025,17,Azerbaijan Grand Prix,1,0,0,10.2,5.8,3.6,0.2,3.0,5.75
12,,Andrea Kimi Antonelli,ANT,Mercedes,4.0,4.0,12.0,Finished,,,,0 days 00:00:21.760000,2025,17,Azerbaijan Grand Prix,1,0,0,13.2,11.4,3.2,0.4,6.3,
87,,Oliver Bearman,BEA,Haas F1 Team,15.0,12.0,0.0,Finished,,,,0 days 00:01:08.262000,2025,17,Azerbaijan Grand Prix,1,0,0,14.2,16.2,0.0,0.2,0.8,10.0
5,,Gabriel Bortoleto,BOR,Sauber,13.0,11.0,0.0,Finished,,,,0 days 00:01:07.606000,2025,17,Azerbaijan Grand Prix,1,0,0,14.0,13.6,1.6,0.2,2.7,
43,,Franco Colapinto,COL,Alpine F1 Team,16.0,19.0,0.0,Lapped,,,,0 days 00:00:06.325000,2025,17,Azerbaijan Grand Prix,1,0,0,16.0,15.6,0.0,0.2,0.8,8.0
10,,Pierre Gasly,GAS,Alpine F1 Team,18.0,18.0,0.0,Lapped,,,,0 days 00:00:03.865000,2025,17,Azerbaijan Grand Prix,1,0,0,14.6,14.2,1.6,0.2,0.8,8.5
6,,Isack Hadjar,HAD,RB F1 Team,8.0,10.0,1.0,Finished,,,,0 days 00:00:38.982000,2025,17,Azerbaijan Grand Prix,1,0,0,11.8,9.6,2.0,0.2,1.8,
44,,Lewis Hamilton,HAM,Ferrari,12.0,8.0,4.0,Finished,,,,0 days 00:00:36.310000,2025,17,Azerbaijan Grand Prix,1,0,0,6.2,8.2,8.4,0.0,9.0,8.5
27,,Nico Hülkenberg,HUL,Sauber,17.0,16.0,0.0,Finished,,,,0 days 00:01:20.237000,2025,17,Azerbaijan Grand Prix,1,0,0,10.4,15.6,3.8,0.0,2.7,14.0
30,,Liam Lawson,LAW,RB F1 Team,3.0,5.0,10.0,Finished,,,,0 days 00:00:33.290000,2025,17,Azerbaijan Grand Prix,1,0,0,13.6,13.4,1.6,0.4,1.7,
16,,Charles Leclerc,LEC,Ferrari,10.0,9.0,2.0,Finished,,,,0 days 00:00:36.774000,2025,17,Azerbaijan Grand Prix,1,0,0,6.2,5.6,9.6,0.0,8.2,7.0
4,,Lando Norris,NOR,McLaren,7.0,7.0,6.0,Finished,,,,0 days 00:00:34.227000,2025,17,Azerbaijan Grand Prix,1,0,0,4.6,3.6,18.6,0.2,17.1,6.75
31,,Esteban Ocon,OCO,Haas F1 Team,20.0,14.0,0.0,Finished,,,,0 days 00:01:17.580000,2025,17,Azerbaijan Grand Prix,1,0,0,13.0,14.2,1.6,0.2,0.8,15.0
81,,Oscar Piastri,PIA,McLaren,9.0,20.0,0.0,Retired,,,,,2025,17,Azerbaijan Grand Prix,0,0,0,2.8,2.2,15.6,0.0,15.9,6.0
63,,George Russell,RUS,Mercedes,5.0,2.0,18.0,Finished,,,,0 days 00:00:14.609000,2025,17,Azerbaijan Grand Prix,1,1,0,6.4,5.2,9.4,0.0,7.5,7.75
55,,Carlos Sainz,SAI,Williams,2.0,3.0,15.0,Finished,,,,0 days 00:00:19.199000,2025,17,Azerbaijan Grand Prix,1,1,0,10.8,11.0,1.2,0.0,1.2,12.75
18,,Lance Stroll,STR,Aston Martin,14.0,17.0,0.0,Finished,,,,0 days 00:01:36.392000,2025,17,Azerbaijan Grand Prix,1,0,0,12.2,13.4,2.4,0.0,3.0,15.25
22,,Yuki Tsunoda,TSU,Red Bull,6.0,6.0,8.0,Finished,,,,0 days 00:00:33.808000,2025,17,Azerbaijan Grand Prix,1,0,0,14.2,16.2,0.2,0.0,6.8,12.5
1,,Max Verstappen,VER,Red Bull,1.0,1.0,25.0,Finished,,,,0 days 01:33:26.408000,2025,17,Azerbaijan Grand Prix,1,1,1,4.2,3.4,13.4,0.0,7.5,6.5
23,,Alexander Albon,ALB,Williams,18.0,14.0,0.0,Finished,,,,0 days 00:01:20,2025,19,United States Grand Prix,1,0,0,13.0,14.0,1.2,0.2,2.3,12.666666666666666
14,,Fernando Alonso,ALO,Aston Martin,10.0,10.0,1.0,Finished,,,,0 days 00:01:10.001000,2025,19,United States Grand Prix,1,0,0,11.0,7.0,3.6,0.2,3.0,13.5
12,,Andrea Kimi Antonelli,ANT,Mercedes,7.0,13.0,0.0,Finished,,,,0 days 00:01:15.746000,2025,19,United States Grand Prix,1,0,0,10.2,9.6,5.6,0.2,8.7,
87,,Oliver Bearman,BEA,Haas F1 Team,8.0,9.0,2.0,Finished,,,,0 days 00:01:04.722000,2025,19,United States Grand Prix,1,0,0,13.2,15.4,0.0,0.2,0.8,
5,,Gabriel Bortoleto,BOR,Sauber,16.0,18.0,0.0,Lapped,,,,0 days 00:00:03.557000,2025,19,United States Grand Prix,1,0,0,12.6,13.4,1.6,0.2,2.7,
43,,Franco Colapinto,COL,Alpine F1 Team,15.0,17.0,0.0,Lapped,,,,0 days 00:00:02.307000,2025,19,United States Grand Prix,1,0,0,16.6,15.6,0.0,0.2,0.8,10.0
10,,Pierre Gasly,GAS,Alpine F1 Team,14.0,19.0,0.0,Lapped,,,,0 days 00:00:06.155000,2025,19,United States Grand Prix,1,0,0,15.6,15.8,1.6,0.2,0.8,13.0
6,,Isack Hadjar,HAD,RB F1 Team,20.0,16.0,0.0,Finished,,,,0 days 00:01:32.807000,2025,19,United States Grand Prix,1,0,0,12.0,9.4,1.8,0.2,2.7,
44,,Lewis Hamilton,HAM,Ferrari,5.0,4.0,12.0,Finished,,,,0 days 00:00:28.536000,2025,19,United States Grand Prix,1,0,0,7.0,8.2,6.8,0.0,7.6,10.75
27,,Nico Hülkenberg,HUL,Sauber,11.0,8.0,4.0,Finished,,,,0 days 00:00:57.249000,2025,19,United States Grand Prix,1,0,0,11.2,15.6,3.8,0.0,2.7,9.5
30,,Liam Lawson,LAW,RB F1 Team,12.0,11.0,0.0,Finished,,,,0 days 00:01:13.209000,2025,19,United States Grand Prix,1,0,0,11.8,11.0,3.6,0.4,1.9,9.0
16,,Charles Leclerc,LEC,Ferrari,3.0,3.0,15.0,Finished,,,,0 days 00:00:15.373000,2025,19,United States Grand Prix,1,1,0,6.8,5.4,8.4,0.0,7.8,7.0
4,,Lando Norris,NOR,McLaren,2.0,2.0,18.0,Finished,,,,0 days 00:00:07.959000,2025,19,United States Grand Prix,1,1,0,5.6,4.2,16.2,0.2,14.4,5.0
31,,Esteban Ocon,OCO,Haas F1 Team,17.0,15.0,0.0,Finished,,,,0 days 00:01:23.043000,2025,19,United States Grand Prix,1,0,0,11.8,14.6,1.6,0.0,1.0,16.5
81,,Oscar Piastri,PIA,McLaren,6.0,5.0,10.0,Finished,,,,0 days 00:00:29.678000,2025,19,United States Grand Prix,1,0,0,6.2,3.8,12.6,0.2,13.7,11.0
63,,George Russell,RUS,Mercedes,4.0,6.0,8.0,Finished,,,,0 days 00:00:33.456000,2025,19,United States Grand Prix,1,0,0,5.4,5.6,11.8,0.0,8.7,7.5
55,,Carlos Sainz,SAI,Williams,9.0,20.0,0.0,Retired,,,,,2025,19,United States Grand Prix,0,0,0,9.8,10.2,3.4,0.0,2.1,8.0
18,,Lance Stroll,STR,Aston Martin,19.0,12.0,0.0,Finished,,,,0 days 00:01:14.778000,2025,19,United States Grand Prix,1,0,0,12.6,14.6,2.4,0.0,3.1,13.0
22,,Yuki Tsunoda,TSU,Red Bull,13.0,7.0,6.0,Finished,,,,0 days 00:00:52.714000,2025,19,United States Grand Prix,1,0,0,13.4,13.4,1.6,0.0,7.5,10.25
1,,Max Verstappen,VER,Red Bull,1.0,1.0,25.0,Finished,,,,0 days 01:34:00.161000,2025,19,United States Grand Prix,1,1,1,4.2,3.2,13.4,0.0,8.1,1.5
23,,Alexander Albon,ALB,Williams,12.0,11.0,0.0,Finished,,,,0 days 00:00:54.184000,2025,21,São Paulo Grand Prix,1,0,0,14.0,15.6,0.8,0.2,2.0,17.333333333333332
14,,Fernando Alonso,ALO,Aston Martin,11.0,14.0,0.0,Finished,,,,0 days 00:00:55.766000,2025,21,São Paulo Grand Prix,1,0,0,9.2,7.8,3.8,0.0,3.1,7.75
12,,Andrea Kimi Antonelli,ANT,Mercedes,2.0,2.0,18.0,Finished,,,,0 days 00:00:10.388000,2025,21,São Paulo Grand Prix,1,1,0,9.2,8.0,5.6,0.2,9.5,
87,,Oliver Bearman,BEA,Haas F1 Team,8.0,6.0,8.0,Finished,,,,0 days 00:00:29.630000,2025,21,São Paulo Grand Prix,1,0,0,12.6,13.0,0.4,0.2,0.4,12.0
5,,Gabriel Bortoleto,BOR,Sauber,18.0,20.0,0.0,Retired,,,,,2025,21,São Paulo Grand Prix,0,0,0,13.4,13.4,1.6,0.2,3.1,
43,,Franco Colapinto,COL,Alpine F1 Team,16.0,15.0,0.0,Finished,,,,0 days 00:00:57.777000,2025,21,São Paulo Grand Prix,1,0,0,17.4,15.0,0.0,0.2,0.8,17.0
10,,Pierre Gasly,GAS,Alpine F1 Team,9.0,10.0,1.0,Finished,,,,0 days 00:00:53.914000,2025,21,São Paulo Grand Prix,1,0,0,15.4,15.2,1.6,0.0,0.8,7.75
6,,Isack Hadjar,HAD,RB F1 Team,5.0,8.0,4.0,Finished,,,,0 days 00:00:52.873000,2025,21,São Paulo Grand Prix,1,0,0,14.0,12.4,0.2,0.2,1.5,
44,,Lewis Hamilton,HAM,Ferrari,13.0,18.0,0.0,Retired,,,,,2025,21,São Paulo Grand Prix,0,0,0,6.8,7.8,7.2,0.0,7.5,5.25
27,,Nico Hülkenberg,HUL,Sauber,10.0,9.0,2.0,Finished,,,,0 days 00:00:53.324000,2025,21,São Paulo Grand Prix,1,0,0,9.6,15.2,4.6,0.0,3.1,16.0
30,,Liam Lawson,LAW,RB F1 Team,7.0,7.0,6.0,Finished,,,,0 days 00:00:52.642000,2025,21,São Paulo Grand Prix,1,0,0,12.4,11.6,2.8,0.4,1.9,9.0
16,,Charles Leclerc,LEC,Ferrari,3.0,19.0,0.0,Retired,,,,,2025,21,São Paulo Grand Prix,0,0,0,7.0,5.6,7.8,0.0,6.7,8.5
4,,Lando Norris,NOR,McLaren,1.0,1.0,25.0,Finished,,,,0 days 01:32:01.596000,2025,21,São Paulo Grand Prix,1,1,1,5.8,4.4,14.8,0.2,13.2,9.0
31,,Esteban Ocon,OCO,Haas F1 Team,20.0,12.0,0.0,Finished,,,,0 days 00:00:54.696000,2025,21,São Paulo Grand Prix,1,0,0,13.4,16.4,0.4,0.0,1.2,7.0
81,,Oscar Piastri,PIA,McLaren,4.0,5.0,10.0,Finished,,,,0 days 00:00:15.749000,2025,21,São Paulo Grand Prix,1,0,0,6.6,4.4,11.6,0.2,15.7,11.0
63,,George Russell,RUS,Mercedes,6.0,4.0,12.0,Finished,,,,0 days 00:00:15.267000,2025,21,São Paulo Grand Prix,1,0,0,4.4,3.6,13.4,0.0,9.8,8.25
55,,Carlos Sainz,SAI,Williams,15.0,13.0,0.0,Finished,,,,0 days 00:00:55.420000,2025,21,São Paulo Grand Prix,1,0,0,11.8,9.8,3.2,0.2,2.0,7.75
18,,Lance Stroll,STR,Aston Martin,14.0,16.0,0.0,Finished,,,,0 days 00:00:58.247000,2025,21,São Paulo Grand Prix,1,0,0,12.0,14.6,2.4,0.0,2.5,13.5
22,,Yuki Tsunoda,TSU,Red Bull,17.0,17.0,0.0,Finished,,,,0 days 00:01:09.176000,2025,21,São Paulo Grand Prix,1,0,0,11.4,13.6,2.8,0.0,9.4,12.0
1,,Max Verstappen,VER,Red Bull,19.0,3.0,15.0,Finished,,,,0 days 00:00:10.750000,2025,21,São Paulo Grand Prix,1,1,0,3.6,2.6,16.0,0.0,9.4,2.5
23,,Alexander Albon,ALB,Williams,17.0,16.0,0.0,Finished,,,,0 days 00:01:30.327000,2025,24,Abu Dhabi Grand Prix,1,0,0,12.2,16.2,0.8,0.0,1.9,12.666666666666666
14,,Fernando Alonso,ALO,Aston Martin,6.0,6.0,8.0,Finished,,,,0 days 00:01:07.562000,2025,24,Abu Dhabi Grand Prix,1,0,0,10.6,8.8,2.6,0.0,2.5,11.0
12,,Andrea Kimi Antonelli,ANT,Mercedes,14.0,15.0,0.0,Finished,,,,0 days 00:01:24.399000,2025,24,Abu Dhabi Grand Prix,1,0,0,9.0,7.6,6.2,0.2,8.5,
87,,Oliver Bearman,BEA,Haas F1 Team,11.0,12.0,0.0,Finished,,,,0 days 00:01:21.166000,2025,24,Abu Dhabi Grand Prix,1,0,0,11.6,12.0,2.0,0.2,1.0,
5,,Gabriel Bortoleto,BOR,Sauber,7.0,11.0,0.0,Finished,,,,0 days 00:01:21.043000,2025,24,Abu Dhabi Grand Prix,1,0,0,14.6,14.0,1.6,0.4,2.9,
43,,Franco Colapinto,COL,Alpine F1 Team,20.0,20.0,0.0,Lapped,,,,0 days 00:00:14.003000,2025,24,Abu Dhabi Grand Prix,1,0,0,17.8,16.2,0.0,0.2,0.9,19.0
10,,Pierre Gasly,GAS,Alpine F1 Team,19.0,19.0,0.0,Lapped,,,,0 days 00:00:11.908000,2025,24,Abu Dhabi Grand Prix,1,0,0,14.4,13.0,1.8,0.0,0.9,9.75
6,,Isack Hadjar,HAD,RB F1 Team,9.0,17.0,0.0,Lapped,,,,0 days 00:00:01.327000,2025,24,Abu Dhabi Grand Prix,1,0,0,12.4,11.0,1.0,0.2,2.5,
44,,Lewis Hamilton,HAM,Ferrari,16.0,8.0,4.0,Finished,,,,0 days 00:01:12.670000,2025,24,Abu Dhabi Grand Prix,1,0,0,9.2,9.4,5.6,0.2,5.7,8.25
27,,Nico Hülkenberg,HUL,Sauber,18.0,9.0,2.0,Finished,,,,0 days 00:01:19.014000,2025,24,Abu Dhabi Grand Prix,1,0,0,9.8,15.0,4.2,0.0,2.9,11.5
30,,Liam Lawson,LAW,RB F1 Team,13.0,18.0,0.0,Lapped,,,,0 days 00:00:04.659000,2025,24,Abu Dhabi Grand Prix,1,0,0,10.0,9.2,4.0,0.2,2.5,17.0
16,,Charles Leclerc,LEC,Ferrari,5.0,4.0,12.0,Finished,,,,0 days 00:00:23.279000,2025,24,Abu Dhabi Grand Prix,1,0,0,9.8,4.6,5.8,0.2,4.9,4.25
4,,Lando Norris,NOR,McLaren,2.0,3.0,15.0,Finished,,,,0 days 00:00:16.572000,2025,24,Abu Dhabi Grand Prix,1,1,0,2.4,3.2,19.8,0.0,15.5,4.75
31,,Esteban Ocon,OCO,Haas F1 Team,8.0,7.0,6.0,Finished,,,,0 days 00:01:09.876000,2025,24,Abu Dhabi Grand Prix,1,0,0,14.0,17.6,0.0,0.0,1.0,9.333333333333334
81,,Oscar Piastri,PIA,McLaren,3.0,2.0,18.0,Finished,,,,0 days 00:00:12.594000,2025,24,Abu Dhabi Grand Prix,1,1,0,6.8,4.6,11.2,0.2,14.5,8.0
63,,George Russell,RUS,Mercedes,4.0,5.0,10.0,Finished,,,,0 days 00:00:48.563000,2025,24,Abu Dhabi Grand Prix,1,0,0,5.0,4.6,10.8,0.0,8.5,7.75
55,,Carlos Sainz,SAI,Williams,12.0,13.0,0.0,Finished,,,,0 days 00:01:22.158000,2025,24,Abu Dhabi Grand Prix,1,0,0,12.4,9.6,3.0,0.2,1.5,6.75
18,,Lance Stroll,STR,Aston Martin,15.0,10.0,1.0,Finished,,,,0 days 00:01:19.523000,2025,24,Abu Dhabi Grand Prix,1,0,0,11.8,14.0,2.4,0.0,3.1,11.25
22,,Yuki Tsunoda,TSU,Red Bull,10.0,14.0,0.0,Finished,,,,0 days 00:01:23.794000,2025,24,Abu Dhabi Grand Prix,1,0,0,12.4,13.4,2.8,0.0,9.1,8.75
1,,Max Verstappen,VER,Red Bull,1.0,1.0,25.0,Finished,,,,0 days 01:26:07.469000,2025,24,Abu Dhabi Grand Prix,1,1,1,3.8,6.0,15.4,0.0,9.1,2.25
23,A ALBON,,ALB,Williams,15.0,12.0,0.0,Lapped,,,,,2026,1,Australian Grand Prix,1,0,0,13.8,17.0,0.0,0.0,1.5,11.25
14,F ALONSO,,ALO,Aston Martin,17.0,18.0,0.0,Retired,,,,,2026,1,Australian Grand Prix,0,0,0,10.0,8.6,3.8,0.0,2.6,11.25
12,K ANTONELLI,,ANT,Mercedes,2.0,2.0,18.0,Finished,,,,,2026,1,Australian Grand Prix,1,1,0,8.8,8.4,6.2,0.0,9.4,4.0
87,O BEARMAN,,BEA,Haas F1 Team,12.0,7.0,6.0,Lapped,,,,,2026,1,Australian Grand Prix,1,0,0,11.8,10.6,2.0,0.2,1.6,14.0
5,G BORTOLETO,,BOR,Audi,10.0,9.0,2.0,Lapped,,,,,2026,1,Australian Grand Prix,1,0,0,13.2,12.2,1.6,0.2,,16.0
77,V BOTTAS,,BOT,Cadillac,19.0,19.0,0.0,Retired,,,,,2026,1,Australian Grand Prix,0,0,0,14.8,13.4,0.0,0.2,,11.0
43,F COLAPINTO,,COL,Alpine,16.0,14.0,0.0,Lapped,,,,,2026,1,Australian Grand Prix,1,0,0,17.8,16.2,0.0,0.0,4.8,
10,P GASLY,,GAS,Alpine,14.0,10.0,1.0,Lapped,,,,,2026,1,Australian Grand Prix,1,0,0,17.0,15.2,0.2,0.0,4.2,11.5
6,I HADJAR,,HAD,Red Bull Racing,3.0,20.0,0.0,Retired,,,,,2026,1,Australian Grand Prix,0,0,0,12.4,10.4,1.0,0.0,17.4,20.0
44,L HAMILTON,,HAM,Ferrari,7.0,4.0,12.0,Finished,,,,,2026,1,Australian Grand Prix,1,0,0,10.0,11.6,4.0,0.2,6.1,8.5
27,N HULKENBERG,,HUL,Audi,11.0,22.0,0.0,Did not start,,,,,2026,1,Australian Grand Prix,0,0,0,11.0,14.8,1.6,0.0,2.0,7.666666666666667
30,L LAWSON,,LAW,Racing Bulls,8.0,13.0,0.0,Lapped,,,,,2026,1,Australian Grand Prix,1,0,0,9.8,8.8,4.0,0.0,,15.0
16,C LECLERC,,LEC,Ferrari,4.0,3.0,15.0,Finished,,,,,2026,1,Australian Grand Prix,1,1,0,7.8,4.4,8.2,0.2,7.3,7.75
41,A LINDBLAD,,LIN,Racing Bulls,9.0,8.0,4.0,Lapped,,,,,2026,1,Australian Grand Prix,1,0,0,,,,,0.0,
1,L NORRIS,,NOR,McLaren,6.0,5.0,10.0,Finished,,,,,2026,1,Australian Grand Prix,1,0,0,2.8,3.0,17.8,0.0,14.5,3.75
31,E OCON,,OCO,Haas F1 Team,13.0,11.0,0.0,Lapped,,,,,2026,1,Australian Grand Prix,1,0,0,12.8,16.4,1.2,0.0,2.2,12.5
11,S PEREZ,,PER,Cadillac,18.0,16.0,0.0,Lapped,,,,,2026,1,Australian Grand Prix,1,0,0,15.0,12.8,0.2,0.4,0.0,4.0
81,O PIASTRI,,PIA,McLaren,5.0,21.0,0.0,Did not start,,,,,2026,1,Australian Grand Prix,0,0,0,6.8,4.8,11.2,0.2,13.0,7.0
63,G RUSSELL,,RUS,Mercedes,1.0,1.0,25.0,Finished,,,,,2026,1,Australian Grand Prix,1,1,1,4.0,4.6,12.6,0.0,11.1,10.25
55,C SAINZ,,SAI,Williams,21.0,15.0,0.0,Lapped,,,,,2026,1,Australian Grand Prix,1,0,0,12.6,10.2,3.0,0.2,1.5,12.75
18,L STROLL,,STR,Aston Martin,22.0,17.0,0.0,Lapped,,,,,2026,1,Australian Grand Prix,1,0,0,12.4,13.6,1.4,0.0,1.6,7.0
3,M VERSTAPPEN,,VER,Red Bull Racing,20.0,6.0,8.0,Finished,,,,,2026,1,Australian Grand Prix,1,0,0,3.0,6.0,18.4,0.0,15.6,10.0
23,A ALBON,,ALB,Williams,22.0,22.0,0.0,Did not start,,,,,2026,2,Chinese Grand Prix,0,0,0,13.2,16.2,0.0,0.0,1.5,9.5
14,F ALONSO,,ALO,Aston Martin,18.0,17.0,0.0,Retired,,,,,2026,2,Chinese Grand Prix,0,0,0,12.6,11.0,1.8,0.2,1.0,12.0
12,K ANTONELLI,,ANT,Mercedes,1.0,1.0,25.0,Finished,,,,,2026,2,Chinese Grand Prix,1,1,1,7.2,5.8,9.6,0.0,12.1,6.0
87,O BEARMAN,,BEA,Haas F1 Team,10.0,5.0,10.0,Finished,,,,,2026,2,Chinese Grand Prix,1,0,0,9.2,10.8,3.2,0.0,2.2,8.0
5,G BORTOLETO,,BOR,Audi,16.0,21.0,0.0,Did not start,,,,,2026,2,Chinese Grand Prix,0,0,0,13.8,12.8,0.4,0.2,1.0,14.0
77,V BOTTAS,,BOT,Cadillac,19.0,13.0,0.0,Lapped,,,,,2026,2,Chinese Grand Prix,1,0,0,15.8,14.2,0.0,0.4,0.0,20.0
43,F COLAPINTO,,COL,Alpine,12.0,10.0,1.0,Lapped,,,,,2026,2,Chinese Grand Prix,1,0,0,17.0,16.6,0.0,0.0,3.1,
10,P GASLY,,GAS,Alpine,7.0,6.0,8.0,Finished,,,,,2026,2,Chinese Grand Prix,1,0,0,15.2,14.8,0.4,0.0,2.6,16.5
6,I HADJAR,,HAD,Red Bull Racing,9.0,8.0,4.0,Finished,,,,,2026,2,Chinese Grand Prix,1,0,0,14.2,9.0,1.0,0.2,13.9,11.0
44,L HAMILTON,,HAM,Ferrari,3.0,3.0,15.0,Finished,,,,,2026,2,Chinese Grand Prix,1,1,0,8.4,10.6,6.4,0.2,7.6,14.0
27,N HULKENBERG,,HUL,Audi,11.0,11.0,0.0,Lapped,,,,,2026,2,Chinese Grand Prix,1,0,0,12.8,13.4,1.6,0.2,0.6666666666666666,12.5
30,L LAWSON,,LAW,Racing Bulls,14.0,7.0,6.0,Finished,,,,,2026,2,Chinese Grand Prix,1,0,0,10.8,8.6,3.2,0.0,2.0,12.0
16,C LECLERC,,LEC,Ferrari,4.0,4.0,12.0,Finished,,,,,2026,2,Chinese Grand Prix,1,0,0,7.6,5.0,8.8,0.2,8.7,11.0
41,A LINDBLAD,,LIN,Racing Bulls,15.0,12.0,0.0,Lapped,,,,,2026,2,Chinese Grand Prix,1,0,0,8.0,9.0,4.0,0.0,3.3333333333333335,
1,L NORRIS,,NOR,McLaren,6.0,20.0,0.0,Did not start,,,,,2026,2,Chinese Grand Prix,0,0,0,3.6,3.6,14.8,0.0,11.2,2.0
31,E OCON,,OCO,Haas F1 Team,13.0,14.0,0.0,Lapped,,,,,2026,2,Chinese Grand Prix,1,0,0,11.8,15.6,1.2,0.0,3.2,8.0
11,S PEREZ,,PER,Cadillac,21.0,15.0,0.0,Lapped,,,,,2026,2,Chinese Grand Prix,1,0,0,14.8,12.8,0.2,0.4,0.0,3.0
81,O PIASTRI,,PIA,McLaren,5.0,19.0,0.0,Did not start,,,,,2026,2,Chinese Grand Prix,0,0,0,10.6,5.4,7.6,0.4,10.6,4.5
63,G RUSSELL,,RUS,Mercedes,2.0,2.0,18.0,Finished,,,,,2026,2,Chinese Grand Prix,1,1,0,3.6,4.0,14.6,0.0,13.4,4.5
55,C SAINZ,,SAI,Williams,17.0,9.0,2.0,Lapped,,,,,2026,2,Chinese Grand Prix,1,0,0,12.8,11.8,3.0,0.2,1.5,7.5
18,L STROLL,,STR,Aston Martin,20.0,18.0,0.0,Retired,,,,,2026,2,Chinese Grand Prix,0,0,0,14.4,16.8,0.2,0.0,1.0,12.0
3,M VERSTAPPEN,,VER,Red Bull Racing,8.0,16.0,0.0,Retired,,,,,2026,2,Chinese Grand Prix,0,0,0,2.4,8.4,19.6,0.0,13.1,2.5
23,A ALBON,,ALB,Williams,17.0,20.0,0.0,Lapped,,,,,2026,3,Japanese Grand Prix,1,0,0,15.0,16.8,0.0,0.2,0.2,16.25
14,F ALONSO,,ALO,Aston Martin,21.0,18.0,0.0,Lapped,,,,,2026,3,Japanese Grand Prix,1,0,0,13.0,12.4,1.8,0.4,1.0,8.0
12,K ANTONELLI,,ANT,Mercedes,1.0,1.0,25.0,Finished,,,,,2026,3,Japanese Grand Prix,1,1,1,6.6,5.2,12.2,0.0,13.4,6.0
87,O BEARMAN,,BEA,Haas F1 Team,18.0,22.0,0.0,Retired,,,,,2026,3,Japanese Grand Prix,0,0,0,7.8,9.8,5.2,0.0,3.2,10.0
5,G BORTOLETO,,BOR,Audi,9.0,13.0,0.0,Finished,,,,,2026,3,Japanese Grand Prix,1,0,0,15.8,13.4,0.4,0.4,0.5,19.0
77,V BOTTAS,,BOT,Cadillac,20.0,19.0,0.0,Lapped,,,,,2026,3,Japanese Grand Prix,1,0,0,15.8,15.8,0.0,0.4,0.0,16.333333333333332
43,F COLAPINTO,,COL,Alpine,15.0,16.0,0.0,Finished,,,,,2026,3,Japanese Grand Prix,1,0,0,15.2,15.8,0.2,0.0,3.4,
10,P GASLY,,GAS,Alpine,7.0,7.0,6.0,Finished,,,,,2026,3,Japanese Grand Prix,1,0,0,12.8,12.6,2.0,0.0,3.4,14.25
6,I HADJAR,,HAD,Red Bull Racing,8.0,12.0,0.0,Finished,,,,,2026,3,Japanese Grand Prix,1,0,0,13.8,9.2,1.6,0.2,10.6,8.0
44,L HAMILTON,,HAM,Ferrari,6.0,6.0,8.0,Finished,,,,,2026,3,Japanese Grand Prix,1,0,0,7.4,8.8,8.6,0.2,9.7,6.5
27,N HULKENBERG,,HUL,Audi,13.0,11.0,0.0,Finished,,,,,2026,3,Japanese Grand Prix,1,0,0,11.8,12.2,1.6,0.2,0.4,13.666666666666666
30,L LAWSON,,LAW,Racing Bulls,14.0,9.0,2.0,Finished,,,,,2026,3,Japanese Grand Prix,1,0,0,11.2,10.8,2.4,0.0,2.5,14.0
16,C LECLERC,,LEC,Ferrari,4.0,3.0,15.0,Finished,,,,,2026,3,Japanese Grand Prix,1,1,0,6.6,3.8,10.8,0.2,9.3,3.75
41,A LINDBLAD,,LIN,Racing Bulls,10.0,14.0,0.0,Finished,,,,,2026,3,Japanese Grand Prix,1,0,0,10.0,12.0,2.0,0.0,2.4,
1,L NORRIS,,NOR,McLaren,5.0,5.0,10.0,Finished,,,,,2026,3,Japanese Grand Prix,1,0,0,6.2,3.4,13.6,0.2,10.6,4.75
31,E OCON,,OCO,Haas F1 Team,12.0,10.0,1.0,Finished,,,,,2026,3,Japanese Grand Prix,1,0,0,11.8,14.2,1.2,0.0,3.0,11.5
11,S PEREZ,,PER,Cadillac,19.0,17.0,0.0,Finished,,,,,2026,3,Japanese Grand Prix,1,0,0,15.6,14.6,0.2,0.4,0.0,7.666666666666667
81,O PIASTRI,,PIA,McLaren,3.0,2.0,18.0,Finished,,,,,2026,3,Japanese Grand Prix,1,1,0,10.4,4.6,7.6,0.4,9.8,4.666666666666667
63,G RUSSELL,,RUS,Mercedes,2.0,4.0,12.0,Finished,,,,,2026,3,Japanese Grand Prix,1,0,0,3.6,3.4,14.6,0.0,15.9,6.75
55,C SAINZ,,SAI,Williams,16.0,15.0,0.0,Finished,,,,,2026,3,Japanese Grand Prix,1,0,0,14.0,14.8,0.4,0.2,0.2,10.5
18,L STROLL,,STR,Aston Martin,22.0,21.0,0.0,Retired,,,,,2026,3,Japanese Grand Prix,0,0,0,14.6,18.0,0.2,0.2,0.9,15.5
3,M VERSTAPPEN,,VER,Red Bull Racing,11.0,8.0,4.0,Finished,,,,,2026,3,Japanese Grand Prix,1,0,0,5.4,9.8,14.6,0.2,9.1,1.0
23,A ALBON,,ALB,Williams,15.0,10.0,1.0,Finished,,,,,2026,4,Miami Grand Prix,1,0,0,16.2,16.6,0.0,0.2,0.2,11.5
14,F ALONSO,,ALO,Aston Martin,17.0,15.0,0.0,Lapped,,,,,2026,4,Miami Grand Prix,1,0,0,14.6,14.6,1.6,0.4,0.9,9.5
12,K ANTONELLI,,ANT,Mercedes,1.0,1.0,25.0,Finished,,,,,2026,4,Miami Grand Prix,1,1,1,4.2,4.0,17.2,0.0,16.3,6.0
87,O BEARMAN,,BEA,Haas F1 Team,12.0,11.0,0.0,Lapped,,,,,2026,4,Miami Grand Prix,1,0,0,10.4,11.8,4.8,0.2,3.1,19.0
5,G BORTOLETO,,BOR,Audi,21.0,12.0,0.0,Lapped,,,,,2026,4,Miami Grand Prix,1,0,0,14.8,12.0,0.4,0.4,0.3333333333333333,18.0
77,V BOTTAS,,BOT,Cadillac,19.0,18.0,0.0,Lapped,,,,,2026,4,Miami Grand Prix,1,0,0,16.0,16.0,0.0,0.4,0.0,12.0
43,F COLAPINTO,,COL,Alpine,8.0,7.0,6.0,Finished,,,,,2026,4,Miami Grand Prix,1,0,0,15.0,15.8,0.2,0.0,3.6,
10,P GASLY,,GAS,Alpine,9.0,21.0,0.0,Retired,,,,,2026,4,Miami Grand Prix,0,0,0,10.4,11.2,3.2,0.0,3.2,12.75
6,I HADJAR,,HAD,Red Bull Racing,22.0,22.0,0.0,Retired,,,,,2026,4,Miami Grand Prix,0,0,0,13.0,6.8,1.6,0.2,7.0,11.0
44,L HAMILTON,,HAM,Ferrari,6.0,6.0,8.0,Finished,,,,,2026,4,Miami Grand Prix,1,0,0,7.8,9.0,7.8,0.2,9.3,6.5
27,N HULKENBERG,,HUL,Audi,10.0,19.0,0.0,Retired,,,,,2026,4,Miami Grand Prix,0,0,0,12.4,12.6,0.8,0.2,0.2857142857142857,13.333333333333334
30,L LAWSON,,LAW,Racing Bulls,11.0,20.0,0.0,Retired,,,,,2026,4,Miami Grand Prix,0,0,0,10.8,11.2,2.8,0.0,2.0,17.0
16,C LECLERC,,LEC,Ferrari,3.0,8.0,4.0,Finished,,,,,2026,4,Miami Grand Prix,1,0,0,6.6,4.0,10.8,0.2,10.1,4.75
41,A LINDBLAD,,LIN,Racing Bulls,16.0,14.0,0.0,Lapped,,,,,2026,4,Miami Grand Prix,1,0,0,11.333333333333334,11.333333333333334,1.3333333333333333,0.0,1.7142857142857142,
1,L NORRIS,,NOR,McLaren,4.0,2.0,18.0,Finished,,,,,2026,4,Miami Grand Prix,1,1,0,6.8,4.0,12.0,0.2,10.6,9.75
31,E OCON,,OCO,Haas F1 Team,14.0,13.0,0.0,Lapped,,,,,2026,4,Miami Grand Prix,1,0,0,10.8,13.2,1.4,0.0,2.3,9.75
11,S PEREZ,,PER,Cadillac,20.0,16.0,0.0,Lapped,,,,,2026,4,Miami Grand Prix,1,0,0,17.0,15.4,0.0,0.4,0.0,3.3333333333333335
81,O PIASTRI,,PIA,McLaren,7.0,3.0,15.0,Finished,,,,,2026,4,Miami Grand Prix,1,1,0,9.8,4.0,9.2,0.4,9.9,11.0
63,G RUSSELL,,RUS,Mercedes,5.0,4.0,12.0,Finished,,,,,2026,4,Miami Grand Prix,1,0,0,3.2,3.0,15.4,0.0,17.0,5.0
55,C SAINZ,,SAI,Williams,13.0,9.0,2.0,Finished,,,,,2026,4,Miami Grand Prix,1,0,0,13.0,16.2,0.4,0.0,0.3,5.5
18,L STROLL,,STR,Aston Martin,18.0,17.0,0.0,Lapped,,,,,2026,4,Miami Grand Prix,1,0,0,16.4,18.6,0.2,0.4,0.9,13.75
3,M VERSTAPPEN,,VER,Red Bull Racing,2.0,5.0,10.0,Finished,,,,,2026,4,Miami Grand Prix,1,0,0,6.8,11.8,10.4,0.2,6.4,2.0
23,A ALBON,,ALB,Williams,18.0,21.0,0.0,Retired,,,,,2026,5,Canadian Grand Prix,0,0,0,16.0,17.2,0.2,0.2,0.5,14.25
14,F ALONSO,,ALO,Aston Martin,19.0,20.0,0.0,Retired,,,,,2026,5,Canadian Grand Prix,0,0,0,14.8,15.8,1.6,0.4,0.9,6.0
12,K ANTONELLI,,ANT,Mercedes,2.0,1.0,25.0,Finished,,,,,2026,5,Canadian Grand Prix,1,1,1,4.0,3.8,18.6,0.0,17.0,3.0
87,O BEARMAN,,BEA,Haas F1 Team,16.0,10.0,1.0,Lapped,,,,,2026,5,Canadian Grand Prix,1,0,0,11.4,12.6,3.2,0.2,2.3,11.0
5,G BORTOLETO,,BOR,Audi,13.0,13.0,0.0,Lapped,,,,,2026,5,Canadian Grand Prix,1,0,0,13.2,12.6,0.4,0.2,0.25,14.0
77,V BOTTAS,,BOT,Cadillac,21.0,16.0,0.0,Lapped,,,,,2026,5,Canadian Grand Prix,1,0,0,17.4,17.2,0.0,0.4,0.0,10.0
43,F COLAPINTO,,COL,Alpine,10.0,6.0,8.0,Lapped,,,,,2026,5,Canadian Grand Prix,1,0,0,13.4,14.2,1.4,0.0,2.8,13.0
10,P GASLY,,GAS,Alpine,14.0,8.0,4.0,Lapped,,,,,2026,5,Canadian Grand Prix,1,0,0,12.6,11.2,3.0,0.2,3.6,12.5
6,I HADJAR,,HAD,Red Bull Racing,7.0,5.0,10.0,Lapped,,,,,2026,5,Canadian Grand Prix,1,0,0,15.8,10.2,0.8,0.4,6.6,16.0
44,L HAMILTON,,HAM,Ferrari,5.0,2.0,18.0,Finished,,,,,2026,5,Canadian Grand Prix,1,1,0,5.4,7.6,9.4,0.0,10.5,4.0
27,N HULKENBERG,,HUL,Audi,11.0,12.0,0.0,Lapped,,,,,2026,5,Canadian Grand Prix,1,0,0,14.4,12.6,0.4,0.4,0.2222222222222222,11.333333333333334
30,L LAWSON,,LAW,Racing Bulls,12.0,7.0,6.0,Lapped,,,,,2026,5,Canadian Grand Prix,1,0,0,13.4,12.0,1.6,0.2,1.5,19.0
16,C LECLERC,,LEC,Ferrari,8.0,4.0,12.0,Finished,,,,,2026,5,Canadian Grand Prix,1,0,0,4.4,4.0,11.6,0.0,11.9,8.25
41,A LINDBLAD,,LIN,Racing Bulls,9.0,22.0,0.0,Did not start,,,,,2026,5,Canadian Grand Prix,0,0,0,12.0,12.5,1.0,0.0,2.0,
1,L NORRIS,,NOR,McLaren,3.0,18.0,0.0,Retired,,,,,2026,5,Canadian Grand Prix,0,0,0,7.0,4.6,10.6,0.2,10.4,12.0
31,E OCON,,OCO,Haas F1 Team,17.0,14.0,0.0,Lapped,,,,,2026,5,Canadian Grand Prix,1,0,0,11.0,12.0,1.4,0.0,2.4,8.25
11,S PEREZ,,PER,Cadillac,20.0,17.0,0.0,Retired,,,,,2026,5,Canadian Grand Prix,0,0,0,16.8,17.6,0.0,0.2,0.0,14.666666666666666
81,O PIASTRI,,PIA,McLaren,4.0,11.0,0.0,Lapped,,,,,2026,5,Canadian Grand Prix,1,0,0,9.4,4.6,10.2,0.4,8.9,6.666666666666667
63,G RUSSELL,,RUS,Mercedes,1.0,19.0,0.0,Retired,,,,,2026,5,Canadian Grand Prix,0,0,0,3.2,2.8,15.4,0.0,19.5,6.75
55,C SAINZ,,SAI,Williams,15.0,9.0,2.0,Lapped,,,,,2026,5,Canadian Grand Prix,1,0,0,12.2,15.8,0.8,0.0,0.5,8.25
18,L STROLL,,STR,Aston Martin,22.0,15.0,0.0,Lapped,,,,,2026,5,Canadian Grand Prix,1,0,0,16.6,19.4,0.2,0.4,0.1,10.75
3,M VERSTAPPEN,,VER,Red Bull Racing,6.0,3.0,15.0,Finished,,,,,2026,5,Canadian Grand Prix,1,1,0,7.2,8.4,9.4,0.2,6.1,1.25
23,A ALBON,,ALB,Williams,11.0,8.0,4.0,Finished,,,,,2026,6,Monaco Grand Prix,1,0,0,17.0,17.4,0.2,0.4,0.7,12.5
14,F ALONSO,,ALO,Aston Martin,21.0,10.0,1.0,Finished,,,,,2026,6,Monaco Grand Prix,1,0,0,17.6,18.4,0.0,0.6,0.0,10.4
12,K ANTONELLI,,ANT,Mercedes,1.0,1.0,25.0,Finished,,,,,2026,6,Monaco Grand Prix,1,1,1,1.2,1.4,23.6,0.0,18.5,18.0
87,O BEARMAN,,BEA,Haas F1 Team,19.0,20.0,0.0,Retired,,,,,2026,6,Monaco Grand Prix,0,0,0,11.0,13.6,3.4,0.2,1.8,12.0
5,G BORTOLETO,,BOR,Audi,16.0,11.0,0.0,Finished,,,,,2026,6,Monaco Grand Prix,1,0,0,13.6,13.8,0.4,0.2,0.2,14.0
77,V BOTTAS,,BOT,Cadillac,20.0,21.0,0.0,Retired,,,,,2026,6,Monaco Grand Prix,0,0,0,17.0,19.6,0.0,0.2,0.0,13.0
43,F COLAPINTO,,COL,Alpine,14.0,14.0,0.0,Finished,,,,,2026,6,Monaco Grand Prix,1,0,0,10.6,12.2,3.0,0.0,3.4,13.0
10,P GASLY,,GAS,Alpine,9.0,3.0,15.0,Finished,,,,,2026,6,Monaco Grand Prix,1,1,0,10.4,10.2,3.8,0.2,3.4,10.8
6,I HADJAR,,HAD,Red Bull Racing,5.0,4.0,12.0,Finished,,,,,2026,6,Monaco Grand Prix,1,0,0,13.4,9.8,2.8,0.4,5.1,6.0
44,L HAMILTON,,HAM,Ferrari,3.0,2.0,18.0,Finished,,,,,2026,6,Monaco Grand Prix,1,1,0,4.2,5.4,12.2,0.0,11.9,6.2
27,N HULKENBERG,,HUL,Audi,13.0,13.0,0.0,Finished,,,,,2026,6,Monaco Grand Prix,1,0,0,15.0,11.2,0.0,0.4,0.0,17.333333333333332
30,L LAWSON,,LAW,Racing Bulls,10.0,6.0,8.0,Finished,,,,,2026,6,Monaco Grand Prix,1,0,0,11.2,11.8,2.8,0.2,1.8,8.0
16,C LECLERC,,LEC,Ferrari,4.0,17.0,0.0,Retired,,,,,2026,6,Monaco Grand Prix,0,0,0,4.4,4.6,11.6,0.0,12.5,6.6
41,A LINDBLAD,,LIN,Racing Bulls,15.0,7.0,6.0,Finished,,,,,2026,6,Monaco Grand Prix,1,0,0,14.0,11.8,0.8,0.2,2.6,
1,L NORRIS,,NOR,McLaren,8.0,19.0,0.0,Retired,,,,,2026,6,Monaco Grand Prix,0,0,0,10.0,4.8,7.6,0.4,7.1,4.6
31,E OCON,,OCO,Haas F1 Team,17.0,9.0,2.0,Finished,,,,,2026,6,Monaco Grand Prix,1,0,0,12.4,13.8,0.2,0.0,1.2,9.6
11,S PEREZ,,PER,Cadillac,18.0,15.0,0.0,Finished,,,,,2026,6,Monaco Grand Prix,1,0,0,16.2,19.6,0.0,0.2,0.0,9.75
81,O PIASTRI,,PIA,McLaren,7.0,5.0,10.0,Finished,,,,,2026,6,Monaco Grand Prix,1,0,0,11.2,4.8,6.6,0.4,6.1,5.0
63,G RUSSELL,,RUS,Mercedes,6.0,12.0,0.0,Finished,,,,,2026,6,Monaco Grand Prix,1,0,0,6.0,2.2,13.4,0.2,19.2,8.0
55,C SAINZ,,SAI,Williams,12.0,16.0,0.0,Retired,,,,,2026,6,Monaco Grand Prix,0,0,0,11.4,16.4,1.2,0.0,1.1,5.0
18,L STROLL,,STR,Aston Martin,22.0,18.0,0.0,Retired,,,,,2026,6,Monaco Grand Prix,0,0,0,17.6,20.8,0.0,0.4,0.1,14.2
3,M VERSTAPPEN,,VER,Red Bull Racing,2.0,22.0,0.0,Retired,,,,,2026,6,Monaco Grand Prix,0,0,0,7.6,9.4,7.4,0.2,6.3,3.0
23,A ALBON,,ALB,Williams,18.0,18.0,0.0,Lapped,,,,,2026,7,Barcelona Grand Prix,1,0,0,16.2,16.6,1.0,0.4,1.1,
14,F ALONSO,,ALO,Aston Martin,22.0,19.0,0.0,Retired,,,,,2026,7,Barcelona Grand Prix,0,0,0,16.0,19.2,0.2,0.4,0.1,
12,K ANTONELLI,,ANT,Mercedes,3.0,16.0,0.0,Retired,,,,,2026,7,Barcelona Grand Prix,0,0,0,1.0,1.2,25.0,0.0,16.7,
87,O BEARMAN,,BEA,Haas F1 Team,15.0,17.0,0.0,Retired,,,,,2026,7,Barcelona Grand Prix,0,0,0,13.6,15.0,2.2,0.4,1.4,
5,G BORTOLETO,,BOR,Audi,12.0,11.0,0.0,Lapped,,,,,2026,7,Barcelona Grand Prix,1,0,0,14.0,15.0,0.0,0.2,0.0,
77,V BOTTAS,,BOT,Cadillac,20.0,21.0,0.0,Retired,,,,,2026,7,Barcelona Grand Prix,0,0,0,17.4,19.8,0.0,0.2,0.0,
43,F COLAPINTO,,COL,Alpine,13.0,10.0,1.0,Lapped,,,,,2026,7,Barcelona Grand Prix,1,0,0,10.6,11.8,3.0,0.0,4.8,
10,P GASLY,,GAS,Alpine,14.0,7.0,6.0,Lapped,,,,,2026,7,Barcelona Grand Prix,1,0,0,9.0,9.2,6.6,0.2,4.8,
6,I HADJAR,,HAD,Red Bull Racing,6.0,6.0,8.0,Lapped,,,,,2026,7,Barcelona Grand Prix,1,0,0,10.2,10.2,5.2,0.2,5.5,
44,L HAMILTON,,HAM,Ferrari,2.0,1.0,25.0,Finished,,,,,2026,7,Barcelona Grand Prix,1,1,1,3.8,4.6,13.4,0.0,11.0,
27,N HULKENBERG,,HUL,Audi,9.0,20.0,0.0,Retired,,,,,2026,7,Barcelona Grand Prix,0,0,0,13.2,11.6,0.0,0.2,0.0,
30,L LAWSON,,LAW,Racing Bulls,8.0,8.0,4.0,Lapped,,,,,2026,7,Barcelona Grand Prix,1,0,0,9.8,12.2,4.4,0.2,2.8,
16,C LECLERC,,LEC,Ferrari,10.0,15.0,0.0,Retired,,,,,2026,7,Barcelona Grand Prix,0,0,0,7.2,4.6,8.6,0.2,12.0,
41,A LINDBLAD,,LIN,Racing Bulls,11.0,9.0,2.0,Lapped,,,,,2026,7,Barcelona Grand Prix,1,0,0,13.8,13.0,1.2,0.2,2.6,
1,L NORRIS,,NOR,McLaren,4.0,3.0,15.0,Finished,,,,,2026,7,Barcelona Grand Prix,1,1,0,12.8,5.2,5.6,0.6,7.1,
31,E OCON,,OCO,Haas F1 Team,17.0,13.0,0.0,Lapped,,,,,2026,7,Barcelona Grand Prix,1,0,0,12.0,14.6,0.6,0.0,0.4,
11,S PEREZ,,PER,Cadillac,19.0,14.0,0.0,Lapped,,,,,2026,7,Barcelona Grand Prix,1,0,0,16.0,19.6,0.0,0.2,0.0,
81,O PIASTRI,,PIA,McLaren,7.0,5.0,10.0,Finished,,,,,2026,7,Barcelona Grand Prix,1,0,0,8.0,5.2,8.6,0.2,8.6,
63,G RUSSELL,,RUS,Mercedes,1.0,2.0,18.0,Finished,,,,,2026,7,Barcelona Grand Prix,1,1,0,8.2,3.2,8.4,0.2,14.2,
55,C SAINZ,,SAI,Williams,16.0,12.0,0.0,Lapped,,,,,2026,7,Barcelona Grand Prix,1,0,0,11.6,14.6,1.2,0.2,1.1,
18,L STROLL,,STR,Aston Martin,21.0,22.0,0.0,Retired,,,,,2026,7,Barcelona Grand Prix,0,0,0,17.8,20.8,0.0,0.6,0.1,
3,M VERSTAPPEN,,VER,Red Bull Racing,5.0,4.0,12.0,Finished,,,,,2026,7,Barcelona Grand Prix,1,0,0,10.8,5.8,5.8,0.4,5.9,
23,A ALBON,,ALB,Williams,18.0,17.0,0.0,Lapped,,,,,2026,8,Austrian Grand Prix,1,0,0,15.4,15.8,1.0,0.2,0.9,12.666666666666666
14,F ALONSO,,ALO,Aston Martin,21.0,18.0,0.0,Lapped,,,,,2026,8,Austrian Grand Prix,1,0,0,16.4,20.0,0.2,0.4,0.1,10.75
12,K ANTONELLI,,ANT,Mercedes,4.0,3.0,15.0,Finished,,,,,2026,8,Austrian Grand Prix,1,1,0,4.0,1.6,20.0,0.2,14.2,
87,O BEARMAN,,BEA,Haas F1 Team,13.0,14.0,0.0,Lapped,,,,,2026,8,Austrian Grand Prix,1,0,0,16.0,16.0,0.2,0.6,0.4,
5,G BORTOLETO,,BOR,Audi,12.0,11.0,0.0,Lapped,,,,,2026,8,Austrian Grand Prix,1,0,0,12.0,14.2,0.0,0.0,0.0,
77,V BOTTAS,,BOT,Cadillac,20.0,22.0,0.0,Retired,,,,,2026,8,Austrian Grand Prix,0,0,0,19.0,20.0,0.0,0.4,0.0,11.0
43,F COLAPINTO,,COL,Alpine,16.0,15.0,0.0,Lapped,,,,,2026,8,Austrian Grand Prix,1,0,0,10.6,12.0,3.0,0.0,4.6,
10,P GASLY,,GAS,Alpine,11.0,13.0,0.0,Lapped,,,,,2026,8,Austrian Grand Prix,1,0,0,9.2,10.6,6.2,0.2,4.6,11.0
6,I HADJAR,,HAD,Red Bull Racing,8.0,6.0,8.0,Finished,,,,,2026,8,Austrian Grand Prix,1,0,0,9.8,9.6,6.0,0.2,7.1,
44,L HAMILTON,,HAM,Ferrari,3.0,5.0,10.0,Finished,,,,,2026,8,Austrian Grand Prix,1,0,0,3.4,4.4,15.4,0.0,10.8,4.75
27,N HULKENBERG,,HUL,Audi,14.0,12.0,0.0,Lapped,,,,,2026,8,Austrian Grand Prix,1,0,0,15.0,11.2,0.0,0.4,0.0,13.0
30,L LAWSON,,LAW,Racing Bulls,9.0,9.0,2.0,Lapped,,,,,2026,8,Austrian Grand Prix,1,0,0,10.0,11.0,4.0,0.2,2.8,
16,C LECLERC,,LEC,Ferrari,2.0,8.0,4.0,Finished,,,,,2026,8,Austrian Grand Prix,1,0,0,9.4,5.8,6.2,0.4,11.0,5.5
41,A LINDBLAD,,LIN,Racing Bulls,10.0,10.0,1.0,Lapped,,,,,2026,8,Austrian Grand Prix,1,0,0,13.2,12.2,1.6,0.2,2.8,
1,L NORRIS,,NOR,McLaren,6.0,7.0,6.0,Finished,,,,,2026,8,Austrian Grand Prix,1,0,0,9.4,4.8,8.6,0.4,9.6,8.5
31,E OCON,,OCO,Haas F1 Team,15.0,16.0,0.0,Lapped,,,,,2026,8,Austrian Grand Prix,1,0,0,11.8,15.4,0.6,0.0,0.4,12.75
11,S PEREZ,,PER,Cadillac,19.0,21.0,0.0,Retired,,,,,2026,8,Austrian Grand Prix,0,0,0,15.8,19.2,0.0,0.2,0.0,9.0
81,O PIASTRI,,PIA,McLaren,7.0,4.0,12.0,Finished,,,,,2026,8,Austrian Grand Prix,1,0,0,5.2,5.6,10.6,0.0,9.2,9.0
63,G RUSSELL,,RUS,Mercedes,1.0,1.0,25.0,Finished,,,,,2026,8,Austrian Grand Prix,1,1,1,8.2,3.0,8.4,0.2,13.2,5.75
55,C SAINZ,,SAI,Williams,17.0,20.0,0.0,Retired,,,,,2026,8,Austrian Grand Prix,0,0,0,12.2,14.4,0.8,0.2,0.9,8.0
18,L STROLL,,STR,Aston Martin,22.0,19.0,0.0,Retired,,,,,2026,8,Austrian Grand Prix,0,0,0,18.6,21.0,0.0,0.6,0.1,12.0
3,M VERSTAPPEN,,VER,Red Bull Racing,5.0,2.0,18.0,Finished,,,,,2026,8,Austrian Grand Prix,1,1,0,8.4,5.2,8.2,0.2,7.9,2.25
23,A ALBON,,ALB,Williams,16.0,21.0,0.0,Retired,,,,,2026,9,British Grand Prix,0,0,0,14.8,16.0,1.0,0.2,0.9,11.25
14,F ALONSO,,ALO,Aston Martin,21.0,18.0,0.0,Lapped,,,,,2026,9,British Grand Prix,1,0,0,16.4,20.0,0.2,0.4,0.1,7.2
12,K ANTONELLI,,ANT,Mercedes,1.0,15.0,0.0,Finished,,,,,2026,9,British Grand Prix,1,0,0,4.4,2.2,18.0,0.2,14.5,16.0
87,O BEARMAN,,BEA,Haas F1 Team,13.0,12.0,0.0,Finished,,,,,2026,9,British Grand Prix,1,0,0,14.4,15.0,0.2,0.4,0.3,11.0
5,G BORTOLETO,,BOR,Audi,11.0,8.0,4.0,Finished,,,,,2026,9,British Grand Prix,1,0,0,11.6,14.8,0.0,0.0,0.0,18.0
77,V BOTTAS,,BOT,Cadillac,18.0,16.0,0.0,Finished,,,,,2026,9,British Grand Prix,1,0,0,19.6,20.0,0.0,0.6,0.0,11.75
43,F COLAPINTO,,COL,Alpine,19.0,9.0,2.0,Finished,,,,,2026,9,British Grand Prix,1,0,0,10.4,12.2,3.0,0.0,4.0,20.0
10,P GASLY,,GAS,Alpine,15.0,10.0,1.0,Finished,,,,,2026,9,British Grand Prix,1,0,0,10.4,11.4,5.0,0.2,3.6,14.2
6,I HADJAR,,HAD,Red Bull Racing,5.0,5.0,10.0,Finished,,,,,2026,9,British Grand Prix,1,0,0,8.6,9.6,7.6,0.2,9.3,17.0
44,L HAMILTON,,HAM,Ferrari,3.0,3.0,15.0,Finished,,,,,2026,9,British Grand Prix,1,1,0,3.2,3.8,15.8,0.0,9.9,2.4
27,N HULKENBERG,,HUL,Audi,12.0,22.0,0.0,Retired,,,,,2026,9,British Grand Prix,0,0,0,15.2,11.4,0.0,0.4,0.4,7.333333333333333
30,L LAWSON,,LAW,Racing Bulls,10.0,6.0,8.0,Finished,,,,,2026,9,British Grand Prix,1,0,0,10.0,10.0,4.0,0.2,2.9,19.0
16,C LECLERC,,LEC,Ferrari,2.0,1.0,25.0,Finished,,,,,2026,9,British Grand Prix,1,1,1,10.4,5.4,4.0,0.4,10.6,8.6
41,A LINDBLAD,,LIN,Racing Bulls,9.0,7.0,6.0,Finished,,,,,2026,9,British Grand Prix,1,0,0,12.4,12.2,1.8,0.2,3.7,
1,L NORRIS,,NOR,McLaren,6.0,4.0,12.0,Finished,,,,,2026,9,British Grand Prix,1,0,0,9.8,5.0,7.8,0.4,8.6,3.2
31,E OCON,,OCO,Haas F1 Team,17.0,13.0,0.0,Finished,,,,,2026,9,British Grand Prix,1,0,0,13.0,16.0,0.4,0.0,0.3,14.6
11,S PEREZ,,PER,Cadillac,20.0,14.0,0.0,Finished,,,,,2026,9,British Grand Prix,1,0,0,16.6,19.2,0.0,0.4,0.0,10.25
81,O PIASTRI,,PIA,McLaren,8.0,11.0,0.0,Finished,,,,,2026,9,British Grand Prix,1,0,0,5.6,6.4,9.4,0.0,8.0,3.3333333333333335
63,G RUSSELL,,RUS,Mercedes,4.0,2.0,18.0,Finished,,,,,2026,9,British Grand Prix,1,1,0,7.6,2.8,11.0,0.2,12.0,12.8
55,C SAINZ,,SAI,Williams,14.0,17.0,0.0,Lapped,,,,,2026,9,British Grand Prix,1,0,0,13.2,14.6,0.8,0.4,0.8,6.8
18,L STROLL,,STR,Aston Martin,22.0,19.0,0.0,Lapped,,,,,2026,9,British Grand Prix,1,0,0,18.2,21.0,0.0,0.6,0.1,9.4
3,M VERSTAPPEN,,VER,Red Bull Racing,7.0,20.0,0.0,Retired,,,,,2026,9,British Grand Prix,0,0,0,7.2,4.0,11.0,0.2,10.3,7.0
23,A ALBON,,ALB,Williams,15.0,15.0,0.0,Finished,,,,,2026,10,Belgian Grand Prix,1,0,0,17.0,16.2,0.8,0.4,0.6,12.0
14,F ALONSO,,ALO,Aston Martin,22.0,19.0,0.0,Lapped,,,,,2026,10,Belgian Grand Prix,1,0,0,17.0,20.8,0.2,0.4,0.1,7.25
12,K ANTONELLI,,ANT,Mercedes,1.0,1.0,25.0,Finished,,,,,2026,10,Belgian Grand Prix,1,1,1,7.2,2.2,13.0,0.2,12.6,
87,O BEARMAN,,BEA,Haas F1 Team,14.0,14.0,0.0,Finished,,,,,2026,10,Belgian Grand Prix,1,0,0,14.6,15.2,0.2,0.4,0.3,
5,G BORTOLETO,,BOR,Audi,8.0,8.0,4.0,Finished,,,,,2026,10,Belgian Grand Prix,1,0,0,10.8,12.8,0.8,0.0,0.4,
77,V BOTTAS,,BOT,Cadillac,17.0,18.0,0.0,Lapped,,,,,2026,10,Belgian Grand Prix,1,0,0,19.2,19.8,0.0,0.6,0.0,14.5
43,F COLAPINTO,,COL,Alpine,11.0,10.0,1.0,Finished,,,,,2026,10,Belgian Grand Prix,1,0,0,10.8,14.4,2.2,0.0,3.7,
10,P GASLY,,GAS,Alpine,10.0,11.0,0.0,Finished,,,,,2026,10,Belgian Grand Prix,1,0,0,8.2,12.6,5.2,0.0,3.0,9.75
6,I HADJAR,,HAD,Red Bull Racing,21.0,6.0,8.0,Finished,,,,,2026,10,Belgian Grand Prix,1,0,0,5.2,6.2,9.6,0.0,9.3,
44,L HAMILTON,,HAM,Ferrari,5.0,4.0,12.0,Finished,,,,,2026,10,Belgian Grand Prix,1,0,0,2.6,3.2,17.2,0.0,12.7,7.0
27,N HULKENBERG,,HUL,Audi,12.0,13.0,0.0,Finished,,,,,2026,10,Belgian Grand Prix,1,0,0,15.8,11.8,0.0,0.4,0.8,18.0
30,L LAWSON,,LAW,Racing Bulls,9.0,12.0,0.0,Finished,,,,,2026,10,Belgian Grand Prix,1,0,0,7.2,9.8,5.6,0.0,4.3,
16,C LECLERC,,LEC,Ferrari,4.0,2.0,18.0,Finished,,,,,2026,10,Belgian Grand Prix,1,1,0,9.0,5.2,8.2,0.4,12.1,5.0
41,A LINDBLAD,,LIN,Racing Bulls,7.0,9.0,2.0,Finished,,,,,2026,10,Belgian Grand Prix,1,0,0,11.0,10.8,3.0,0.2,3.7,
1,L NORRIS,,NOR,McLaren,13.0,7.0,6.0,Finished,,,,,2026,10,Belgian Grand Prix,1,0,0,10.2,5.4,6.6,0.4,6.5,9.5
31,E OCON,,OCO,Haas F1 Team,16.0,17.0,0.0,Finished,,,,,2026,10,Belgian Grand Prix,1,0,0,13.0,16.6,0.4,0.0,0.2,7.75
11,S PEREZ,,PER,Cadillac,18.0,21.0,0.0,Retired,,,,,2026,10,Belgian Grand Prix,0,0,0,16.2,19.2,0.0,0.4,0.0,7.5
81,O PIASTRI,,PIA,McLaren,6.0,5.0,10.0,Finished,,,,,2026,10,Belgian Grand Prix,1,0,0,7.2,6.6,6.4,0.0,7.1,11.0
63,G RUSSELL,,RUS,Mercedes,3.0,22.0,0.0,Retired,,,,,2026,10,Belgian Grand Prix,0,0,0,7.2,2.6,12.2,0.2,12.6,8.0
55,C SAINZ,,SAI,Williams,19.0,16.0,0.0,Finished,,,,,2026,10,Belgian Grand Prix,1,0,0,14.8,14.8,0.4,0.4,0.6,9.5
18,L STROLL,,STR,Aston Martin,20.0,20.0,0.0,Retired,,,,,2026,10,Belgian Grand Prix,0,0,0,18.6,21.8,0.0,0.6,0.1,12.75
3,M VERSTAPPEN,,VER,Red Bull Racing,2.0,3.0,15.0,Finished,,,,,2026,10,Belgian Grand Prix,1,1,0,10.2,5.0,9.0,0.4,9.1,1.75
